Mkt Al,Op Al,Orig,Dest,Manu,Type,Aircraft Family,Aircraft Type,Equip,Flights,Seats,ASMs,Block Mins
G4,G4,ABE,BNA,Airbus,Narrow,A320,A320,320,8,"1,440","986,400",928
G4,G4,ABE,DEN,Airbus,Narrow,A320,A320,320,9,"1,620","2,493,180","2,178"
G4,G4,ABE,FLL,Airbus,Narrow,A320,A320,320,9,"1,620","1,686,420","1,487"
G4,G4,ABE,MCO,Airbus,Narrow,A320,A320,320,11,"1,980","1,793,880","1,672"
G4,G4,ABE,MLB,Airbus,Narrow,A320,A320,320,9,"1,620","1,480,680","1,293"
G4,G4,ABE,MYR,Airbus,Narrow,A320,A320,320,29,"5,220","2,703,960","2,870"
G4,G4,ABE,PGD,Airbus,Narrow,A320,A319,319,1,156,"158,808",162
G4,G4,ABE,PGD,Airbus,Narrow,A320,A320,320,22,"3,960","4,031,280","3,564"
G4,G4,ABE,PIE,Airbus,Narrow,A320,A320,320,23,"4,140","4,015,800","3,519"
G4,G4,ABE,PIE,Boeing,Narrow,B737 Misc,B737-Max 8 Passenger,7M8,3,570,"552,900",464
G4,G4,ABE,RSW,Airbus,Narrow,A320,A320,320,8,"1,440","1,494,720","1,392"
G4,G4,ABE,SFB,Airbus,Narrow,A320,A319,319,6,936,"825,552",840
G4,G4,ABE,SFB,Airbus,Narrow,A320,A320,320,43,"7,740","6,826,680","6,030"
G4,G4,ABE,SFB,Boeing,Narrow,B737 Misc,B737-Max 8 Passenger,7M8,8,"1,520","1,340,640","1,125"
G4,G4,ABE,SRQ,Airbus,Narrow,A320,A320,320,8,"1,440","1,440,000","1,272"
G4,G4,ACY,FLL,Boeing,Narrow,B737 Misc,B737-Max 8 Passenger,7M8,25,"4,750","4,640,750","3,900"
G4,G4,ACY,MYR,Boeing,Narrow,B737 Misc,B737-Max 8 Passenger,7M8,12,"2,280","1,062,480","1,020"
G4,G4,ACY,PIE,Airbus,Narrow,A320,A319,319,2,312,"287,352",324
G4,G4,ACY,PIE,Airbus,Narrow,A320,A320,320,2,360,"331,560",324
G4,G4,ACY,PIE,Boeing,Narrow,B737 Misc,B737-Max 8 Passenger,7M8,5,950,"874,950",808
G4,G4,ACY,SFB,Boeing,Narrow,B737 Misc,B737-Max 8 Passenger,7M8,8,"1,520","1,260,080","1,184"
G4,G4,ALB,BNA,Airbus,Narrow,A320,A319,319,9,"1,404","1,158,300","1,251"
G4,G4,ALB,FLL,Boeing,Narrow,B737 Misc,B737-Max 8 Passenger,7M8,9,"1,710","2,058,840","1,782"
G4,G4,ALB,MYR,Airbus,Narrow,A320,A320,320,11,"1,980","1,354,320","1,453"
G4,G4,ALB,PGD,Airbus,Narrow,A320,A319,319,2,312,"369,720",376
G4,G4,ALB,PGD,Airbus,Narrow,A320,A320,320,14,"2,520","2,986,200","2,632"
G4,G4,ALB,PIE,Airbus,Narrow,A320,A319,319,7,"1,092","1,241,604","1,264"
G4,G4,ALB,PIE,Airbus,Narrow,A320,A320,320,2,360,"409,320",360
G4,G4,ALB,PIE,Boeing,Narrow,B737 Misc,B737-Max 8 Passenger,7M8,2,380,"432,060",360
G4,G4,ALB,SFB,Boeing,Narrow,B737 Misc,B737-Max 8 Passenger,7M8,8,"1,520","1,594,480","1,376"
G4,G4,ALB,SRQ,Airbus,Narrow,A320,A320,320,8,"1,440","1,680,480","1,544"
G4,G4,ATW,AZA,Airbus,Narrow,A320,A320,320,17,"3,060","4,443,120","3,717"
G4,G4,ATW,BNA,Airbus,Narrow,A320,A319,319,9,"1,404","798,876",905
G4,G4,ATW,DEN,Airbus,Narrow,A320,A320,320,9,"1,620","1,428,840","1,447"
G4,G4,ATW,EWR,Airbus,Narrow,A320,A320,320,6,"1,080","833,760",750
G4,G4,ATW,FLL,Boeing,Narrow,B737 Misc,B737-Max 8 Passenger,7M8,9,"1,710","2,287,980","1,836"
G4,G4,ATW,GUF,Airbus,Narrow,A320,A320,320,8,"1,440","1,401,120","1,280"
G4,G4,ATW,LAS,Airbus,Narrow,A320,A320,320,17,"3,060","4,620,600","3,944"
G4,G4,ATW,MCO,Airbus,Narrow,A320,A320,320,8,"1,440","1,671,840","1,448"
G4,G4,ATW,PDX,Airbus,Narrow,A320,A320,320,9,"1,620","2,692,440","2,283"
G4,G4,ATW,PGD,Airbus,Narrow,A320,A320,320,13,"2,340","2,925,000","2,383"
G4,G4,ATW,PIE,Airbus,Narrow,A320,A320,320,3,540,"632,880",522
G4,G4,ATW,PIE,Boeing,Narrow,B737 Misc,B737-Max 8 Passenger,7M8,14,"2,660","3,117,520","2,433"
G4,G4,ATW,SAV,Airbus,Narrow,A320,A320,320,4,720,"666,720",556
G4,G4,ATW,SFB,Airbus,Narrow,A320,A320,320,15,"2,700","3,080,700","2,524"
G4,G4,ATW,SFB,Boeing,Narrow,B737 Misc,B737-Max 8 Passenger,7M8,2,380,"433,580",336
G4,G4,ATW,SNA,Airbus,Narrow,A320,A320,320,8,"1,440","2,488,320","2,200"
G4,G4,AUS,AVL,Airbus,Narrow,A320,A320,320,9,"1,620","1,539,000","1,310"
G4,G4,AUS,CVG,Airbus,Narrow,A320,A320,320,9,"1,620","1,551,960","1,374"
G4,G4,AUS,DSM,Airbus,Narrow,A320,A320,320,8,"1,440","1,170,720","1,040"
G4,G4,AUS,GRR,Airbus,Narrow,A320,A320,320,8,"1,440","1,588,320","1,312"
G4,G4,AUS,IAD,Airbus,Narrow,A320,A320,320,9,"1,620","2,101,140","1,748"
G4,G4,AUS,LAS,Airbus,Narrow,A320,A319,319,8,"1,248","1,360,320","1,368"
G4,G4,AUS,PIT,Airbus,Narrow,A320,A320,320,9,"1,620","1,960,200","1,599"
G4,G4,AUS,PVU,Airbus,Narrow,A320,A320,320,9,"1,620","1,702,620","1,494"
G4,G4,AUS,SFB,Boeing,Narrow,B737 Misc,B737-Max 8 Passenger,7M8,8,"1,520","1,510,880","1,232"
G4,G4,AUS,SRQ,Airbus,Narrow,A320,A320,320,9,"1,620","1,516,320","1,336"
G4,G4,AUS,TYS,Airbus,Narrow,A320,A320,320,9,"1,620","1,428,840","1,259"
G4,G4,AVL,AUS,Airbus,Narrow,A320,A320,320,9,"1,620","1,539,000","1,363"
G4,G4,AVL,BOS,Airbus,Narrow,A320,A320,320,16,"2,880","2,255,040","2,125"
G4,G4,AVL,DEN,Airbus,Narrow,A320,A320,320,12,"2,160","2,695,680","2,445"
G4,G4,AVL,EWR,Airbus,Narrow,A320,A320,320,10,"1,800","1,049,400","1,100"
G4,G4,AVL,EYW,Airbus,Narrow,A320,A320,320,8,"1,440","1,081,440","1,008"
G4,G4,AVL,FLL,Airbus,Narrow,A320,A320,320,51,"9,180","6,058,800","5,918"
G4,G4,AVL,FLL,Boeing,Narrow,B737 Misc,B737-Max 8 Passenger,7M8,14,"2,660","1,755,600","1,628"
G4,G4,AVL,HOU,Airbus,Narrow,A320,A320,320,8,"1,440","1,213,920","1,104"
G4,G4,AVL,IAD,Airbus,Narrow,A320,A320,320,9,"1,620","599,400",749
G4,G4,AVL,LAS,Airbus,Narrow,A320,A319,319,8,"1,248","2,277,600","2,048"
G4,G4,AVL,MCO,Airbus,Narrow,A320,A320,320,12,"2,160","1,054,080","1,117"
G4,G4,AVL,MCO,Boeing,Narrow,B737 Misc,B737-Max 8 Passenger,7M8,1,190,"92,720",93
G4,G4,AVL,MDW,Airbus,Narrow,A320,A320,320,9,"1,620","844,020",933
G4,G4,AVL,PBI,Airbus,Narrow,A320,A320,320,15,"2,700","1,674,000","1,605"
G4,G4,AVL,PBI,Boeing,Narrow,B737 Misc,B737-Max 8 Passenger,7M8,1,190,"117,800",107
G4,G4,AVL,PGD,Airbus,Narrow,A320,A320,320,22,"3,960","2,328,480","2,314"
G4,G4,AVL,PGD,Boeing,Narrow,B737 Misc,B737-Max 8 Passenger,7M8,2,380,"223,440",210
G4,G4,AVL,PIE,Airbus,Narrow,A320,A319,319,2,312,"161,616",194
G4,G4,AVL,PIE,Airbus,Narrow,A320,A320,320,43,"7,740","4,009,320","4,171"
G4,G4,AVL,PIE,Boeing,Narrow,B737 Misc,B737-Max 8 Passenger,7M8,6,"1,140","590,520",582
G4,G4,AVL,SFB,Airbus,Narrow,A320,A319,319,1,156,"72,540",89
G4,G4,AVL,SFB,Airbus,Narrow,A320,A320,320,36,"6,480","3,013,200","3,203"
G4,G4,AVL,SFB,Boeing,Narrow,B737 Misc,B737-Max 8 Passenger,7M8,1,190,"88,350",88
G4,G4,AVL,SRQ,Airbus,Narrow,A320,A320,320,8,"1,440","797,760",800
G4,G4,AVL,VPS,Airbus,Narrow,A320,A320,320,6,"1,080","444,960",528
G4,G4,AZA,ATW,Airbus,Narrow,A320,A320,320,17,"3,060","4,443,120","3,318"
G4,G4,AZA,BIL,Airbus,Narrow,A320,A320,320,17,"3,060","2,686,680","2,319"
G4,G4,AZA,BIS,Airbus,Narrow,A320,A320,320,13,"2,340","2,555,280","2,022"
G4,G4,AZA,BLI,Airbus,Narrow,A320,A319,319,13,"2,028","2,449,824","2,419"
G4,G4,AZA,BZN,Airbus,Narrow,A320,A320,320,15,"2,700","2,324,700","2,014"
G4,G4,AZA,CID,Airbus,Narrow,A320,A320,320,12,"2,160","2,678,400","2,052"
G4,G4,AZA,CVG,Airbus,Narrow,A320,A320,320,8,"1,440","2,236,320","1,672"
G4,G4,AZA,DSM,Airbus,Narrow,A320,A320,320,13,"2,340","2,662,920","2,087"
G4,G4,AZA,EUG,Airbus,Narrow,A320,A320,320,11,"1,980","1,922,580","1,677"
G4,G4,AZA,FAR,Airbus,Narrow,A320,A320,320,25,"4,500","5,490,000","4,329"
G4,G4,AZA,FCA,Airbus,Narrow,A320,A320,320,12,"2,160","2,255,040","1,875"
G4,G4,AZA,FNT,Airbus,Narrow,A320,A320,320,8,"1,440","2,376,000","1,712"
G4,G4,AZA,FSD,Airbus,Narrow,A320,A320,320,25,"4,500","4,824,000","3,905"
G4,G4,AZA,FWA,Airbus,Narrow,A320,A320,320,8,"1,440","2,227,680","1,664"
G4,G4,AZA,GEG,Airbus,Narrow,A320,A320,320,9,"1,620","1,675,080","1,418"
G4,G4,AZA,GRI,Airbus,Narrow,A320,A320,320,11,"1,980","1,791,900","1,502"
G4,G4,AZA,GRR,Airbus,Narrow,A320,A320,320,19,"3,420","5,338,620","3,957"
G4,G4,AZA,GTF,Airbus,Narrow,A320,A320,320,8,"1,440","1,408,320","1,160"
G4,G4,AZA,ICT,Airbus,Narrow,A320,A320,320,8,"1,440","1,231,200","1,040"
G4,G4,AZA,IDA,Airbus,Narrow,A320,A320,320,20,"3,600","2,534,400","2,298"
G4,G4,AZA,LSE,Airbus,Narrow,A320,A320,320,9,"1,620","2,135,160","1,647"
G4,G4,AZA,MLI,Airbus,Narrow,A320,A320,320,8,"1,440","1,854,720","1,416"
G4,G4,AZA,MOT,Airbus,Narrow,A320,A320,320,9,"1,620","1,885,680","1,542"
G4,G4,AZA,MSO,Airbus,Narrow,A320,A320,320,12,"2,160","2,047,680","1,740"
G4,G4,AZA,OMA,Airbus,Narrow,A320,A320,320,8,"1,440","1,477,440","1,200"
G4,G4,AZA,PDX,Airbus,Narrow,A320,A320,320,8,"1,440","1,480,320","1,328"
G4,G4,AZA,PIA,Airbus,Narrow,A320,A320,320,17,"3,060","4,014,720","3,022"
G4,G4,AZA,PSC,Airbus,Narrow,A320,A320,320,11,"1,980","1,934,460","1,683"
G4,G4,AZA,PVU,Airbus,Narrow,A320,A320,320,57,"10,260","4,894,020","5,139"
G4,G4,AZA,RAP,Airbus,Narrow,A320,A320,320,18,"3,240","2,828,520","2,412"
G4,G4,AZA,RFD,Airbus,Narrow,A320,A320,320,17,"3,060","4,201,380","3,210"
G4,G4,AZA,SBN,Airbus,Narrow,A320,A320,320,13,"2,340","3,512,340","2,639"
G4,G4,AZA,SGF,Airbus,Narrow,A320,A320,320,21,"3,780","4,029,480","3,170"
G4,G4,AZA,SNA,Airbus,Narrow,A320,A320,320,8,"1,440","518,400",704
G4,G4,AZA,STC,Airbus,Narrow,A320,A320,320,8,"1,440","1,808,640","1,400"
G4,G4,AZA,TVC,Airbus,Narrow,A320,A320,320,5,900,"1,439,100","1,065"
G4,G4,BGR,PIE,Airbus,Narrow,A320,A319,319,4,624,"869,232",844
G4,G4,BGR,PIE,Airbus,Narrow,A320,A320,320,9,"1,620","2,256,660","1,919"
G4,G4,BGR,PIE,Boeing,Narrow,B737 Misc,B737-Max 8 Passenger,7M8,4,760,"1,058,680",844
G4,G4,BGR,SFB,Airbus,Narrow,A320,A319,319,6,936,"1,215,864","1,176"
G4,G4,BGR,SFB,Airbus,Narrow,A320,A320,320,7,"1,260","1,636,740","1,372"
G4,G4,BGR,SFB,Boeing,Narrow,B737 Misc,B737-Max 8 Passenger,7M8,10,"1,900","2,468,100","1,965"
G4,G4,BIL,AZA,Airbus,Narrow,A320,A320,320,17,"3,060","2,686,680","2,446"
G4,G4,BIL,LAS,Airbus,Narrow,A320,A319,319,9,"1,404","1,060,020","1,179"
G4,G4,BIS,AZA,Airbus,Narrow,A320,A320,320,13,"2,340","2,555,280","2,184"
G4,G4,BIS,LAS,Airbus,Narrow,A320,A319,319,7,"1,092","1,144,416","1,176"
G4,G4,BIS,LAS,Airbus,Narrow,A320,A320,320,1,180,"188,640",168
G4,G4,BLI,AZA,Airbus,Narrow,A320,A319,319,13,"2,028","2,449,824","2,346"
G4,G4,BLI,BUR,Airbus,Narrow,A320,A319,319,8,"1,248","1,285,440","1,328"
G4,G4,BLI,LAS,Airbus,Narrow,A320,A319,319,34,"5,304","5,060,016","5,198"
G4,G4,BLV,FLL,Boeing,Narrow,B737 Misc,B737-Max 8 Passenger,7M8,9,"1,710","1,757,880","1,412"
G4,G4,BLV,GUF,Airbus,Narrow,A320,A320,320,6,"1,080","639,360",660
G4,G4,BLV,GUF,Boeing,Narrow,B737 Misc,B737-Max 8 Passenger,7M8,7,"1,330","787,360",766
G4,G4,BLV,JAX,Airbus,Narrow,A320,A320,320,8,"1,440","1,042,560",928
G4,G4,BLV,LAS,Airbus,Narrow,A320,A319,319,8,"1,248","1,747,200","1,720"
G4,G4,BLV,MYR,Airbus,Narrow,A320,A320,320,12,"2,160","1,503,360","1,344"
G4,G4,BLV,PGD,Airbus,Narrow,A320,A319,319,3,468,"431,028",435
G4,G4,BLV,PGD,Airbus,Narrow,A320,A320,320,22,"3,960","3,647,160","3,185"
G4,G4,BLV,PIE,Airbus,Narrow,A320,A320,320,6,"1,080","908,280",780
G4,G4,BLV,PIE,Boeing,Narrow,B737 Misc,B737-Max 8 Passenger,7M8,11,"2,090","1,757,690","1,429"
G4,G4,BLV,SAV,Airbus,Narrow,A320,A319,319,1,156,"102,648",110
G4,G4,BLV,SAV,Airbus,Narrow,A320,A320,320,3,540,"355,320",330
G4,G4,BLV,SFB,Airbus,Narrow,A320,A319,319,13,"2,028","1,693,380","1,677"
G4,G4,BLV,SFB,Airbus,Narrow,A320,A320,320,6,"1,080","901,800",774
G4,G4,BLV,SFB,Boeing,Narrow,B737 Misc,B737-Max 8 Passenger,7M8,7,"1,330","1,110,550",915
G4,G4,BLV,SRQ,Airbus,Narrow,A320,A320,320,8,"1,440","1,262,880","1,048"
G4,G4,BLV,VPS,Airbus,Narrow,A320,A320,320,51,"9,180","5,388,660","5,205"
G4,G4,BMI,PIE,Airbus,Narrow,A320,A320,320,3,540,"505,440",425
G4,G4,BMI,PIE,Boeing,Narrow,B737 Misc,B737-Max 8 Passenger,7M8,6,"1,140","1,067,040",846
G4,G4,BMI,SFB,Airbus,Narrow,A320,A319,319,2,312,"286,104",282
G4,G4,BMI,SFB,Airbus,Narrow,A320,A320,320,3,540,"495,180",423
G4,G4,BMI,SFB,Boeing,Narrow,B737 Misc,B737-Max 8 Passenger,7M8,8,"1,520","1,393,840","1,127"
G4,G4,BNA,ABE,Airbus,Narrow,A320,A320,320,8,"1,440","986,400",920
G4,G4,BNA,ALB,Airbus,Narrow,A320,A319,319,9,"1,404","1,158,300","1,150"
G4,G4,BNA,ATW,Airbus,Narrow,A320,A319,319,9,"1,404","798,876",916
G4,G4,BNA,BZN,Airbus,Narrow,A320,A319,319,17,"2,652","3,805,620","3,754"
G4,G4,BNA,CAK,Airbus,Narrow,A320,A319,319,9,"1,404","610,740",807
G4,G4,BNA,CID,Airbus,Narrow,A320,A319,319,7,"1,092","524,160",663
G4,G4,BNA,CID,Airbus,Narrow,A320,A320,320,2,360,"172,800",190
G4,G4,BNA,DSM,Airbus,Narrow,A320,A319,319,3,468,"247,572",301
G4,G4,BNA,DSM,Airbus,Narrow,A320,A320,320,16,"2,880","1,523,520","1,600"
G4,G4,BNA,FAR,Airbus,Narrow,A320,A319,319,8,"1,248","1,135,680","1,208"
G4,G4,BNA,FLL,Boeing,Narrow,B737 Misc,B737-Max 8 Passenger,7M8,8,"1,520","1,205,360","1,064"
G4,G4,BNA,FNT,Airbus,Narrow,A320,A320,320,8,"1,440","715,680",744
G4,G4,BNA,FSD,Airbus,Narrow,A320,A319,319,9,"1,404","1,040,364","1,142"
G4,G4,BNA,GRR,Airbus,Narrow,A320,A319,319,2,312,"146,640",180
G4,G4,BNA,GRR,Airbus,Narrow,A320,A320,320,11,"1,980","930,600",989
G4,G4,BNA,GUF,Airbus,Narrow,A320,A319,319,8,"1,248","516,672",768
G4,G4,BNA,IAD,Airbus,Narrow,A320,A319,319,9,"1,404","760,968",900
G4,G4,BNA,IAD,Airbus,Narrow,A320,A320,320,2,360,"195,120",200
G4,G4,BNA,JAX,Airbus,Narrow,A320,A319,319,4,624,"302,016",368
G4,G4,BNA,MDT,Airbus,Narrow,A320,A319,319,9,"1,404","853,632",924
G4,G4,BNA,PGD,Airbus,Narrow,A320,A319,319,7,"1,092","755,664",845
G4,G4,BNA,PGD,Airbus,Narrow,A320,A320,320,2,360,"249,120",242
G4,G4,BNA,PIE,Airbus,Narrow,A320,A319,319,2,312,"190,944",210
G4,G4,BNA,PIE,Airbus,Narrow,A320,A320,320,3,540,"330,480",315
G4,G4,BNA,PIE,Boeing,Narrow,B737 Misc,B737-Max 8 Passenger,7M8,3,570,"348,840",315
G4,G4,BNA,PIT,Airbus,Narrow,A320,A320,320,8,"1,440","665,280",712
G4,G4,BNA,PVU,Airbus,Narrow,A320,A320,320,9,"1,620","2,246,940","1,908"
G4,G4,BNA,RFD,Airbus,Narrow,A320,A319,319,8,"1,248","546,624",712
G4,G4,BNA,RIC,Airbus,Narrow,A320,A319,319,6,936,"493,272",594
G4,G4,BNA,RIC,Airbus,Narrow,A320,A320,320,2,360,"189,720",198
G4,G4,BNA,SFB,Airbus,Narrow,A320,A319,319,7,"1,092","653,016",746
G4,G4,BNA,SFB,Airbus,Narrow,A320,A320,320,6,"1,080","645,840",642
G4,G4,BNA,SHV,Airbus,Narrow,A320,A319,319,6,936,"450,216",552
G4,G4,BNA,SHV,Boeing,Narrow,B737 Misc,B737-Max 8 Passenger,7M8,2,380,"182,780",184
G4,G4,BNA,SRQ,Airbus,Narrow,A320,A320,320,9,"1,620","1,051,380",988
G4,G4,BNA,SYR,Airbus,Narrow,A320,A319,319,10,"1,560","1,155,960","1,190"
G4,G4,BNA,XNA,Airbus,Narrow,A320,A319,319,7,"1,092","465,192",588
G4,G4,BNA,XNA,Boeing,Narrow,B737 Misc,B737-Max 8 Passenger,7M8,2,380,"161,880",166
G4,G4,BOI,SNA,Airbus,Narrow,A320,A320,320,12,"2,160","1,486,080","1,668"
G4,G4,BOS,AVL,Airbus,Narrow,A320,A320,320,16,"2,880","2,255,040","2,172"
G4,G4,BOS,DSM,Airbus,Narrow,A320,A320,320,8,"1,440","1,677,600","1,528"
G4,G4,BOS,GRR,Airbus,Narrow,A320,A320,320,8,"1,440","1,065,600","1,064"
G4,G4,BOS,IND,Airbus,Narrow,A320,A320,320,8,"1,440","1,176,480","1,172"
G4,G4,BOS,SRQ,Airbus,Narrow,A320,A320,320,9,"1,620","1,976,400","1,720"
G4,G4,BOS,TYS,Airbus,Narrow,A320,A320,320,14,"2,520","2,091,600","2,002"
G4,G4,BOS,VPS,Airbus,Narrow,A320,A320,320,4,720,"855,360",752
G4,G4,BUR,BLI,Airbus,Narrow,A320,A319,319,8,"1,248","1,285,440","1,320"
G4,G4,BUR,DSM,Airbus,Narrow,A320,A320,320,9,"1,620","2,326,320","1,806"
G4,G4,BUR,IND,Airbus,Narrow,A320,A320,320,9,"1,620","2,924,100","2,208"
G4,G4,BUR,PVU,Airbus,Narrow,A320,A320,320,8,"1,440","796,320",816
G4,G4,BZN,AZA,Airbus,Narrow,A320,A320,320,15,"2,700","2,324,700","2,099"
G4,G4,BZN,BNA,Airbus,Narrow,A320,A319,319,17,"2,652","3,805,620","3,336"
G4,G4,BZN,LAS,Airbus,Narrow,A320,A319,319,8,"1,248","874,848","1,008"
G4,G4,CAK,BNA,Airbus,Narrow,A320,A319,319,9,"1,404","610,740",804
G4,G4,CAK,FLL,Boeing,Narrow,B737 Misc,B737-Max 8 Passenger,7M8,8,"1,520","1,558,000","1,304"
G4,G4,CAK,JAX,Airbus,Narrow,A320,A320,320,17,"3,060","2,200,140","2,057"
G4,G4,CAK,MYR,Airbus,Narrow,A320,A319,319,15,"2,340","1,212,120","1,470"
G4,G4,CAK,PGD,Airbus,Narrow,A320,A319,319,9,"1,404","1,354,860","1,363"
G4,G4,CAK,PGD,Airbus,Narrow,A320,A320,320,8,"1,440","1,389,600","1,216"
G4,G4,CAK,PIE,Airbus,Narrow,A320,A319,319,14,"2,184","1,963,416","1,982"
G4,G4,CAK,PIE,Airbus,Narrow,A320,A320,320,6,"1,080","970,920",840
G4,G4,CAK,PIE,Boeing,Narrow,B737 Misc,B737-Max 8 Passenger,7M8,1,190,"170,810",140
G4,G4,CAK,SAV,Airbus,Narrow,A320,A319,319,24,"3,744","2,268,864","2,518"
G4,G4,CAK,SFB,Airbus,Narrow,A320,A319,319,8,"1,248","1,044,576","1,064"
G4,G4,CAK,SFB,Boeing,Narrow,B737 Misc,B737-Max 8 Passenger,7M8,8,"1,520","1,272,240","1,064"
G4,G4,CAK,SRQ,Airbus,Narrow,A320,A320,320,17,"3,060","2,858,040","2,431"
G4,G4,CAK,VPS,Airbus,Narrow,A320,A320,320,13,"2,340","1,808,820","1,723"
G4,G4,CHA,FLL,Boeing,Narrow,B737 Misc,B737-Max 8 Passenger,7M8,8,"1,520","1,044,240",976
G4,G4,CHA,PIE,Airbus,Narrow,A320,A319,319,2,312,"160,056",192
G4,G4,CHA,PIE,Airbus,Narrow,A320,A320,320,1,180,"92,340",96
G4,G4,CHA,PIE,Boeing,Narrow,B737 Misc,B737-Max 8 Passenger,7M8,10,"1,900","974,700",957
G4,G4,CHA,SFB,Airbus,Narrow,A320,A319,319,1,156,"76,440",95
G4,G4,CHA,SFB,Airbus,Narrow,A320,A320,320,1,180,"88,200",94
G4,G4,CHA,SFB,Boeing,Narrow,B737 Misc,B737-Max 8 Passenger,7M8,7,"1,330","651,700",665
G4,G4,CHS,CVG,Airbus,Narrow,A320,A320,320,12,"2,160","1,073,520","1,235"
G4,G4,CHS,IND,Airbus,Narrow,A320,A320,320,9,"1,620","947,700","1,048"
G4,G4,CID,AZA,Airbus,Narrow,A320,A320,320,12,"2,160","2,678,400","2,232"
G4,G4,CID,BNA,Airbus,Narrow,A320,A319,319,7,"1,092","524,160",617
G4,G4,CID,BNA,Airbus,Narrow,A320,A320,320,2,360,"172,800",176
G4,G4,CID,FLL,Boeing,Narrow,B737 Misc,B737-Max 8 Passenger,7M8,9,"1,710","2,176,830","1,691"
G4,G4,CID,LAS,Airbus,Narrow,A320,A319,319,9,"1,404","1,853,280","1,826"
G4,G4,CID,PGD,Airbus,Narrow,A320,A319,319,4,624,"729,456",688
G4,G4,CID,PGD,Airbus,Narrow,A320,A320,320,9,"1,620","1,893,780","1,549"
G4,G4,CID,PIE,Airbus,Narrow,A320,A319,319,4,624,"679,536",628
G4,G4,CID,PIE,Airbus,Narrow,A320,A320,320,4,720,"784,080",625
G4,G4,CID,PIE,Boeing,Narrow,B737 Misc,B737-Max 8 Passenger,7M8,9,"1,710","1,862,190","1,413"
G4,G4,CID,SFB,Airbus,Narrow,A320,A319,319,3,468,"504,504",471
G4,G4,CID,SFB,Airbus,Narrow,A320,A320,320,3,540,"582,120",471
G4,G4,CID,SFB,Boeing,Narrow,B737 Misc,B737-Max 8 Passenger,7M8,11,"2,090","2,253,020","1,727"
G4,G4,CKB,MYR,Airbus,Narrow,A320,A319,319,1,156,"61,464",78
G4,G4,CKB,MYR,Airbus,Narrow,A320,A320,320,4,720,"283,680",312
G4,G4,CKB,MYR,Boeing,Narrow,B737 Misc,B737-Max 8 Passenger,7M8,3,570,"224,580",234
G4,G4,CKB,PIE,Airbus,Narrow,A320,A319,319,7,"1,092","870,324",877
G4,G4,CKB,PIE,Airbus,Narrow,A320,A320,320,2,360,"286,920",250
G4,G4,CKB,SFB,Airbus,Narrow,A320,A319,319,1,156,"113,412",114
G4,G4,CKB,SFB,Airbus,Narrow,A320,A320,320,4,720,"523,440",456
G4,G4,CKB,SFB,Boeing,Narrow,B737 Misc,B737-Max 8 Passenger,7M8,3,570,"414,390",342
G4,G4,CKB,VPS,Airbus,Narrow,A320,A320,320,4,720,"506,880",472
G4,G4,COS,PIE,Boeing,Narrow,B737 Misc,B737-Max 8 Passenger,7M8,9,"1,710","2,518,830","1,863"
G4,G4,COS,SNA,Airbus,Narrow,A320,A320,320,9,"1,620","1,320,300","1,338"
G4,G4,COU,SFB,Airbus,Narrow,A320,A319,319,3,468,"437,580",441
G4,G4,COU,SFB,Airbus,Narrow,A320,A320,320,5,900,"841,500",735
G4,G4,COU,VPS,Airbus,Narrow,A320,A320,320,8,"1,440","948,960",920
G4,G4,CVG,AUS,Airbus,Narrow,A320,A320,320,9,"1,620","1,551,960","1,346"
G4,G4,CVG,AZA,Airbus,Narrow,A320,A320,320,8,"1,440","2,236,320","1,806"
G4,G4,CVG,CHS,Airbus,Narrow,A320,A320,320,12,"2,160","1,073,520","1,128"
G4,G4,CVG,DEN,Airbus,Narrow,A320,A320,320,8,"1,440","1,539,360","1,440"
G4,G4,CVG,EWR,Airbus,Narrow,A320,A320,320,9,"1,620","921,780",995
G4,G4,CVG,EYW,Airbus,Narrow,A320,A320,320,9,"1,620","1,641,060","1,384"
G4,G4,CVG,FLL,Airbus,Narrow,A320,A320,320,21,"3,780","3,519,180","3,131"
G4,G4,CVG,FLL,Boeing,Narrow,B737 Misc,B737-Max 8 Passenger,7M8,8,"1,520","1,415,120","1,192"
G4,G4,CVG,GUF,Airbus,Narrow,A320,A320,320,13,"2,340","1,483,560","1,419"
G4,G4,CVG,JAX,Airbus,Narrow,A320,A320,320,13,"2,340","1,436,760","1,394"
G4,G4,CVG,LAS,Airbus,Narrow,A320,A319,319,2,312,"523,848",502
G4,G4,CVG,LAS,Airbus,Narrow,A320,A320,320,8,"1,440","2,417,760","2,000"
G4,G4,CVG,MLB,Airbus,Narrow,A320,A320,320,9,"1,620","1,278,180","1,174"
G4,G4,CVG,MYR,Airbus,Narrow,A320,A320,320,25,"4,500","2,200,500","2,280"
G4,G4,CVG,PBI,Airbus,Narrow,A320,A320,320,8,"1,440","1,284,480","1,120"
G4,G4,CVG,PDX,Airbus,Narrow,A320,A320,320,8,"1,440","2,844,000","2,264"
G4,G4,CVG,PGD,Airbus,Narrow,A320,A320,320,43,"7,740","6,579,000","5,847"
G4,G4,CVG,PIE,Airbus,Narrow,A320,A319,319,1,156,"120,900",127
G4,G4,CVG,PIE,Airbus,Narrow,A320,A320,320,37,"6,660","5,161,500","4,699"
G4,G4,CVG,PIE,Boeing,Narrow,B737 Misc,B737-Max 8 Passenger,7M8,5,950,"736,250",635
G4,G4,CVG,SAV,Airbus,Narrow,A320,A319,319,13,"2,028","1,044,420","1,235"
G4,G4,CVG,SAV,Airbus,Narrow,A320,A320,320,12,"2,160","1,112,400","1,140"
G4,G4,CVG,SFB,Airbus,Narrow,A320,A319,319,4,624,"458,640",487
G4,G4,CVG,SFB,Airbus,Narrow,A320,A320,320,38,"6,840","5,027,400","4,635"
G4,G4,CVG,SNA,Airbus,Narrow,A320,A320,320,8,"1,440","2,704,320","2,152"
G4,G4,CVG,SRQ,Airbus,Narrow,A320,A320,320,29,"5,220","4,238,640","3,686"
G4,G4,CVG,VPS,Airbus,Narrow,A320,A320,320,51,"9,180","5,508,000","5,427"
G4,G4,DAY,MYR,Airbus,Narrow,A320,A319,319,4,624,"324,480",380
G4,G4,DAY,MYR,Airbus,Narrow,A320,A320,320,3,540,"280,800",285
G4,G4,DAY,MYR,Boeing,Narrow,B737 Misc,B737-Max 8 Passenger,7M8,2,380,"197,600",190
G4,G4,DAY,PGD,Airbus,Narrow,A320,A320,320,8,"1,440","1,301,760","1,148"
G4,G4,DAY,PIE,Airbus,Narrow,A320,A319,319,4,624,"518,544",520
G4,G4,DAY,PIE,Airbus,Narrow,A320,A320,320,3,540,"448,740",395
G4,G4,DAY,PIE,Boeing,Narrow,B737 Misc,B737-Max 8 Passenger,7M8,2,380,"315,780",260
G4,G4,DAY,SFB,Airbus,Narrow,A320,A319,319,4,624,"489,840",496
G4,G4,DAY,SFB,Airbus,Narrow,A320,A320,320,2,360,"282,600",248
G4,G4,DAY,SFB,Boeing,Narrow,B737 Misc,B737-Max 8 Passenger,7M8,2,380,"298,300",248
G4,G4,DEN,ABE,Airbus,Narrow,A320,A320,320,9,"1,620","2,493,180","1,858"
G4,G4,DEN,ATW,Airbus,Narrow,A320,A320,320,9,"1,620","1,428,840","1,215"
G4,G4,DEN,AVL,Airbus,Narrow,A320,A320,320,12,"2,160","2,695,680","2,170"
G4,G4,DEN,CVG,Airbus,Narrow,A320,A320,320,8,"1,440","1,539,360","1,328"
G4,G4,DEN,PIA,Airbus,Narrow,A320,A320,320,8,"1,440","1,141,920","1,008"
G4,G4,DEN,TYS,Airbus,Narrow,A320,A320,320,8,"1,440","1,673,280","1,336"
G4,G4,DEN,VPS,Airbus,Narrow,A320,A320,320,8,"1,440","1,742,400","1,440"
G4,G4,DSM,AUS,Airbus,Narrow,A320,A320,320,8,"1,440","1,170,720","1,000"
G4,G4,DSM,AZA,Airbus,Narrow,A320,A320,320,13,"2,340","2,662,920","2,304"
G4,G4,DSM,BNA,Airbus,Narrow,A320,A319,319,3,468,"247,572",282
G4,G4,DSM,BNA,Airbus,Narrow,A320,A320,320,16,"2,880","1,523,520","1,488"
G4,G4,DSM,BOS,Airbus,Narrow,A320,A320,320,8,"1,440","1,677,600","1,336"
G4,G4,DSM,BUR,Airbus,Narrow,A320,A320,320,9,"1,620","2,326,320","1,998"
G4,G4,DSM,EWR,Airbus,Narrow,A320,A320,320,9,"1,620","1,645,920","1,350"
G4,G4,DSM,FLL,Airbus,Narrow,A320,A320,320,3,540,"710,100",568
G4,G4,DSM,FLL,Boeing,Narrow,B737 Misc,B737-Max 8 Passenger,7M8,6,"1,140","1,499,100","1,134"
G4,G4,DSM,GUF,Airbus,Narrow,A320,A320,320,9,"1,620","1,383,480","1,332"
G4,G4,DSM,HOU,Airbus,Narrow,A320,A320,320,8,"1,440","1,188,000","1,120"
G4,G4,DSM,JAX,Airbus,Narrow,A320,A320,320,8,"1,440","1,458,720","1,192"
G4,G4,DSM,LAS,Airbus,Narrow,A320,A319,319,8,"1,248","1,517,568","1,520"
G4,G4,DSM,LAS,Airbus,Narrow,A320,A320,320,13,"2,340","2,845,440","2,472"
G4,G4,DSM,PDX,Airbus,Narrow,A320,A320,320,12,"2,160","3,177,360","2,676"
G4,G4,DSM,PGD,Airbus,Narrow,A320,A319,319,3,468,"564,408",527
G4,G4,DSM,PGD,Airbus,Narrow,A320,A320,320,10,"1,800","2,170,800","1,760"
G4,G4,DSM,PHL,Airbus,Narrow,A320,A320,320,8,"1,440","1,399,680","1,088"
G4,G4,DSM,PIE,Airbus,Narrow,A320,A320,320,17,"3,060","3,442,500","2,839"
G4,G4,DSM,PIE,Boeing,Narrow,B737 Misc,B737-Max 8 Passenger,7M8,2,380,"427,500",334
G4,G4,DSM,SFB,Airbus,Narrow,A320,A319,319,2,312,"350,376",336
G4,G4,DSM,SFB,Airbus,Narrow,A320,A320,320,6,"1,080","1,212,840","1,008"
G4,G4,DSM,SFB,Boeing,Narrow,B737 Misc,B737-Max 8 Passenger,7M8,11,"2,090","2,347,070","1,844"
G4,G4,DSM,SNA,Airbus,Narrow,A320,A320,320,10,"1,800","2,572,200","2,180"
G4,G4,DSM,SRQ,Airbus,Narrow,A320,A320,320,4,720,"835,200",656
G4,G4,DSM,VPS,Airbus,Narrow,A320,A320,320,8,"1,440","1,236,960","1,104"
G4,G4,ELM,MYR,Airbus,Narrow,A320,A320,320,9,"1,620","963,900","1,011"
G4,G4,ELM,PIE,Airbus,Narrow,A320,A320,320,4,720,"745,200",644
G4,G4,ELM,PIE,Boeing,Narrow,B737 Misc,B737-Max 8 Passenger,7M8,6,"1,140","1,179,900",964
G4,G4,ELM,SFB,Airbus,Narrow,A320,A319,319,1,156,"148,824",150
G4,G4,ELM,SFB,Airbus,Narrow,A320,A320,320,2,360,"343,440",290
G4,G4,ELM,SFB,Boeing,Narrow,B737 Misc,B737-Max 8 Passenger,7M8,7,"1,330","1,268,820","1,015"
G4,G4,EUG,AZA,Airbus,Narrow,A320,A320,320,11,"1,980","1,922,580","1,649"
G4,G4,EUG,LAS,Airbus,Narrow,A320,A319,319,8,"1,248","872,352",928
G4,G4,EUG,SNA,Airbus,Narrow,A320,A319,319,8,"1,248","968,448","1,064"
G4,G4,EVV,PIE,Airbus,Narrow,A320,A320,320,7,"1,260","947,520",847
G4,G4,EVV,PIE,Boeing,Narrow,B737 Misc,B737-Max 8 Passenger,7M8,1,190,"142,880",121
G4,G4,EVV,SFB,Airbus,Narrow,A320,A319,319,6,936,"687,024",702
G4,G4,EVV,SFB,Airbus,Narrow,A320,A320,320,4,720,"528,480",468
G4,G4,EVV,SFB,Boeing,Narrow,B737 Misc,B737-Max 8 Passenger,7M8,7,"1,330","976,220",817
G4,G4,EVV,VPS,Airbus,Narrow,A320,A320,320,9,"1,620","848,880",835
G4,G4,EWR,ATW,Airbus,Narrow,A320,A320,320,6,"1,080","833,760",840
G4,G4,EWR,AVL,Airbus,Narrow,A320,A320,320,10,"1,800","1,049,400","1,110"
G4,G4,EWR,CVG,Airbus,Narrow,A320,A320,320,9,"1,620","921,780","1,045"
G4,G4,EWR,DSM,Airbus,Narrow,A320,A320,320,9,"1,620","1,645,920","1,585"
G4,G4,EWR,GRR,Airbus,Narrow,A320,A320,320,4,720,"435,600",460
G4,G4,EWR,TYS,Airbus,Narrow,A320,A320,320,13,"2,340","1,476,540","1,506"
G4,G4,EWR,VPS,Airbus,Narrow,A320,A320,320,10,"1,800","1,778,400","1,648"
G4,G4,EYW,AVL,Airbus,Narrow,A320,A320,320,8,"1,440","1,081,440","1,016"
G4,G4,EYW,CVG,Airbus,Narrow,A320,A320,320,9,"1,620","1,641,060","1,465"
G4,G4,EYW,IND,Airbus,Narrow,A320,A320,320,8,"1,440","1,552,320","1,360"
G4,G4,EYW,LCK,Airbus,Narrow,A320,A319,319,8,"1,248","1,315,392","1,328"
G4,G4,EYW,PIE,Airbus,Narrow,A320,A319,319,23,"3,588","853,944","1,539"
G4,G4,EYW,PIE,Airbus,Narrow,A320,A320,320,2,360,"85,680",134
G4,G4,EYW,PIT,Airbus,Narrow,A320,A320,320,9,"1,620","1,785,240","1,520"
G4,G4,EYW,SFB,Airbus,Narrow,A320,A319,319,17,"2,652","774,384","1,236"
G4,G4,EYW,TYS,Airbus,Narrow,A320,A320,320,9,"1,620","1,274,940","1,215"
G4,G4,FAR,AZA,Airbus,Narrow,A320,A320,320,25,"4,500","5,490,000","4,702"
G4,G4,FAR,BNA,Airbus,Narrow,A320,A319,319,8,"1,248","1,135,680","1,056"
G4,G4,FAR,LAS,Airbus,Narrow,A320,A319,319,9,"1,404","1,691,820","1,723"
G4,G4,FAR,SFB,Boeing,Narrow,B737 Misc,B737-Max 8 Passenger,7M8,9,"1,710","2,576,970","1,871"
G4,G4,FAT,LAS,Airbus,Narrow,A320,A319,319,49,"7,644","1,972,152","3,671"
G4,G4,FAT,LAS,Airbus,Narrow,A320,A320,320,6,"1,080","278,640",448
G4,G4,FCA,AZA,Airbus,Narrow,A320,A320,320,12,"2,160","2,255,040","1,944"
G4,G4,FCA,LAS,Airbus,Narrow,A320,A319,319,9,"1,404","1,187,784","1,328"
G4,G4,FLL,ABE,Airbus,Narrow,A320,A320,320,9,"1,620","1,686,420","1,549"
G4,G4,FLL,ACY,Boeing,Narrow,B737 Misc,B737-Max 8 Passenger,7M8,25,"4,750","4,640,750","4,050"
G4,G4,FLL,ALB,Boeing,Narrow,B737 Misc,B737-Max 8 Passenger,7M8,9,"1,710","2,058,840","1,728"
G4,G4,FLL,ATW,Boeing,Narrow,B737 Misc,B737-Max 8 Passenger,7M8,9,"1,710","2,287,980","1,899"
G4,G4,FLL,AVL,Airbus,Narrow,A320,A320,320,51,"9,180","6,058,800","6,171"
G4,G4,FLL,AVL,Boeing,Narrow,B737 Misc,B737-Max 8 Passenger,7M8,14,"2,660","1,755,600","1,694"
G4,G4,FLL,BLV,Boeing,Narrow,B737 Misc,B737-Max 8 Passenger,7M8,9,"1,710","1,757,880","1,475"
G4,G4,FLL,BNA,Boeing,Narrow,B737 Misc,B737-Max 8 Passenger,7M8,8,"1,520","1,205,360","1,112"
G4,G4,FLL,CAK,Boeing,Narrow,B737 Misc,B737-Max 8 Passenger,7M8,8,"1,520","1,558,000","1,360"
G4,G4,FLL,CHA,Boeing,Narrow,B737 Misc,B737-Max 8 Passenger,7M8,8,"1,520","1,044,240","1,032"
G4,G4,FLL,CID,Boeing,Narrow,B737 Misc,B737-Max 8 Passenger,7M8,9,"1,710","2,176,830","1,762"
G4,G4,FLL,CVG,Airbus,Narrow,A320,A320,320,21,"3,780","3,519,180","3,274"
G4,G4,FLL,CVG,Boeing,Narrow,B737 Misc,B737-Max 8 Passenger,7M8,8,"1,520","1,415,120","1,248"
G4,G4,FLL,DSM,Airbus,Narrow,A320,A320,320,3,540,"710,100",609
G4,G4,FLL,DSM,Boeing,Narrow,B737 Misc,B737-Max 8 Passenger,7M8,6,"1,140","1,499,100","1,206"
G4,G4,FLL,FWA,Boeing,Narrow,B737 Misc,B737-Max 8 Passenger,7M8,8,"1,520","1,621,840","1,400"
G4,G4,FLL,GRR,Airbus,Narrow,A320,A320,320,6,"1,080","1,293,840","1,068"
G4,G4,FLL,GRR,Boeing,Narrow,B737 Misc,B737-Max 8 Passenger,7M8,3,570,"682,860",545
G4,G4,FLL,GSP,Airbus,Narrow,A320,A320,320,9,"1,620","1,004,400","1,013"
G4,G4,FLL,GSP,Boeing,Narrow,B737 Misc,B737-Max 8 Passenger,7M8,10,"1,900","1,178,000","1,116"
G4,G4,FLL,HSV,Airbus,Narrow,A320,A319,319,4,624,"443,040",536
G4,G4,FLL,HSV,Airbus,Narrow,A320,A320,320,1,180,"127,800",134
G4,G4,FLL,HSV,Boeing,Narrow,B737 Misc,B737-Max 8 Passenger,7M8,4,760,"539,600",536
G4,G4,FLL,IND,Airbus,Narrow,A320,A320,320,17,"3,060","3,075,300","2,784"
G4,G4,FLL,IND,Boeing,Narrow,B737 Misc,B737-Max 8 Passenger,7M8,15,"2,850","2,864,250","2,526"
G4,G4,FLL,LCK,Boeing,Narrow,B737 Misc,B737-Max 8 Passenger,7M8,9,"1,710","1,641,600","1,408"
G4,G4,FLL,LEX,Boeing,Narrow,B737 Misc,B737-Max 8 Passenger,7M8,16,"3,040","2,626,560","2,339"
G4,G4,FLL,MDT,Boeing,Narrow,B737 Misc,B737-Max 8 Passenger,7M8,8,"1,520","1,507,840","1,320"
G4,G4,FLL,MEM,Boeing,Narrow,B737 Misc,B737-Max 8 Passenger,7M8,30,"5,700","4,850,700","4,400"
G4,G4,FLL,PBG,Boeing,Narrow,B737 Misc,B737-Max 8 Passenger,7M8,8,"1,520","2,032,240","1,592"
G4,G4,FLL,RFD,Boeing,Narrow,B737 Misc,B737-Max 8 Passenger,7M8,8,"1,520","1,857,440","1,576"
G4,G4,FLL,SBN,Boeing,Narrow,B737 Misc,B737-Max 8 Passenger,7M8,9,"1,710","1,937,430","1,611"
G4,G4,FLL,SDF,Boeing,Narrow,B737 Misc,B737-Max 8 Passenger,7M8,13,"2,470","2,213,120","1,935"
G4,G4,FLL,SWF,Boeing,Narrow,B737 Misc,B737-Max 8 Passenger,7M8,4,760,"849,680",752
G4,G4,FLL,SYR,Boeing,Narrow,B737 Misc,B737-Max 8 Passenger,7M8,17,"3,230","3,863,080","3,142"
G4,G4,FLL,TTN,Boeing,Narrow,B737 Misc,B737-Max 8 Passenger,7M8,8,"1,520","1,559,520","1,440"
G4,G4,FLL,TYS,Airbus,Narrow,A320,A320,320,21,"3,780","2,676,240","2,626"
G4,G4,FLL,TYS,Boeing,Narrow,B737 Misc,B737-Max 8 Passenger,7M8,21,"3,990","2,824,920","2,627"
G4,G4,FLL,USA,Airbus,Narrow,A320,A319,319,5,780,"500,760",605
G4,G4,FLL,USA,Boeing,Narrow,B737 Misc,B737-Max 8 Passenger,7M8,12,"2,280","1,463,760","1,452"
G4,G4,FLL,XNA,Boeing,Narrow,B737 Misc,B737-Max 8 Passenger,7M8,9,"1,710","1,867,320","1,597"
G4,G4,FNT,AZA,Airbus,Narrow,A320,A320,320,8,"1,440","2,376,000","1,944"
G4,G4,FNT,BNA,Airbus,Narrow,A320,A320,320,8,"1,440","715,680",760
G4,G4,FNT,JAX,Airbus,Narrow,A320,A320,320,8,"1,440","1,249,920","1,096"
G4,G4,FNT,LAS,Airbus,Narrow,A320,A320,320,9,"1,620","2,807,460","2,317"
G4,G4,FNT,PDX,Airbus,Narrow,A320,A320,320,6,"1,080","2,070,360","1,662"
G4,G4,FNT,PGD,Airbus,Narrow,A320,A319,319,1,156,"173,316",168
G4,G4,FNT,PGD,Airbus,Narrow,A320,A320,320,18,"3,240","3,599,640","3,027"
G4,G4,FNT,PIE,Airbus,Narrow,A320,A319,319,9,"1,404","1,458,756","1,458"
G4,G4,FNT,PIE,Airbus,Narrow,A320,A320,320,3,540,"561,060",486
G4,G4,FNT,PIE,Boeing,Narrow,B737 Misc,B737-Max 8 Passenger,7M8,5,950,"987,050",809
G4,G4,FNT,SFB,Airbus,Narrow,A320,A320,320,16,"2,880","2,845,440","2,466"
G4,G4,FNT,SFB,Boeing,Narrow,B737 Misc,B737-Max 8 Passenger,7M8,1,190,"187,720",154
G4,G4,FNT,SRQ,Airbus,Narrow,A320,A320,320,9,"1,620","1,743,120","1,479"
G4,G4,FSD,AZA,Airbus,Narrow,A320,A320,320,25,"4,500","4,824,000","4,247"
G4,G4,FSD,BNA,Airbus,Narrow,A320,A319,319,9,"1,404","1,040,364","1,087"
G4,G4,FSD,LAS,Airbus,Narrow,A320,A319,319,12,"1,872","2,066,688","2,092"
G4,G4,FSD,LAS,Airbus,Narrow,A320,A320,320,1,180,"198,720",174
G4,G4,FSD,PIE,Boeing,Narrow,B737 Misc,B737-Max 8 Passenger,7M8,8,"1,520","2,027,680","1,488"
G4,G4,FSD,SFB,Airbus,Narrow,A320,A320,320,6,"1,080","1,440,720","1,134"
G4,G4,FSD,SFB,Boeing,Narrow,B737 Misc,B737-Max 8 Passenger,7M8,7,"1,330","1,774,220","1,325"
G4,G4,FWA,AZA,Airbus,Narrow,A320,A320,320,8,"1,440","2,227,680","1,784"
G4,G4,FWA,FLL,Boeing,Narrow,B737 Misc,B737-Max 8 Passenger,7M8,8,"1,520","1,621,840","1,344"
G4,G4,FWA,LAS,Airbus,Narrow,A320,A319,319,8,"1,248","2,059,200","1,928"
G4,G4,FWA,MYR,Airbus,Narrow,A320,A320,320,8,"1,440","878,400",832
G4,G4,FWA,PGD,Airbus,Narrow,A320,A319,319,1,156,"153,816",149
G4,G4,FWA,PGD,Airbus,Narrow,A320,A320,320,11,"1,980","1,952,280","1,639"
G4,G4,FWA,PIE,Airbus,Narrow,A320,A319,319,6,936,"852,696",846
G4,G4,FWA,PIE,Airbus,Narrow,A320,A320,320,1,180,"163,980",139
G4,G4,FWA,PIE,Boeing,Narrow,B737 Misc,B737-Max 8 Passenger,7M8,10,"1,900","1,730,900","1,402"
G4,G4,FWA,SFB,Airbus,Narrow,A320,A319,319,5,780,"678,600",670
G4,G4,FWA,SFB,Airbus,Narrow,A320,A320,320,4,720,"626,400",546
G4,G4,FWA,SFB,Boeing,Narrow,B737 Misc,B737-Max 8 Passenger,7M8,8,"1,520","1,322,400","1,072"
G4,G4,FWA,SRQ,Airbus,Narrow,A320,A320,320,9,"1,620","1,535,760","1,256"
G4,G4,GEG,AZA,Airbus,Narrow,A320,A320,320,9,"1,620","1,675,080","1,439"
G4,G4,GEG,LAS,Airbus,Narrow,A320,A319,319,8,"1,248","1,005,888","1,128"
G4,G4,GEG,SNA,Airbus,Narrow,A320,A320,320,8,"1,440","1,385,280","1,272"
G4,G4,GRI,AZA,Airbus,Narrow,A320,A320,320,11,"1,980","1,791,900","1,532"
G4,G4,GRI,LAS,Airbus,Narrow,A320,A319,319,9,"1,404","1,363,284","1,382"
G4,G4,GRR,AUS,Airbus,Narrow,A320,A320,320,8,"1,440","1,588,320","1,320"
G4,G4,GRR,AZA,Airbus,Narrow,A320,A320,320,19,"3,420","5,338,620","4,407"
G4,G4,GRR,BNA,Airbus,Narrow,A320,A319,319,2,312,"146,640",188
G4,G4,GRR,BNA,Airbus,Narrow,A320,A320,320,11,"1,980","930,600","1,036"
G4,G4,GRR,BOS,Airbus,Narrow,A320,A320,320,8,"1,440","1,065,600",968
G4,G4,GRR,EWR,Airbus,Narrow,A320,A320,320,4,720,"435,600",420
G4,G4,GRR,FLL,Airbus,Narrow,A320,A320,320,6,"1,080","1,293,840","1,050"
G4,G4,GRR,FLL,Boeing,Narrow,B737 Misc,B737-Max 8 Passenger,7M8,3,570,"682,860",528
G4,G4,GRR,JAX,Airbus,Narrow,A320,A320,320,9,"1,620","1,427,220","1,224"
G4,G4,GRR,LAS,Airbus,Narrow,A320,A319,319,9,"1,404","2,306,772","2,232"
G4,G4,GRR,LAS,Airbus,Narrow,A320,A320,320,8,"1,440","2,365,920","1,984"
G4,G4,GRR,MYR,Airbus,Narrow,A320,A320,320,4,720,"524,160",496
G4,G4,GRR,PDX,Airbus,Narrow,A320,A320,320,9,"1,620","2,969,460","2,448"
G4,G4,GRR,PGD,Airbus,Narrow,A320,A320,320,13,"2,340","2,616,120","2,210"
G4,G4,GRR,PHL,Airbus,Narrow,A320,A320,320,9,"1,620","928,260",999
G4,G4,GRR,PIE,Airbus,Narrow,A320,A319,319,3,468,"488,592",474
G4,G4,GRR,PIE,Airbus,Narrow,A320,A320,320,19,"3,420","3,570,480","3,003"
G4,G4,GRR,PIE,Boeing,Narrow,B737 Misc,B737-Max 8 Passenger,7M8,5,950,"991,800",790
G4,G4,GRR,SFB,Airbus,Narrow,A320,A320,320,21,"3,780","3,783,780","3,256"
G4,G4,GRR,SFB,Boeing,Narrow,B737 Misc,B737-Max 8 Passenger,7M8,6,"1,140","1,141,140",930
G4,G4,GRR,SNA,Airbus,Narrow,A320,A320,320,8,"1,440","2,672,640","2,152"
G4,G4,GRR,SRQ,Airbus,Narrow,A320,A320,320,9,"1,620","1,751,220","1,456"
G4,G4,GSO,PIE,Airbus,Narrow,A320,A319,319,2,312,"182,832",210
G4,G4,GSO,PIE,Boeing,Narrow,B737 Misc,B737-Max 8 Passenger,7M8,7,"1,330","779,380",736
G4,G4,GSP,FLL,Airbus,Narrow,A320,A320,320,9,"1,620","1,004,400","1,026"
G4,G4,GSP,FLL,Boeing,Narrow,B737 Misc,B737-Max 8 Passenger,7M8,10,"1,900","1,178,000","1,134"
G4,G4,GSP,PIE,Airbus,Narrow,A320,A320,320,6,"1,080","520,560",540
G4,G4,GSP,PIE,Boeing,Narrow,B737 Misc,B737-Max 8 Passenger,7M8,11,"2,090","1,007,380",993
G4,G4,GSP,SFB,Airbus,Narrow,A320,A320,320,2,360,"153,360",162
G4,G4,GSP,SFB,Boeing,Narrow,B737 Misc,B737-Max 8 Passenger,7M8,15,"2,850","1,214,100","1,219"
G4,G4,GSP,SRQ,Airbus,Narrow,A320,A320,320,8,"1,440","744,480",744
G4,G4,GTF,AZA,Airbus,Narrow,A320,A320,320,8,"1,440","1,408,320","1,184"
G4,G4,GTF,LAS,Airbus,Narrow,A320,A319,319,9,"1,404","1,138,644","1,229"
G4,G4,GUF,ATW,Airbus,Narrow,A320,A320,320,8,"1,440","1,401,120","1,392"
G4,G4,GUF,BLV,Airbus,Narrow,A320,A320,320,6,"1,080","639,360",618
G4,G4,GUF,BLV,Boeing,Narrow,B737 Misc,B737-Max 8 Passenger,7M8,7,"1,330","787,360",726
G4,G4,GUF,BNA,Airbus,Narrow,A320,A319,319,8,"1,248","516,672",800
G4,G4,GUF,CVG,Airbus,Narrow,A320,A320,320,13,"2,340","1,483,560","1,525"
G4,G4,GUF,DSM,Airbus,Narrow,A320,A320,320,9,"1,620","1,383,480","1,341"
G4,G4,GUF,HSV,Airbus,Narrow,A320,A319,319,8,"1,248","389,376",640
G4,G4,GUF,MCI,Airbus,Narrow,A320,A320,320,8,"1,440","1,077,120",984
G4,G4,GUF,OKC,Airbus,Narrow,A320,A320,320,13,"2,340","1,602,900","1,664"
G4,G4,GUF,OMA,Airbus,Narrow,A320,A319,319,8,"1,248","1,120,704","1,120"
G4,G4,GUF,SDF,Airbus,Narrow,A320,A319,319,9,"1,404","789,048","1,089"
G4,G4,GUF,SGF,Airbus,Narrow,A320,A319,319,1,156,"92,196",108
G4,G4,GUF,SGF,Airbus,Narrow,A320,A320,320,8,"1,440","851,040",864
G4,G4,GUF,TYS,Airbus,Narrow,A320,A320,320,8,"1,440","635,040",696
G4,G4,GUF,XNA,Airbus,Narrow,A320,A319,319,8,"1,248","715,104",792
G4,G4,GUF,XNA,Airbus,Narrow,A320,A320,320,4,720,"412,560",396
G4,G4,HGR,MYR,Airbus,Narrow,A320,A319,319,6,936,"394,056",521
G4,G4,HGR,MYR,Airbus,Narrow,A320,A320,320,7,"1,260","530,460",609
G4,G4,HGR,PIE,Airbus,Narrow,A320,A319,319,2,312,"268,632",274
G4,G4,HGR,PIE,Airbus,Narrow,A320,A320,320,1,180,"154,980",137
G4,G4,HGR,PIE,Boeing,Narrow,B737 Misc,B737-Max 8 Passenger,7M8,5,950,"817,950",685
G4,G4,HGR,SFB,Airbus,Narrow,A320,A319,319,6,936,"730,080",772
G4,G4,HGR,SFB,Airbus,Narrow,A320,A320,320,7,"1,260","982,800",896
G4,G4,HOU,AVL,Airbus,Narrow,A320,A320,320,8,"1,440","1,213,920","1,096"
G4,G4,HOU,DSM,Airbus,Narrow,A320,A320,320,8,"1,440","1,188,000","1,056"
G4,G4,HOU,PVU,Airbus,Narrow,A320,A320,320,13,"2,340","2,763,540","2,386"
G4,G4,HOU,TYS,Airbus,Narrow,A320,A320,320,9,"1,620","1,266,840","1,155"
G4,G4,HSV,FLL,Airbus,Narrow,A320,A319,319,4,624,"443,040",496
G4,G4,HSV,FLL,Airbus,Narrow,A320,A320,320,1,180,"127,800",124
G4,G4,HSV,FLL,Boeing,Narrow,B737 Misc,B737-Max 8 Passenger,7M8,4,760,"539,600",496
G4,G4,HSV,GUF,Airbus,Narrow,A320,A319,319,8,"1,248","389,376",672
G4,G4,HSV,PIE,Airbus,Narrow,A320,A319,319,8,"1,248","652,704",856
G4,G4,HSV,SFB,Airbus,Narrow,A320,A319,319,4,624,"323,856",440
G4,G4,HSV,SFB,Airbus,Narrow,A320,A320,320,3,540,"280,260",330
G4,G4,HSV,SFB,Boeing,Narrow,B737 Misc,B737-Max 8 Passenger,7M8,2,380,"197,220",220
G4,G4,HTS,MYR,Airbus,Narrow,A320,A319,319,1,156,"59,592",76
G4,G4,HTS,MYR,Airbus,Narrow,A320,A320,320,5,900,"343,800",374
G4,G4,HTS,MYR,Boeing,Narrow,B737 Misc,B737-Max 8 Passenger,7M8,11,"2,090","798,380",836
G4,G4,HTS,PIE,Airbus,Narrow,A320,A319,319,7,"1,092","786,240",840
G4,G4,HTS,PIE,Airbus,Narrow,A320,A320,320,6,"1,080","777,600",717
G4,G4,HTS,PIE,Boeing,Narrow,B737 Misc,B737-Max 8 Passenger,7M8,12,"2,280","1,641,600","1,440"
G4,G4,HTS,SFB,Airbus,Narrow,A320,A319,319,8,"1,248","829,920",883
G4,G4,HTS,SFB,Airbus,Narrow,A320,A320,320,7,"1,260","837,900",777
G4,G4,HTS,SFB,Boeing,Narrow,B737 Misc,B737-Max 8 Passenger,7M8,2,380,"252,700",222
G4,G4,HTS,VPS,Airbus,Narrow,A320,A319,319,7,"1,092","643,188",714
G4,G4,HTS,VPS,Airbus,Narrow,A320,A320,320,1,180,"106,020",102
G4,G4,IAD,AUS,Airbus,Narrow,A320,A320,320,9,"1,620","2,101,140","1,773"
G4,G4,IAD,AVL,Airbus,Narrow,A320,A320,320,9,"1,620","599,400",713
G4,G4,IAD,BNA,Airbus,Narrow,A320,A319,319,9,"1,404","760,968",954
G4,G4,IAD,BNA,Airbus,Narrow,A320,A320,320,2,360,"195,120",212
G4,G4,IAD,JAX,Airbus,Narrow,A320,A320,320,9,"1,620","1,022,220","1,132"
G4,G4,IAD,PGD,Airbus,Narrow,A320,A319,319,1,156,"135,564",148
G4,G4,IAD,PGD,Airbus,Narrow,A320,A320,320,7,"1,260","1,094,940","1,036"
G4,G4,IAD,SAV,Airbus,Narrow,A320,A319,319,4,624,"321,360",428
G4,G4,IAD,SRQ,Airbus,Narrow,A320,A320,320,8,"1,440","1,221,120","1,144"
G4,G4,IAD,TYS,Airbus,Narrow,A320,A320,320,9,"1,620","678,780",844
G4,G4,IAD,VPS,Airbus,Narrow,A320,A319,319,3,468,"364,104",405
G4,G4,IAG,MYR,Airbus,Narrow,A320,A320,320,4,720,"468,000",452
G4,G4,IAG,PGD,Airbus,Narrow,A320,A320,320,11,"1,980","2,235,420","1,878"
G4,G4,IAG,PIE,Boeing,Narrow,B737 Misc,B737-Max 8 Passenger,7M8,8,"1,520","1,623,360","1,368"
G4,G4,ICT,AZA,Airbus,Narrow,A320,A320,320,8,"1,440","1,231,200","1,080"
G4,G4,ICT,LAS,Airbus,Narrow,A320,A319,319,7,"1,092","1,077,804","1,099"
G4,G4,ICT,LAS,Airbus,Narrow,A320,A320,320,1,180,"177,660",157
G4,G4,ICT,PIE,Airbus,Narrow,A320,A320,320,1,180,"195,660",151
G4,G4,ICT,PIE,Boeing,Narrow,B737 Misc,B737-Max 8 Passenger,7M8,8,"1,520","1,652,240","1,280"
G4,G4,ICT,SFB,Airbus,Narrow,A320,A319,319,2,312,"348,504",330
G4,G4,ICT,SFB,Airbus,Narrow,A320,A320,320,2,360,"402,120",330
G4,G4,ICT,SFB,Boeing,Narrow,B737 Misc,B737-Max 8 Passenger,7M8,4,760,"848,920",660
G4,G4,ICT,VPS,Airbus,Narrow,A320,A320,320,12,"2,160","1,719,360","1,512"
G4,G4,IDA,AZA,Airbus,Narrow,A320,A320,320,20,"3,600","2,534,400","2,358"
G4,G4,IDA,LAS,Airbus,Narrow,A320,A319,319,9,"1,404","756,756",927
G4,G4,IDA,PDX,Airbus,Narrow,A320,A320,320,9,"1,620","873,180",893
G4,G4,IDA,SNA,Airbus,Narrow,A320,A319,319,9,"1,404","1,048,788","1,187"
G4,G4,IND,BOS,Airbus,Narrow,A320,A320,320,8,"1,440","1,176,480","1,060"
G4,G4,IND,BUR,Airbus,Narrow,A320,A320,320,9,"1,620","2,924,100","2,376"
G4,G4,IND,CHS,Airbus,Narrow,A320,A320,320,9,"1,620","947,700",973
G4,G4,IND,EYW,Airbus,Narrow,A320,A320,320,8,"1,440","1,552,320","1,272"
G4,G4,IND,FLL,Airbus,Narrow,A320,A320,320,17,"3,060","3,075,300","2,734"
G4,G4,IND,FLL,Boeing,Narrow,B737 Misc,B737-Max 8 Passenger,7M8,15,"2,850","2,864,250","2,424"
G4,G4,IND,JAX,Airbus,Narrow,A320,A320,320,8,"1,440","990,720",952
G4,G4,IND,LAS,Airbus,Narrow,A320,A320,320,8,"1,440","2,291,040","1,928"
G4,G4,IND,MYR,Airbus,Narrow,A320,A320,320,4,720,"419,760",420
G4,G4,IND,PDX,Airbus,Narrow,A320,A320,320,8,"1,440","2,702,880","2,232"
G4,G4,IND,PGD,Airbus,Narrow,A320,A320,320,25,"4,500","4,126,500","3,728"
G4,G4,IND,PIE,Airbus,Narrow,A320,A320,320,14,"2,520","2,116,800","1,892"
G4,G4,IND,PIE,Boeing,Narrow,B737 Misc,B737-Max 8 Passenger,7M8,12,"2,280","1,915,200","1,622"
G4,G4,IND,SAV,Airbus,Narrow,A320,A320,320,4,720,"429,120",424
G4,G4,IND,SFB,Airbus,Narrow,A320,A319,319,9,"1,404","1,134,432","1,196"
G4,G4,IND,SFB,Airbus,Narrow,A320,A320,320,24,"4,320","3,490,560","3,170"
G4,G4,IND,SRQ,Airbus,Narrow,A320,A320,320,13,"2,340","2,049,840","1,784"
G4,G4,IND,VPS,Airbus,Narrow,A320,A320,320,8,"1,440","917,280",912
G4,G4,JAX,BLV,Airbus,Narrow,A320,A320,320,8,"1,440","1,042,560",968
G4,G4,JAX,BNA,Airbus,Narrow,A320,A319,319,4,624,"302,016",388
G4,G4,JAX,CAK,Airbus,Narrow,A320,A320,320,17,"3,060","2,200,140","2,031"
G4,G4,JAX,CVG,Airbus,Narrow,A320,A320,320,13,"2,340","1,436,760","1,443"
G4,G4,JAX,DSM,Airbus,Narrow,A320,A320,320,8,"1,440","1,458,720","1,256"
G4,G4,JAX,FNT,Airbus,Narrow,A320,A320,320,8,"1,440","1,249,920","1,104"
G4,G4,JAX,GRR,Airbus,Narrow,A320,A320,320,9,"1,620","1,427,220","1,235"
G4,G4,JAX,IAD,Airbus,Narrow,A320,A320,320,9,"1,620","1,022,220","1,006"
G4,G4,JAX,IND,Airbus,Narrow,A320,A320,320,8,"1,440","990,720",944
G4,G4,JAX,MDT,Airbus,Narrow,A320,A320,320,9,"1,620","1,172,880","1,082"
G4,G4,JAX,PIT,Airbus,Narrow,A320,A320,320,17,"3,060","2,126,700","1,977"
G4,G4,JAX,TYS,Airbus,Narrow,A320,A320,320,9,"1,620","633,420",709
G4,G4,LAS,ATW,Airbus,Narrow,A320,A320,320,17,"3,060","4,620,600","3,557"
G4,G4,LAS,AUS,Airbus,Narrow,A320,A319,319,8,"1,248","1,360,320","1,312"
G4,G4,LAS,AVL,Airbus,Narrow,A320,A319,319,8,"1,248","2,277,600","1,960"
G4,G4,LAS,BIL,Airbus,Narrow,A320,A319,319,9,"1,404","1,060,020","1,170"
G4,G4,LAS,BIS,Airbus,Narrow,A320,A319,319,7,"1,092","1,144,416","1,099"
G4,G4,LAS,BIS,Airbus,Narrow,A320,A320,320,1,180,"188,640",157
G4,G4,LAS,BLI,Airbus,Narrow,A320,A319,319,34,"5,304","5,060,016","5,570"
G4,G4,LAS,BLV,Airbus,Narrow,A320,A319,319,8,"1,248","1,747,200","1,592"
G4,G4,LAS,BZN,Airbus,Narrow,A320,A319,319,8,"1,248","874,848",984
G4,G4,LAS,CID,Airbus,Narrow,A320,A319,319,9,"1,404","1,853,280","1,711"
G4,G4,LAS,CVG,Airbus,Narrow,A320,A319,319,2,312,"523,848",462
G4,G4,LAS,CVG,Airbus,Narrow,A320,A320,320,8,"1,440","2,417,760","1,880"
G4,G4,LAS,DSM,Airbus,Narrow,A320,A319,319,8,"1,248","1,517,568","1,400"
G4,G4,LAS,DSM,Airbus,Narrow,A320,A320,320,13,"2,340","2,845,440","2,279"
G4,G4,LAS,EUG,Airbus,Narrow,A320,A319,319,8,"1,248","872,352","1,016"
G4,G4,LAS,FAR,Airbus,Narrow,A320,A319,319,9,"1,404","1,691,820","1,589"
G4,G4,LAS,FAT,Airbus,Narrow,A320,A319,319,49,"7,644","1,972,152","3,722"
G4,G4,LAS,FAT,Airbus,Narrow,A320,A320,320,6,"1,080","278,640",455
G4,G4,LAS,FCA,Airbus,Narrow,A320,A319,319,9,"1,404","1,187,784","1,314"
G4,G4,LAS,FNT,Airbus,Narrow,A320,A320,320,9,"1,620","2,807,460","2,115"
G4,G4,LAS,FSD,Airbus,Narrow,A320,A319,319,12,"1,872","2,066,688","1,995"
G4,G4,LAS,FSD,Airbus,Narrow,A320,A320,320,1,180,"198,720",166
G4,G4,LAS,FWA,Airbus,Narrow,A320,A319,319,8,"1,248","2,059,200","1,784"
G4,G4,LAS,GEG,Airbus,Narrow,A320,A319,319,8,"1,248","1,005,888","1,128"
G4,G4,LAS,GRI,Airbus,Narrow,A320,A319,319,9,"1,404","1,363,284","1,349"
G4,G4,LAS,GRR,Airbus,Narrow,A320,A319,319,9,"1,404","2,306,772","2,025"
G4,G4,LAS,GRR,Airbus,Narrow,A320,A320,320,8,"1,440","2,365,920","1,800"
G4,G4,LAS,GTF,Airbus,Narrow,A320,A319,319,9,"1,404","1,138,644","1,243"
G4,G4,LAS,ICT,Airbus,Narrow,A320,A319,319,7,"1,092","1,077,804","1,064"
G4,G4,LAS,ICT,Airbus,Narrow,A320,A320,320,1,180,"177,660",152
G4,G4,LAS,IDA,Airbus,Narrow,A320,A319,319,9,"1,404","756,756",953
G4,G4,LAS,IND,Airbus,Narrow,A320,A320,320,8,"1,440","2,291,040","1,792"
G4,G4,LAS,LEX,Airbus,Narrow,A320,A319,319,7,"1,092","1,842,204","1,603"
G4,G4,LAS,LEX,Airbus,Narrow,A320,A320,320,1,180,"303,660",229
G4,G4,LAS,LRD,Airbus,Narrow,A320,A319,319,7,"1,092","1,193,556","1,218"
G4,G4,LAS,LRD,Airbus,Narrow,A320,A320,320,1,180,"196,740",174
G4,G4,LAS,MEM,Airbus,Narrow,A320,A319,319,8,"1,248","1,767,168","1,628"
G4,G4,LAS,MEM,Airbus,Narrow,A320,A320,320,1,180,"254,880",204
G4,G4,LAS,MFE,Airbus,Narrow,A320,A319,319,2,312,"377,520",366
G4,G4,LAS,MFE,Airbus,Narrow,A320,A320,320,40,"7,200","8,712,000","7,302"
G4,G4,LAS,MFR,Airbus,Narrow,A320,A319,319,17,"2,652","1,588,548","2,007"
G4,G4,LAS,MLI,Airbus,Narrow,A320,A319,319,8,"1,248","1,718,496","1,552"
G4,G4,LAS,MOT,Airbus,Narrow,A320,A319,319,7,"1,092","1,199,016","1,162"
G4,G4,LAS,MOT,Airbus,Narrow,A320,A320,320,2,360,"395,280",330
G4,G4,LAS,MRY,Airbus,Narrow,A320,A319,319,9,"1,404","526,500",804
G4,G4,LAS,MSO,Airbus,Narrow,A320,A319,319,8,"1,248","936,000","1,080"
G4,G4,LAS,OKC,Airbus,Narrow,A320,A319,319,7,"1,092","1,077,804","1,071"
G4,G4,LAS,OKC,Airbus,Narrow,A320,A320,320,1,180,"177,660",153
G4,G4,LAS,OMA,Airbus,Narrow,A320,A319,319,9,"1,404","1,542,996","1,477"
G4,G4,LAS,PIA,Airbus,Narrow,A320,A319,319,8,"1,248","1,763,424","1,598"
G4,G4,LAS,PIA,Airbus,Narrow,A320,A320,320,1,180,"254,340",200
G4,G4,LAS,PSC,Airbus,Narrow,A320,A319,319,8,"1,248","913,536","1,113"
G4,G4,LAS,PSC,Airbus,Narrow,A320,A320,320,1,180,"131,760",139
G4,G4,LAS,RAP,Airbus,Narrow,A320,A319,319,7,"1,092","920,556",952
G4,G4,LAS,RAP,Airbus,Narrow,A320,A320,320,1,180,"151,740",136
G4,G4,LAS,RFD,Airbus,Narrow,A320,A319,319,7,"1,092","1,589,952","1,421"
G4,G4,LAS,RFD,Airbus,Narrow,A320,A320,320,1,180,"262,080",203
G4,G4,LAS,SBN,Airbus,Narrow,A320,A319,319,8,"1,248","1,989,312","1,736"
G4,G4,LAS,SCK,Airbus,Narrow,A320,A319,319,29,"4,524","1,624,116","2,491"
G4,G4,LAS,SCK,Airbus,Narrow,A320,A320,320,2,360,"129,240",172
G4,G4,LAS,SFB,Airbus,Narrow,A320,A319,319,4,624,"1,269,216","1,072"
G4,G4,LAS,SGF,Airbus,Narrow,A320,A319,319,3,468,"566,280",537
G4,G4,LAS,SGF,Airbus,Narrow,A320,A320,320,10,"1,800","2,178,000","1,788"
G4,G4,LAS,SHV,Airbus,Narrow,A320,A319,319,9,"1,404","1,745,172","1,628"
G4,G4,LAS,SMX,Airbus,Narrow,A320,A319,319,8,"1,248","386,880",656
G4,G4,LAS,TUL,Airbus,Narrow,A320,A319,319,9,"1,404","1,510,704","1,472"
G4,G4,LAS,TYS,Airbus,Narrow,A320,A319,319,8,"1,248","2,171,520","1,882"
G4,G4,LAS,TYS,Airbus,Narrow,A320,A320,320,1,180,"313,200",236
G4,G4,LAS,VPS,Airbus,Narrow,A320,A320,320,9,"1,620","2,745,900","2,126"
G4,G4,LAS,XNA,Airbus,Narrow,A320,A319,319,7,"1,092","1,269,996","1,211"
G4,G4,LAS,XNA,Airbus,Narrow,A320,A320,320,1,180,"209,340",173
G4,G4,LCK,EYW,Airbus,Narrow,A320,A319,319,8,"1,248","1,315,392","1,312"
G4,G4,LCK,FLL,Boeing,Narrow,B737 Misc,B737-Max 8 Passenger,7M8,9,"1,710","1,641,600","1,367"
G4,G4,LCK,MYR,Airbus,Narrow,A320,A319,319,13,"2,028","969,384","1,202"
G4,G4,LCK,MYR,Airbus,Narrow,A320,A320,320,12,"2,160","1,032,480","1,114"
G4,G4,LCK,PGD,Airbus,Narrow,A320,A319,319,7,"1,092","971,880","1,001"
G4,G4,LCK,PGD,Airbus,Narrow,A320,A320,320,10,"1,800","1,602,000","1,430"
G4,G4,LCK,PIE,Airbus,Narrow,A320,A319,319,8,"1,248","1,023,360","1,082"
G4,G4,LCK,PIE,Airbus,Narrow,A320,A320,320,10,"1,800","1,476,000","1,348"
G4,G4,LCK,PIE,Boeing,Narrow,B737 Misc,B737-Max 8 Passenger,7M8,7,"1,330","1,090,600",950
G4,G4,LCK,SAV,Airbus,Narrow,A320,A319,319,17,"2,652","1,429,428","1,632"
G4,G4,LCK,SFB,Airbus,Narrow,A320,A319,319,11,"1,716","1,316,172","1,376"
G4,G4,LCK,SFB,Airbus,Narrow,A320,A320,320,3,540,"414,180",375
G4,G4,LCK,SFB,Boeing,Narrow,B737 Misc,B737-Max 8 Passenger,7M8,3,570,"437,190",375
G4,G4,LCK,SRQ,Airbus,Narrow,A320,A320,320,11,"1,980","1,694,880","1,478"
G4,G4,LCK,VPS,Airbus,Narrow,A320,A320,320,21,"3,780","2,547,720","2,439"
G4,G4,LEX,FLL,Boeing,Narrow,B737 Misc,B737-Max 8 Passenger,7M8,16,"3,040","2,626,560","2,248"
G4,G4,LEX,LAS,Airbus,Narrow,A320,A319,319,7,"1,092","1,842,204","1,729"
G4,G4,LEX,LAS,Airbus,Narrow,A320,A320,320,1,180,"303,660",247
G4,G4,LEX,MYR,Airbus,Narrow,A320,A319,319,1,156,"68,328",85
G4,G4,LEX,MYR,Airbus,Narrow,A320,A320,320,3,540,"236,520",255
G4,G4,LEX,MYR,Boeing,Narrow,B737 Misc,B737-Max 8 Passenger,7M8,4,760,"332,880",340
G4,G4,LEX,PGD,Airbus,Narrow,A320,A319,319,1,156,"121,836",126
G4,G4,LEX,PGD,Airbus,Narrow,A320,A320,320,14,"2,520","1,968,120","1,806"
G4,G4,LEX,PIE,Airbus,Narrow,A320,A319,319,5,780,"550,680",585
G4,G4,LEX,PIE,Airbus,Narrow,A320,A320,320,9,"1,620","1,143,720","1,054"
G4,G4,LEX,PIE,Boeing,Narrow,B737 Misc,B737-Max 8 Passenger,7M8,11,"2,090","1,475,540","1,287"
G4,G4,LEX,SFB,Airbus,Narrow,A320,A319,319,16,"2,496","1,664,832","1,793"
G4,G4,LEX,SFB,Airbus,Narrow,A320,A320,320,12,"2,160","1,440,720","1,344"
G4,G4,LEX,SFB,Boeing,Narrow,B737 Misc,B737-Max 8 Passenger,7M8,1,190,"126,730",112
G4,G4,LEX,SRQ,Airbus,Narrow,A320,A320,320,9,"1,620","1,203,660","1,043"
G4,G4,LEX,VPS,Airbus,Narrow,A320,A319,319,1,156,"82,992",96
G4,G4,LEX,VPS,Airbus,Narrow,A320,A320,320,10,"1,800","957,600",960
G4,G4,LIT,PIE,Airbus,Narrow,A320,A319,319,9,"1,404","1,030,536","1,065"
G4,G4,LIT,SFB,Airbus,Narrow,A320,A319,319,2,312,"238,992",252
G4,G4,LIT,SFB,Airbus,Narrow,A320,A320,320,4,720,"551,520",504
G4,G4,LIT,SFB,Boeing,Narrow,B737 Misc,B737-Max 8 Passenger,7M8,2,380,"291,080",252
G4,G4,LIT,VPS,Airbus,Narrow,A320,A320,320,9,"1,620","717,660",798
G4,G4,LRD,LAS,Airbus,Narrow,A320,A319,319,7,"1,092","1,193,556","1,176"
G4,G4,LRD,LAS,Airbus,Narrow,A320,A320,320,1,180,"196,740",168
G4,G4,LSE,AZA,Airbus,Narrow,A320,A320,320,9,"1,620","2,135,160","1,953"
G4,G4,LSE,SFB,Airbus,Narrow,A320,A320,320,4,720,"849,600",720
G4,G4,LSE,SFB,Boeing,Narrow,B737 Misc,B737-Max 8 Passenger,7M8,4,760,"896,800",720
G4,G4,MCI,GUF,Airbus,Narrow,A320,A320,320,8,"1,440","1,077,120",992
G4,G4,MCI,PGD,Airbus,Narrow,A320,A320,320,9,"1,620","1,824,120","1,559"
G4,G4,MCI,PIE,Airbus,Narrow,A320,A319,319,3,468,"489,060",471
G4,G4,MCI,PIE,Boeing,Narrow,B737 Misc,B737-Max 8 Passenger,7M8,13,"2,470","2,581,150","2,041"
G4,G4,MCI,VPS,Airbus,Narrow,A320,A320,320,9,"1,620","1,239,300","1,193"
G4,G4,MCO,ABE,Airbus,Narrow,A320,A320,320,11,"1,980","1,793,880","1,697"
G4,G4,MCO,ATW,Airbus,Narrow,A320,A320,320,8,"1,440","1,671,840","1,576"
G4,G4,MCO,AVL,Airbus,Narrow,A320,A320,320,12,"2,160","1,054,080","1,258"
G4,G4,MCO,AVL,Boeing,Narrow,B737 Misc,B737-Max 8 Passenger,7M8,1,190,"92,720",105
G4,G4,MCO,TYS,Airbus,Narrow,A320,A320,320,9,"1,620","861,840",955
G4,G4,MDT,BNA,Airbus,Narrow,A320,A319,319,9,"1,404","853,632",982
G4,G4,MDT,FLL,Boeing,Narrow,B737 Misc,B737-Max 8 Passenger,7M8,8,"1,520","1,507,840","1,280"
G4,G4,MDT,JAX,Airbus,Narrow,A320,A320,320,9,"1,620","1,172,880","1,113"
G4,G4,MDT,MYR,Airbus,Narrow,A320,A319,319,3,468,"217,620",288
G4,G4,MDT,MYR,Airbus,Narrow,A320,A320,320,7,"1,260","585,900",672
G4,G4,MDT,MYR,Boeing,Narrow,B737 Misc,B737-Max 8 Passenger,7M8,2,380,"176,700",192
G4,G4,MDT,PGD,Airbus,Narrow,A320,A319,319,6,936,"901,368",922
G4,G4,MDT,PGD,Airbus,Narrow,A320,A320,320,7,"1,260","1,213,380","1,071"
G4,G4,MDT,PIE,Airbus,Narrow,A320,A319,319,2,312,"284,232",292
G4,G4,MDT,PIE,Boeing,Narrow,B737 Misc,B737-Max 8 Passenger,7M8,15,"2,850","2,596,350","2,197"
G4,G4,MDT,SFB,Airbus,Narrow,A320,A319,319,10,"1,560","1,290,120","1,350"
G4,G4,MDT,SFB,Airbus,Narrow,A320,A320,320,16,"2,880","2,381,760","2,178"
G4,G4,MDT,SFB,Boeing,Narrow,B737 Misc,B737-Max 8 Passenger,7M8,4,760,"628,520",540
G4,G4,MDT,SRQ,Airbus,Narrow,A320,A320,320,8,"1,440","1,356,480","1,168"
G4,G4,MDW,AVL,Airbus,Narrow,A320,A320,320,9,"1,620","844,020",886
G4,G4,MDW,PGD,Airbus,Narrow,A320,A319,319,8,"1,248","1,342,848","1,320"
G4,G4,MDW,PVU,Airbus,Narrow,A320,A320,320,8,"1,440","1,805,760","1,616"
G4,G4,MDW,TYS,Airbus,Narrow,A320,A320,320,8,"1,440","660,960",704
G4,G4,MDW,VPS,Airbus,Narrow,A320,A320,320,9,"1,620","1,266,840","1,191"
G4,G4,MEM,FLL,Boeing,Narrow,B737 Misc,B737-Max 8 Passenger,7M8,30,"5,700","4,850,700","4,324"
G4,G4,MEM,LAS,Airbus,Narrow,A320,A319,319,8,"1,248","1,767,168","1,715"
G4,G4,MEM,LAS,Airbus,Narrow,A320,A320,320,1,180,"254,880",213
G4,G4,MEM,PIE,Boeing,Narrow,B737 Misc,B737-Max 8 Passenger,7M8,8,"1,520","992,560",912
G4,G4,MEM,SFB,Airbus,Narrow,A320,A319,319,5,780,"523,380",575
G4,G4,MEM,SFB,Airbus,Narrow,A320,A320,320,3,540,"362,340",345
G4,G4,MEM,VPS,Airbus,Narrow,A320,A320,320,8,"1,440","537,120",672
G4,G4,MFE,LAS,Airbus,Narrow,A320,A319,319,2,312,"377,520",366
G4,G4,MFE,LAS,Airbus,Narrow,A320,A320,320,40,"7,200","8,712,000","7,336"
G4,G4,MFE,SFB,Airbus,Narrow,A320,A319,319,1,156,"165,048",163
G4,G4,MFE,SFB,Airbus,Narrow,A320,A320,320,2,360,"380,880",326
G4,G4,MFE,SFB,Boeing,Narrow,B737 Misc,B737-Max 8 Passenger,7M8,14,"2,660","2,814,280","2,274"
G4,G4,MFR,LAS,Airbus,Narrow,A320,A319,319,17,"2,652","1,588,548","1,784"
G4,G4,MFR,SNA,Airbus,Narrow,A320,A319,319,9,"1,404","925,236","1,071"
G4,G4,MLB,ABE,Airbus,Narrow,A320,A320,320,9,"1,620","1,480,680","1,401"
G4,G4,MLB,CVG,Airbus,Narrow,A320,A320,320,9,"1,620","1,278,180","1,216"
G4,G4,MLB,PIT,Airbus,Narrow,A320,A320,320,8,"1,440","1,231,200","1,119"
G4,G4,MLI,AZA,Airbus,Narrow,A320,A320,320,8,"1,440","1,854,720","1,584"
G4,G4,MLI,LAS,Airbus,Narrow,A320,A319,319,8,"1,248","1,718,496","1,648"
G4,G4,MLI,PGD,Airbus,Narrow,A320,A320,320,9,"1,620","1,801,440","1,479"
G4,G4,MLI,PIE,Boeing,Narrow,B737 Misc,B737-Max 8 Passenger,7M8,8,"1,520","1,570,160","1,224"
G4,G4,MLI,SFB,Airbus,Narrow,A320,A320,320,2,360,"366,480",302
G4,G4,MLI,SFB,Boeing,Narrow,B737 Misc,B737-Max 8 Passenger,7M8,6,"1,140","1,160,520",906
G4,G4,MOT,AZA,Airbus,Narrow,A320,A320,320,9,"1,620","1,885,680","1,585"
G4,G4,MOT,LAS,Airbus,Narrow,A320,A319,319,7,"1,092","1,199,016","1,252"
G4,G4,MOT,LAS,Airbus,Narrow,A320,A320,320,2,360,"395,280",360
G4,G4,MRY,LAS,Airbus,Narrow,A320,A319,319,9,"1,404","526,500",833
G4,G4,MSO,AZA,Airbus,Narrow,A320,A320,320,12,"2,160","2,047,680","1,812"
G4,G4,MSO,LAS,Airbus,Narrow,A320,A319,319,8,"1,248","936,000","1,088"
G4,G4,MSO,SNA,Airbus,Narrow,A320,A320,320,9,"1,620","1,514,700","1,440"
G4,G4,MYR,ABE,Airbus,Narrow,A320,A320,320,29,"5,220","2,703,960","2,957"
G4,G4,MYR,ACY,Boeing,Narrow,B737 Misc,B737-Max 8 Passenger,7M8,12,"2,280","1,062,480","1,032"
G4,G4,MYR,ALB,Airbus,Narrow,A320,A320,320,11,"1,980","1,354,320","1,328"
G4,G4,MYR,BLV,Airbus,Narrow,A320,A320,320,12,"2,160","1,503,360","1,392"
G4,G4,MYR,CAK,Airbus,Narrow,A320,A319,319,15,"2,340","1,212,120","1,515"
G4,G4,MYR,CKB,Airbus,Narrow,A320,A319,319,1,156,"61,464",83
G4,G4,MYR,CKB,Airbus,Narrow,A320,A320,320,4,720,"283,680",332
G4,G4,MYR,CKB,Boeing,Narrow,B737 Misc,B737-Max 8 Passenger,7M8,3,570,"224,580",249
G4,G4,MYR,CVG,Airbus,Narrow,A320,A320,320,25,"4,500","2,200,500","2,427"
G4,G4,MYR,DAY,Airbus,Narrow,A320,A319,319,4,624,"324,480",412
G4,G4,MYR,DAY,Airbus,Narrow,A320,A320,320,3,540,"280,800",306
G4,G4,MYR,DAY,Boeing,Narrow,B737 Misc,B737-Max 8 Passenger,7M8,2,380,"197,600",206
G4,G4,MYR,ELM,Airbus,Narrow,A320,A320,320,9,"1,620","963,900",993
G4,G4,MYR,FWA,Airbus,Narrow,A320,A320,320,8,"1,440","878,400",880
G4,G4,MYR,GRR,Airbus,Narrow,A320,A320,320,4,720,"524,160",472
G4,G4,MYR,HGR,Airbus,Narrow,A320,A319,319,6,936,"394,056",550
G4,G4,MYR,HGR,Airbus,Narrow,A320,A320,320,7,"1,260","530,460",637
G4,G4,MYR,HTS,Airbus,Narrow,A320,A319,319,1,156,"59,592",78
G4,G4,MYR,HTS,Airbus,Narrow,A320,A320,320,5,900,"343,800",390
G4,G4,MYR,HTS,Boeing,Narrow,B737 Misc,B737-Max 8 Passenger,7M8,11,"2,090","798,380",858
G4,G4,MYR,IAG,Airbus,Narrow,A320,A320,320,4,720,"468,000",444
G4,G4,MYR,IND,Airbus,Narrow,A320,A320,320,4,720,"419,760",436
G4,G4,MYR,LCK,Airbus,Narrow,A320,A319,319,13,"2,028","969,384","1,200"
G4,G4,MYR,LCK,Airbus,Narrow,A320,A320,320,12,"2,160","1,032,480","1,104"
G4,G4,MYR,LEX,Airbus,Narrow,A320,A319,319,1,156,"68,328",86
G4,G4,MYR,LEX,Airbus,Narrow,A320,A320,320,3,540,"236,520",258
G4,G4,MYR,LEX,Boeing,Narrow,B737 Misc,B737-Max 8 Passenger,7M8,4,760,"332,880",344
G4,G4,MYR,MDT,Airbus,Narrow,A320,A319,319,3,468,"217,620",282
G4,G4,MYR,MDT,Airbus,Narrow,A320,A320,320,7,"1,260","585,900",658
G4,G4,MYR,MDT,Boeing,Narrow,B737 Misc,B737-Max 8 Passenger,7M8,2,380,"176,700",188
G4,G4,MYR,PIT,Airbus,Narrow,A320,A320,320,17,"3,060","1,456,560","1,611"
G4,G4,MYR,SDF,Airbus,Narrow,A320,A320,320,3,540,"265,680",291
G4,G4,MYR,SWF,Airbus,Narrow,A320,A320,320,19,"3,420","2,055,420","2,219"
G4,G4,MYR,SYR,Airbus,Narrow,A320,A319,319,9,"1,404","937,872","1,044"
G4,G4,OKC,GUF,Airbus,Narrow,A320,A320,320,13,"2,340","1,602,900","1,612"
G4,G4,OKC,LAS,Airbus,Narrow,A320,A319,319,7,"1,092","1,077,804","1,092"
G4,G4,OKC,LAS,Airbus,Narrow,A320,A320,320,1,180,"177,660",156
G4,G4,OKC,SFB,Airbus,Narrow,A320,A319,319,2,312,"331,032",314
G4,G4,OKC,SFB,Boeing,Narrow,B737 Misc,B737-Max 8 Passenger,7M8,6,"1,140","1,209,540",942
G4,G4,OKC,VPS,Airbus,Narrow,A320,A320,320,17,"3,060","2,221,560","2,050"
G4,G4,OMA,AZA,Airbus,Narrow,A320,A320,320,8,"1,440","1,477,440","1,312"
G4,G4,OMA,GUF,Airbus,Narrow,A320,A319,319,8,"1,248","1,120,704","1,088"
G4,G4,OMA,LAS,Airbus,Narrow,A320,A319,319,9,"1,404","1,542,996","1,566"
G4,G4,OMA,PGD,Airbus,Narrow,A320,A319,319,2,312,"395,616",372
G4,G4,OMA,PGD,Airbus,Narrow,A320,A320,320,6,"1,080","1,369,440","1,116"
G4,G4,OMA,PIE,Boeing,Narrow,B737 Misc,B737-Max 8 Passenger,7M8,13,"2,470","2,934,360","2,181"
G4,G4,OMA,SFB,Airbus,Narrow,A320,A320,320,5,900,"1,075,500",875
G4,G4,OMA,SFB,Boeing,Narrow,B737 Misc,B737-Max 8 Passenger,7M8,8,"1,520","1,816,400","1,394"
G4,G4,OMA,VPS,Airbus,Narrow,A320,A320,320,9,"1,620","1,475,820","1,339"
G4,G4,PBG,FLL,Boeing,Narrow,B737 Misc,B737-Max 8 Passenger,7M8,8,"1,520","2,032,240","1,672"
G4,G4,PBG,PIE,Boeing,Narrow,B737 Misc,B737-Max 8 Passenger,7M8,8,"1,520","1,921,280","1,560"
G4,G4,PBG,SFB,Airbus,Narrow,A320,A319,319,7,"1,092","1,286,376","1,261"
G4,G4,PBG,SFB,Boeing,Narrow,B737 Misc,B737-Max 8 Passenger,7M8,2,380,"447,640",358
G4,G4,PBI,AVL,Airbus,Narrow,A320,A320,320,15,"2,700","1,674,000","1,740"
G4,G4,PBI,AVL,Boeing,Narrow,B737 Misc,B737-Max 8 Passenger,7M8,1,190,"117,800",116
G4,G4,PBI,CVG,Airbus,Narrow,A320,A320,320,8,"1,440","1,284,480","1,184"
G4,G4,PBI,PIT,Airbus,Narrow,A320,A320,320,13,"2,340","2,227,680","2,041"
G4,G4,PDX,ATW,Airbus,Narrow,A320,A320,320,9,"1,620","2,692,440","1,936"
G4,G4,PDX,AZA,Airbus,Narrow,A320,A320,320,8,"1,440","1,480,320","1,288"
G4,G4,PDX,CVG,Airbus,Narrow,A320,A320,320,8,"1,440","2,844,000","2,096"
G4,G4,PDX,DSM,Airbus,Narrow,A320,A320,320,12,"2,160","3,177,360","2,328"
G4,G4,PDX,FNT,Airbus,Narrow,A320,A320,320,6,"1,080","2,070,360","1,458"
G4,G4,PDX,GRR,Airbus,Narrow,A320,A320,320,9,"1,620","2,969,460","2,063"
G4,G4,PDX,IDA,Airbus,Narrow,A320,A320,320,9,"1,620","873,180",899
G4,G4,PDX,IND,Airbus,Narrow,A320,A320,320,8,"1,440","2,702,880","1,992"
G4,G4,PDX,PVU,Airbus,Narrow,A320,A320,320,9,"1,620","1,075,680","1,012"
G4,G4,PGD,ABE,Airbus,Narrow,A320,A319,319,1,156,"158,808",160
G4,G4,PGD,ABE,Airbus,Narrow,A320,A320,320,22,"3,960","4,031,280","3,520"
G4,G4,PGD,ALB,Airbus,Narrow,A320,A319,319,2,312,"369,720",356
G4,G4,PGD,ALB,Airbus,Narrow,A320,A320,320,14,"2,520","2,986,200","2,492"
G4,G4,PGD,ATW,Airbus,Narrow,A320,A320,320,13,"2,340","2,925,000","2,387"
G4,G4,PGD,AVL,Airbus,Narrow,A320,A320,320,22,"3,960","2,328,480","2,312"
G4,G4,PGD,AVL,Boeing,Narrow,B737 Misc,B737-Max 8 Passenger,7M8,2,380,"223,440",210
G4,G4,PGD,BLV,Airbus,Narrow,A320,A319,319,3,468,"431,028",432
G4,G4,PGD,BLV,Airbus,Narrow,A320,A320,320,22,"3,960","3,647,160","3,172"
G4,G4,PGD,BNA,Airbus,Narrow,A320,A319,319,7,"1,092","755,664",845
G4,G4,PGD,BNA,Airbus,Narrow,A320,A320,320,2,360,"249,120",240
G4,G4,PGD,CAK,Airbus,Narrow,A320,A319,319,9,"1,404","1,354,860","1,359"
G4,G4,PGD,CAK,Airbus,Narrow,A320,A320,320,8,"1,440","1,389,600","1,208"
G4,G4,PGD,CID,Airbus,Narrow,A320,A319,319,4,624,"729,456",712
G4,G4,PGD,CID,Airbus,Narrow,A320,A320,320,9,"1,620","1,893,780","1,612"
G4,G4,PGD,CVG,Airbus,Narrow,A320,A320,320,43,"7,740","6,579,000","6,019"
G4,G4,PGD,DAY,Airbus,Narrow,A320,A320,320,8,"1,440","1,301,760","1,144"
G4,G4,PGD,DSM,Airbus,Narrow,A320,A319,319,3,468,"564,408",555
G4,G4,PGD,DSM,Airbus,Narrow,A320,A320,320,10,"1,800","2,170,800","1,840"
G4,G4,PGD,FNT,Airbus,Narrow,A320,A319,319,1,156,"173,316",169
G4,G4,PGD,FNT,Airbus,Narrow,A320,A320,320,18,"3,240","3,599,640","3,042"
G4,G4,PGD,FWA,Airbus,Narrow,A320,A319,319,1,156,"153,816",153
G4,G4,PGD,FWA,Airbus,Narrow,A320,A320,320,11,"1,980","1,952,280","1,683"
G4,G4,PGD,GRR,Airbus,Narrow,A320,A320,320,13,"2,340","2,616,120","2,152"
G4,G4,PGD,IAD,Airbus,Narrow,A320,A319,319,1,156,"135,564",140
G4,G4,PGD,IAD,Airbus,Narrow,A320,A320,320,7,"1,260","1,094,940",980
G4,G4,PGD,IAG,Airbus,Narrow,A320,A320,320,11,"1,980","2,235,420","1,881"
G4,G4,PGD,IND,Airbus,Narrow,A320,A320,320,25,"4,500","4,126,500","3,680"
G4,G4,PGD,LCK,Airbus,Narrow,A320,A319,319,7,"1,092","971,880",994
G4,G4,PGD,LCK,Airbus,Narrow,A320,A320,320,10,"1,800","1,602,000","1,423"
G4,G4,PGD,LEX,Airbus,Narrow,A320,A319,319,1,156,"121,836",133
G4,G4,PGD,LEX,Airbus,Narrow,A320,A320,320,14,"2,520","1,968,120","1,802"
G4,G4,PGD,MCI,Airbus,Narrow,A320,A320,320,9,"1,620","1,824,120","1,616"
G4,G4,PGD,MDT,Airbus,Narrow,A320,A319,319,6,936,"901,368",905
G4,G4,PGD,MDT,Airbus,Narrow,A320,A320,320,7,"1,260","1,213,380","1,050"
G4,G4,PGD,MDW,Airbus,Narrow,A320,A319,319,8,"1,248","1,342,848","1,368"
G4,G4,PGD,MLI,Airbus,Narrow,A320,A320,320,9,"1,620","1,801,440","1,547"
G4,G4,PGD,OMA,Airbus,Narrow,A320,A319,319,2,312,"395,616",384
G4,G4,PGD,OMA,Airbus,Narrow,A320,A320,320,6,"1,080","1,369,440","1,152"
G4,G4,PGD,PIA,Airbus,Narrow,A320,A320,320,16,"2,880","3,006,720","2,565"
G4,G4,PGD,PIT,Airbus,Narrow,A320,A320,320,17,"3,060","2,879,460","2,504"
G4,G4,PGD,PSM,Airbus,Narrow,A320,A319,319,17,"2,652","3,391,908","3,145"
G4,G4,PGD,PVD,Airbus,Narrow,A320,A319,319,2,312,"369,408",358
G4,G4,PGD,PVD,Airbus,Narrow,A320,A320,320,11,"1,980","2,344,320","1,965"
G4,G4,PGD,RFD,Airbus,Narrow,A320,A319,319,4,624,"703,248",700
G4,G4,PGD,RFD,Airbus,Narrow,A320,A320,320,13,"2,340","2,637,180","2,282"
G4,G4,PGD,SBN,Airbus,Narrow,A320,A319,319,2,312,"326,976",320
G4,G4,PGD,SBN,Airbus,Narrow,A320,A320,320,15,"2,700","2,829,600","2,407"
G4,G4,PGD,SDF,Airbus,Narrow,A320,A319,319,11,"1,716","1,383,096","1,451"
G4,G4,PGD,SDF,Airbus,Narrow,A320,A320,320,4,720,"580,320",534
G4,G4,PGD,SDF,Boeing,Narrow,B737 Misc,B737-Max 8 Passenger,7M8,2,380,"306,280",264
G4,G4,PGD,SGF,Airbus,Narrow,A320,A319,319,9,"1,404","1,367,496","1,405"
G4,G4,PGD,SPI,Airbus,Narrow,A320,A319,319,1,156,"155,064",155
G4,G4,PGD,SPI,Airbus,Narrow,A320,A320,320,8,"1,440","1,431,360","1,222"
G4,G4,PGD,SWF,Airbus,Narrow,A320,A319,319,9,"1,404","1,545,804","1,600"
G4,G4,PGD,TOL,Airbus,Narrow,A320,A320,320,8,"1,440","1,463,040","1,224"
G4,G4,PGD,TTN,Airbus,Narrow,A320,A320,320,9,"1,620","1,634,580","1,476"
G4,G4,PGD,TYS,Airbus,Narrow,A320,A320,320,17,"3,060","1,909,440","1,858"
G4,G4,PGD,USA,Airbus,Narrow,A320,A319,319,8,"1,248","733,824",896
G4,G4,PGD,USA,Airbus,Narrow,A320,A320,320,1,180,"105,840",108
G4,G4,PHL,DSM,Airbus,Narrow,A320,A320,320,8,"1,440","1,399,680","1,312"
G4,G4,PHL,GRR,Airbus,Narrow,A320,A320,320,9,"1,620","928,260","1,125"
G4,G4,PHL,TYS,Boeing,Narrow,B737 Misc,B737-Max 8 Passenger,7M8,8,"1,520","842,080",984
G4,G4,PHX,SCK,Airbus,Narrow,A320,A319,319,9,"1,404","846,612",972
G4,G4,PHX,TYS,Airbus,Narrow,A320,A320,320,8,"1,440","2,302,560","1,696"
G4,G4,PIA,AZA,Airbus,Narrow,A320,A320,320,17,"3,060","4,014,720","3,321"
G4,G4,PIA,DEN,Airbus,Narrow,A320,A320,320,8,"1,440","1,141,920","1,176"
G4,G4,PIA,LAS,Airbus,Narrow,A320,A319,319,8,"1,248","1,763,424","1,690"
G4,G4,PIA,LAS,Airbus,Narrow,A320,A320,320,1,180,"254,340",210
G4,G4,PIA,PGD,Airbus,Narrow,A320,A320,320,16,"2,880","3,006,720","2,499"
G4,G4,PIA,PIE,Airbus,Narrow,A320,A320,320,2,360,"347,400",286
G4,G4,PIA,PIE,Boeing,Narrow,B737 Misc,B737-Max 8 Passenger,7M8,15,"2,850","2,750,250","2,142"
G4,G4,PIA,SFB,Airbus,Narrow,A320,A319,319,8,"1,248","1,184,352","1,160"
G4,G4,PIA,SFB,Airbus,Narrow,A320,A320,320,1,180,"170,820",146
G4,G4,PIA,SFB,Boeing,Narrow,B737 Misc,B737-Max 8 Passenger,7M8,4,760,"721,240",580
G4,G4,PIA,SRQ,Airbus,Narrow,A320,A320,320,8,"1,440","1,441,440","1,128"
G4,G4,PIA,VPS,Airbus,Narrow,A320,A320,320,12,"2,160","1,563,840","1,392"
G4,G4,PIE,ABE,Airbus,Narrow,A320,A320,320,23,"4,140","4,015,800","3,542"
G4,G4,PIE,ABE,Boeing,Narrow,B737 Misc,B737-Max 8 Passenger,7M8,3,570,"552,900",463
G4,G4,PIE,ACY,Airbus,Narrow,A320,A319,319,2,312,"287,352",292
G4,G4,PIE,ACY,Airbus,Narrow,A320,A320,320,2,360,"331,560",292
G4,G4,PIE,ACY,Boeing,Narrow,B737 Misc,B737-Max 8 Passenger,7M8,5,950,"874,950",727
G4,G4,PIE,ALB,Airbus,Narrow,A320,A319,319,7,"1,092","1,241,604","1,202"
G4,G4,PIE,ALB,Airbus,Narrow,A320,A320,320,2,360,"409,320",344
G4,G4,PIE,ALB,Boeing,Narrow,B737 Misc,B737-Max 8 Passenger,7M8,2,380,"432,060",350
G4,G4,PIE,ATW,Airbus,Narrow,A320,A320,320,3,540,"632,880",528
G4,G4,PIE,ATW,Boeing,Narrow,B737 Misc,B737-Max 8 Passenger,7M8,14,"2,660","3,117,520","2,465"
G4,G4,PIE,AVL,Airbus,Narrow,A320,A319,319,2,312,"161,616",194
G4,G4,PIE,AVL,Airbus,Narrow,A320,A320,320,43,"7,740","4,009,320","4,171"
G4,G4,PIE,AVL,Boeing,Narrow,B737 Misc,B737-Max 8 Passenger,7M8,6,"1,140","590,520",582
G4,G4,PIE,BGR,Airbus,Narrow,A320,A319,319,4,624,"869,232",808
G4,G4,PIE,BGR,Airbus,Narrow,A320,A320,320,9,"1,620","2,256,660","1,783"
G4,G4,PIE,BGR,Boeing,Narrow,B737 Misc,B737-Max 8 Passenger,7M8,4,760,"1,058,680",808
G4,G4,PIE,BLV,Airbus,Narrow,A320,A320,320,6,"1,080","908,280",822
G4,G4,PIE,BLV,Boeing,Narrow,B737 Misc,B737-Max 8 Passenger,7M8,11,"2,090","1,757,690","1,510"
G4,G4,PIE,BMI,Airbus,Narrow,A320,A320,320,3,540,"505,440",449
G4,G4,PIE,BMI,Boeing,Narrow,B737 Misc,B737-Max 8 Passenger,7M8,6,"1,140","1,067,040",894
G4,G4,PIE,BNA,Airbus,Narrow,A320,A319,319,2,312,"190,944",224
G4,G4,PIE,BNA,Airbus,Narrow,A320,A320,320,3,540,"330,480",336
G4,G4,PIE,BNA,Boeing,Narrow,B737 Misc,B737-Max 8 Passenger,7M8,3,570,"348,840",336
G4,G4,PIE,CAK,Airbus,Narrow,A320,A319,319,14,"2,184","1,963,416","2,011"
G4,G4,PIE,CAK,Airbus,Narrow,A320,A320,320,6,"1,080","970,920",862
G4,G4,PIE,CAK,Boeing,Narrow,B737 Misc,B737-Max 8 Passenger,7M8,1,190,"170,810",145
G4,G4,PIE,CHA,Airbus,Narrow,A320,A319,319,2,312,"160,056",192
G4,G4,PIE,CHA,Airbus,Narrow,A320,A320,320,1,180,"92,340",96
G4,G4,PIE,CHA,Boeing,Narrow,B737 Misc,B737-Max 8 Passenger,7M8,10,"1,900","974,700",959
G4,G4,PIE,CID,Airbus,Narrow,A320,A319,319,4,624,"679,536",668
G4,G4,PIE,CID,Airbus,Narrow,A320,A320,320,4,720,"784,080",668
G4,G4,PIE,CID,Boeing,Narrow,B737 Misc,B737-Max 8 Passenger,7M8,9,"1,710","1,862,190","1,503"
G4,G4,PIE,CKB,Airbus,Narrow,A320,A319,319,7,"1,092","870,324",916
G4,G4,PIE,CKB,Airbus,Narrow,A320,A320,320,2,360,"286,920",262
G4,G4,PIE,COS,Boeing,Narrow,B737 Misc,B737-Max 8 Passenger,7M8,9,"1,710","2,518,830","2,037"
G4,G4,PIE,CVG,Airbus,Narrow,A320,A319,319,1,156,"120,900",131
G4,G4,PIE,CVG,Airbus,Narrow,A320,A320,320,37,"6,660","5,161,500","4,849"
G4,G4,PIE,CVG,Boeing,Narrow,B737 Misc,B737-Max 8 Passenger,7M8,5,950,"736,250",656
G4,G4,PIE,DAY,Airbus,Narrow,A320,A319,319,4,624,"518,544",548
G4,G4,PIE,DAY,Airbus,Narrow,A320,A320,320,3,540,"448,740",410
G4,G4,PIE,DAY,Boeing,Narrow,B737 Misc,B737-Max 8 Passenger,7M8,2,380,"315,780",274
G4,G4,PIE,DSM,Airbus,Narrow,A320,A320,320,17,"3,060","3,442,500","2,946"
G4,G4,PIE,DSM,Boeing,Narrow,B737 Misc,B737-Max 8 Passenger,7M8,2,380,"427,500",346
G4,G4,PIE,ELM,Airbus,Narrow,A320,A320,320,4,720,"745,200",628
G4,G4,PIE,ELM,Boeing,Narrow,B737 Misc,B737-Max 8 Passenger,7M8,6,"1,140","1,179,900",942
G4,G4,PIE,EVV,Airbus,Narrow,A320,A320,320,7,"1,260","947,520",910
G4,G4,PIE,EVV,Boeing,Narrow,B737 Misc,B737-Max 8 Passenger,7M8,1,190,"142,880",130
G4,G4,PIE,EYW,Airbus,Narrow,A320,A319,319,23,"3,588","853,944","1,448"
G4,G4,PIE,EYW,Airbus,Narrow,A320,A320,320,2,360,"85,680",126
G4,G4,PIE,FNT,Airbus,Narrow,A320,A319,319,9,"1,404","1,458,756","1,449"
G4,G4,PIE,FNT,Airbus,Narrow,A320,A320,320,3,540,"561,060",483
G4,G4,PIE,FNT,Boeing,Narrow,B737 Misc,B737-Max 8 Passenger,7M8,5,950,"987,050",804
G4,G4,PIE,FSD,Boeing,Narrow,B737 Misc,B737-Max 8 Passenger,7M8,8,"1,520","2,027,680","1,568"
G4,G4,PIE,FWA,Airbus,Narrow,A320,A319,319,6,936,"852,696",862
G4,G4,PIE,FWA,Airbus,Narrow,A320,A320,320,1,180,"163,980",143
G4,G4,PIE,FWA,Boeing,Narrow,B737 Misc,B737-Max 8 Passenger,7M8,10,"1,900","1,730,900","1,434"
G4,G4,PIE,GRR,Airbus,Narrow,A320,A319,319,3,468,"488,592",477
G4,G4,PIE,GRR,Airbus,Narrow,A320,A320,320,19,"3,420","3,570,480","3,019"
G4,G4,PIE,GRR,Boeing,Narrow,B737 Misc,B737-Max 8 Passenger,7M8,5,950,"991,800",795
G4,G4,PIE,GSO,Airbus,Narrow,A320,A319,319,2,312,"182,832",212
G4,G4,PIE,GSO,Boeing,Narrow,B737 Misc,B737-Max 8 Passenger,7M8,7,"1,330","779,380",738
G4,G4,PIE,GSP,Airbus,Narrow,A320,A320,320,6,"1,080","520,560",540
G4,G4,PIE,GSP,Boeing,Narrow,B737 Misc,B737-Max 8 Passenger,7M8,11,"2,090","1,007,380",997
G4,G4,PIE,HGR,Airbus,Narrow,A320,A319,319,2,312,"268,632",280
G4,G4,PIE,HGR,Airbus,Narrow,A320,A320,320,1,180,"154,980",140
G4,G4,PIE,HGR,Boeing,Narrow,B737 Misc,B737-Max 8 Passenger,7M8,5,950,"817,950",700
G4,G4,PIE,HSV,Airbus,Narrow,A320,A319,319,8,"1,248","652,704",824
G4,G4,PIE,HTS,Airbus,Narrow,A320,A319,319,7,"1,092","786,240",831
G4,G4,PIE,HTS,Airbus,Narrow,A320,A320,320,6,"1,080","777,600",713
G4,G4,PIE,HTS,Boeing,Narrow,B737 Misc,B737-Max 8 Passenger,7M8,12,"2,280","1,641,600","1,427"
G4,G4,PIE,IAG,Boeing,Narrow,B737 Misc,B737-Max 8 Passenger,7M8,8,"1,520","1,623,360","1,296"
G4,G4,PIE,ICT,Airbus,Narrow,A320,A320,320,1,180,"195,660",176
G4,G4,PIE,ICT,Boeing,Narrow,B737 Misc,B737-Max 8 Passenger,7M8,8,"1,520","1,652,240","1,384"
G4,G4,PIE,IND,Airbus,Narrow,A320,A320,320,14,"2,520","2,116,800","1,962"
G4,G4,PIE,IND,Boeing,Narrow,B737 Misc,B737-Max 8 Passenger,7M8,12,"2,280","1,915,200","1,682"
G4,G4,PIE,LCK,Airbus,Narrow,A320,A319,319,8,"1,248","1,023,360","1,080"
G4,G4,PIE,LCK,Airbus,Narrow,A320,A320,320,10,"1,800","1,476,000","1,350"
G4,G4,PIE,LCK,Boeing,Narrow,B737 Misc,B737-Max 8 Passenger,7M8,7,"1,330","1,090,600",945
G4,G4,PIE,LEX,Airbus,Narrow,A320,A319,319,5,780,"550,680",600
G4,G4,PIE,LEX,Airbus,Narrow,A320,A320,320,9,"1,620","1,143,720","1,082"
G4,G4,PIE,LEX,Boeing,Narrow,B737 Misc,B737-Max 8 Passenger,7M8,11,"2,090","1,475,540","1,320"
G4,G4,PIE,LIT,Airbus,Narrow,A320,A319,319,9,"1,404","1,030,536","1,131"
G4,G4,PIE,MCI,Airbus,Narrow,A320,A319,319,3,468,"489,060",510
G4,G4,PIE,MCI,Boeing,Narrow,B737 Misc,B737-Max 8 Passenger,7M8,13,"2,470","2,581,150","2,210"
G4,G4,PIE,MDT,Airbus,Narrow,A320,A319,319,2,312,"284,232",290
G4,G4,PIE,MDT,Boeing,Narrow,B737 Misc,B737-Max 8 Passenger,7M8,15,"2,850","2,596,350","2,183"
G4,G4,PIE,MEM,Boeing,Narrow,B737 Misc,B737-Max 8 Passenger,7M8,8,"1,520","992,560",952
G4,G4,PIE,MLI,Boeing,Narrow,B737 Misc,B737-Max 8 Passenger,7M8,8,"1,520","1,570,160","1,272"
G4,G4,PIE,OMA,Boeing,Narrow,B737 Misc,B737-Max 8 Passenger,7M8,13,"2,470","2,934,360","2,360"
G4,G4,PIE,PBG,Boeing,Narrow,B737 Misc,B737-Max 8 Passenger,7M8,8,"1,520","1,921,280","1,472"
G4,G4,PIE,PIA,Airbus,Narrow,A320,A320,320,2,360,"347,400",302
G4,G4,PIE,PIA,Boeing,Narrow,B737 Misc,B737-Max 8 Passenger,7M8,15,"2,850","2,750,250","2,269"
G4,G4,PIE,PIT,Airbus,Narrow,A320,A320,320,21,"3,780","3,318,840","2,983"
G4,G4,PIE,PSM,Airbus,Narrow,A320,A319,319,1,156,"193,128",184
G4,G4,PIE,PSM,Airbus,Narrow,A320,A320,320,4,720,"891,360",736
G4,G4,PIE,PSM,Boeing,Narrow,B737 Misc,B737-Max 8 Passenger,7M8,3,570,"705,660",552
G4,G4,PIE,RFD,Boeing,Narrow,B737 Misc,B737-Max 8 Passenger,7M8,13,"2,470","2,591,030","2,145"
G4,G4,PIE,RIC,Airbus,Narrow,A320,A319,319,3,468,"342,108",375
G4,G4,PIE,RIC,Airbus,Narrow,A320,A320,320,5,900,"657,900",621
G4,G4,PIE,RIC,Boeing,Narrow,B737 Misc,B737-Max 8 Passenger,7M8,1,190,"138,890",125
G4,G4,PIE,ROA,Airbus,Narrow,A320,A319,319,2,312,"208,104",242
G4,G4,PIE,ROA,Airbus,Narrow,A320,A320,320,5,900,"600,300",605
G4,G4,PIE,ROA,Boeing,Narrow,B737 Misc,B737-Max 8 Passenger,7M8,1,190,"126,730",121
G4,G4,PIE,SBN,Airbus,Narrow,A320,A319,319,8,"1,248","1,213,056","1,192"
G4,G4,PIE,SBN,Airbus,Narrow,A320,A320,320,4,720,"699,840",596
G4,G4,PIE,SBN,Boeing,Narrow,B737 Misc,B737-Max 8 Passenger,7M8,1,190,"184,680",151
G4,G4,PIE,SDF,Airbus,Narrow,A320,A319,319,9,"1,404","1,023,516","1,151"
G4,G4,PIE,SGF,Airbus,Narrow,A320,A319,319,13,"2,028","1,815,060","1,898"
G4,G4,PIE,SGF,Airbus,Narrow,A320,A320,320,6,"1,080","966,600",876
G4,G4,PIE,SGF,Boeing,Narrow,B737 Misc,B737-Max 8 Passenger,7M8,7,"1,330","1,190,350","1,031"
G4,G4,PIE,SWF,Boeing,Narrow,B737 Misc,B737-Max 8 Passenger,7M8,10,"1,900","2,004,500","1,720"
G4,G4,PIE,SYR,Airbus,Narrow,A320,A319,319,8,"1,248","1,385,280","1,320"
G4,G4,PIE,SYR,Boeing,Narrow,B737 Misc,B737-Max 8 Passenger,7M8,4,760,"843,600",660
G4,G4,PIE,TOL,Airbus,Narrow,A320,A319,319,10,"1,560","1,474,200","1,460"
G4,G4,PIE,TOL,Boeing,Narrow,B737 Misc,B737-Max 8 Passenger,7M8,2,380,"359,100",292
G4,G4,PIE,TRI,Airbus,Narrow,A320,A319,319,5,780,"460,200",520
G4,G4,PIE,TRI,Airbus,Narrow,A320,A320,320,4,720,"424,800",416
G4,G4,PIE,TTN,Airbus,Narrow,A320,A319,319,7,"1,092","1,051,596","1,106"
G4,G4,PIE,TTN,Airbus,Narrow,A320,A320,320,1,180,"173,340",158
G4,G4,PIE,TUL,Airbus,Narrow,A320,A319,319,4,624,"599,664",612
G4,G4,PIE,TUL,Boeing,Narrow,B737 Misc,B737-Max 8 Passenger,7M8,4,760,"730,360",612
G4,G4,PIE,TVC,Boeing,Narrow,B737 Misc,B737-Max 8 Passenger,7M8,8,"1,520","1,779,920","1,416"
G4,G4,PIE,TYS,Airbus,Narrow,A320,A320,320,46,"8,280","4,545,720","4,690"
G4,G4,PIE,TYS,Boeing,Narrow,B737 Misc,B737-Max 8 Passenger,7M8,5,950,"521,550",509
G4,G4,PIE,USA,Airbus,Narrow,A320,A319,319,1,156,"82,212",102
G4,G4,PIE,USA,Airbus,Narrow,A320,A320,320,3,540,"284,580",306
G4,G4,PIE,USA,Boeing,Narrow,B737 Misc,B737-Max 8 Passenger,7M8,13,"2,470","1,301,690","1,325"
G4,G4,PIE,XNA,Airbus,Narrow,A320,A319,319,5,780,"694,980",730
G4,G4,PIE,XNA,Airbus,Narrow,A320,A320,320,2,360,"320,760",290
G4,G4,PIE,XNA,Boeing,Narrow,B737 Misc,B737-Max 8 Passenger,7M8,2,380,"338,580",290
G4,G4,PIT,AUS,Airbus,Narrow,A320,A320,320,9,"1,620","1,960,200","1,661"
G4,G4,PIT,BNA,Airbus,Narrow,A320,A320,320,8,"1,440","665,280",752
G4,G4,PIT,EYW,Airbus,Narrow,A320,A320,320,9,"1,620","1,785,240","1,488"
G4,G4,PIT,JAX,Airbus,Narrow,A320,A320,320,17,"3,060","2,126,700","2,005"
G4,G4,PIT,MLB,Airbus,Narrow,A320,A320,320,8,"1,440","1,231,200","1,048"
G4,G4,PIT,MYR,Airbus,Narrow,A320,A320,320,17,"3,060","1,456,560","1,575"
G4,G4,PIT,PBI,Airbus,Narrow,A320,A320,320,13,"2,340","2,227,680","1,979"
G4,G4,PIT,PGD,Airbus,Narrow,A320,A320,320,17,"3,060","2,879,460","2,509"
G4,G4,PIT,PIE,Airbus,Narrow,A320,A320,320,21,"3,780","3,318,840","2,943"
G4,G4,PIT,SAV,Airbus,Narrow,A320,A319,319,10,"1,560","904,800","1,030"
G4,G4,PIT,SAV,Airbus,Narrow,A320,A320,320,3,540,"313,200",309
G4,G4,PIT,SFB,Airbus,Narrow,A320,A319,319,1,156,"126,360",128
G4,G4,PIT,SFB,Airbus,Narrow,A320,A320,320,9,"1,620","1,312,200","1,152"
G4,G4,PIT,SFB,Boeing,Narrow,B737 Misc,B737-Max 8 Passenger,7M8,7,"1,330","1,077,300",897
G4,G4,PIT,SRQ,Airbus,Narrow,A320,A320,320,16,"2,880","2,629,440","2,368"
G4,G4,PIT,VPS,Airbus,Narrow,A320,A320,320,16,"2,880","2,234,880","2,003"
G4,G4,PSC,AZA,Airbus,Narrow,A320,A320,320,11,"1,980","1,934,460","1,694"
G4,G4,PSC,LAS,Airbus,Narrow,A320,A319,319,8,"1,248","913,536","1,065"
G4,G4,PSC,LAS,Airbus,Narrow,A320,A320,320,1,180,"131,760",133
G4,G4,PSC,SNA,Airbus,Narrow,A320,A320,320,8,"1,440","1,254,240","1,184"
G4,G4,PSM,PGD,Airbus,Narrow,A320,A319,319,17,"2,652","3,391,908","3,458"
G4,G4,PSM,PIE,Airbus,Narrow,A320,A319,319,1,156,"193,128",194
G4,G4,PSM,PIE,Airbus,Narrow,A320,A320,320,4,720,"891,360",776
G4,G4,PSM,PIE,Boeing,Narrow,B737 Misc,B737-Max 8 Passenger,7M8,3,570,"705,660",582
G4,G4,PSM,SFB,Airbus,Narrow,A320,A319,319,4,624,"713,856",740
G4,G4,PSM,SFB,Airbus,Narrow,A320,A320,320,2,360,"411,840",370
G4,G4,PSM,SFB,Boeing,Narrow,B737 Misc,B737-Max 8 Passenger,7M8,2,380,"434,720",370
G4,G4,PVD,PGD,Airbus,Narrow,A320,A319,319,2,312,"369,408",368
G4,G4,PVD,PGD,Airbus,Narrow,A320,A320,320,11,"1,980","2,344,320","2,032"
G4,G4,PVU,AUS,Airbus,Narrow,A320,A320,320,9,"1,620","1,702,620","1,416"
G4,G4,PVU,AZA,Airbus,Narrow,A320,A320,320,57,"10,260","4,894,020","5,532"
G4,G4,PVU,BNA,Airbus,Narrow,A320,A320,320,9,"1,620","2,246,940","1,790"
G4,G4,PVU,BUR,Airbus,Narrow,A320,A320,320,8,"1,440","796,320",904
G4,G4,PVU,HOU,Airbus,Narrow,A320,A320,320,13,"2,340","2,763,540","2,351"
G4,G4,PVU,MDW,Airbus,Narrow,A320,A320,320,8,"1,440","1,805,760","1,512"
G4,G4,PVU,PDX,Airbus,Narrow,A320,A320,320,9,"1,620","1,075,680","1,095"
G4,G4,PVU,SNA,Airbus,Narrow,A320,A320,320,42,"7,560","4,271,400","4,616"
G4,G4,RAP,AZA,Airbus,Narrow,A320,A320,320,18,"3,240","2,828,520","2,569"
G4,G4,RAP,LAS,Airbus,Narrow,A320,A319,319,7,"1,092","920,556","1,029"
G4,G4,RAP,LAS,Airbus,Narrow,A320,A320,320,1,180,"151,740",147
G4,G4,RAP,SFB,Boeing,Narrow,B737 Misc,B737-Max 8 Passenger,7M8,8,"1,520","2,430,480","1,768"
G4,G4,RFD,AZA,Airbus,Narrow,A320,A320,320,17,"3,060","4,201,380","3,479"
G4,G4,RFD,BNA,Airbus,Narrow,A320,A319,319,8,"1,248","546,624",680
G4,G4,RFD,FLL,Boeing,Narrow,B737 Misc,B737-Max 8 Passenger,7M8,8,"1,520","1,857,440","1,424"
G4,G4,RFD,LAS,Airbus,Narrow,A320,A319,319,7,"1,092","1,589,952","1,512"
G4,G4,RFD,LAS,Airbus,Narrow,A320,A320,320,1,180,"262,080",216
G4,G4,RFD,PGD,Airbus,Narrow,A320,A319,319,4,624,"703,248",684
G4,G4,RFD,PGD,Airbus,Narrow,A320,A320,320,13,"2,340","2,637,180","2,226"
G4,G4,RFD,PIE,Boeing,Narrow,B737 Misc,B737-Max 8 Passenger,7M8,13,"2,470","2,591,030","2,068"
G4,G4,RFD,SFB,Airbus,Narrow,A320,A319,319,1,156,"159,900",154
G4,G4,RFD,SFB,Airbus,Narrow,A320,A320,320,3,540,"553,500",465
G4,G4,RFD,SFB,Boeing,Narrow,B737 Misc,B737-Max 8 Passenger,7M8,13,"2,470","2,531,750","2,015"
G4,G4,RFD,SRQ,Airbus,Narrow,A320,A320,320,8,"1,440","1,562,400","1,320"
G4,G4,RIC,BNA,Airbus,Narrow,A320,A319,319,6,936,"493,272",666
G4,G4,RIC,BNA,Airbus,Narrow,A320,A320,320,2,360,"189,720",222
G4,G4,RIC,PIE,Airbus,Narrow,A320,A319,319,3,468,"342,108",378
G4,G4,RIC,PIE,Airbus,Narrow,A320,A320,320,5,900,"657,900",634
G4,G4,RIC,PIE,Boeing,Narrow,B737 Misc,B737-Max 8 Passenger,7M8,1,190,"138,890",126
G4,G4,ROA,PIE,Airbus,Narrow,A320,A319,319,2,312,"208,104",228
G4,G4,ROA,PIE,Airbus,Narrow,A320,A320,320,5,900,"600,300",570
G4,G4,ROA,PIE,Boeing,Narrow,B737 Misc,B737-Max 8 Passenger,7M8,1,190,"126,730",114
G4,G4,ROA,SFB,Airbus,Narrow,A320,A319,319,2,312,"185,328",210
G4,G4,ROA,SFB,Boeing,Narrow,B737 Misc,B737-Max 8 Passenger,7M8,7,"1,330","790,020",743
G4,G4,RSW,ABE,Airbus,Narrow,A320,A320,320,8,"1,440","1,494,720","1,336"
G4,G4,SAV,ATW,Airbus,Narrow,A320,A320,320,4,720,"666,720",584
G4,G4,SAV,BLV,Airbus,Narrow,A320,A319,319,1,156,"102,648",117
G4,G4,SAV,BLV,Airbus,Narrow,A320,A320,320,3,540,"355,320",351
G4,G4,SAV,CAK,Airbus,Narrow,A320,A319,319,24,"3,744","2,268,864","2,598"
G4,G4,SAV,CVG,Airbus,Narrow,A320,A319,319,13,"2,028","1,044,420","1,312"
G4,G4,SAV,CVG,Airbus,Narrow,A320,A320,320,12,"2,160","1,112,400","1,212"
G4,G4,SAV,IAD,Airbus,Narrow,A320,A319,319,4,624,"321,360",400
G4,G4,SAV,IND,Airbus,Narrow,A320,A320,320,4,720,"429,120",448
G4,G4,SAV,LCK,Airbus,Narrow,A320,A319,319,17,"2,652","1,429,428","1,720"
G4,G4,SAV,PIT,Airbus,Narrow,A320,A319,319,10,"1,560","904,800","1,071"
G4,G4,SAV,PIT,Airbus,Narrow,A320,A320,320,3,540,"313,200",321
G4,G4,SAV,SDF,Airbus,Narrow,A320,A319,319,8,"1,248","611,520",792
G4,G4,SBN,AZA,Airbus,Narrow,A320,A320,320,13,"2,340","3,512,340","2,901"
G4,G4,SBN,FLL,Boeing,Narrow,B737 Misc,B737-Max 8 Passenger,7M8,9,"1,710","1,937,430","1,566"
G4,G4,SBN,LAS,Airbus,Narrow,A320,A319,319,8,"1,248","1,989,312","1,920"
G4,G4,SBN,PGD,Airbus,Narrow,A320,A319,319,2,312,"326,976",326
G4,G4,SBN,PGD,Airbus,Narrow,A320,A320,320,15,"2,700","2,829,600","2,445"
G4,G4,SBN,PIE,Airbus,Narrow,A320,A319,319,8,"1,248","1,213,056","1,160"
G4,G4,SBN,PIE,Airbus,Narrow,A320,A320,320,4,720,"699,840",580
G4,G4,SBN,PIE,Boeing,Narrow,B737 Misc,B737-Max 8 Passenger,7M8,1,190,"184,680",145
G4,G4,SBN,SFB,Airbus,Narrow,A320,A319,319,11,"1,716","1,606,176","1,577"
G4,G4,SBN,SFB,Airbus,Narrow,A320,A320,320,10,"1,800","1,684,800","1,430"
G4,G4,SBN,SFB,Boeing,Narrow,B737 Misc,B737-Max 8 Passenger,7M8,4,760,"711,360",572
G4,G4,SBN,SRQ,Airbus,Narrow,A320,A320,320,8,"1,440","1,452,960","1,176"
G4,G4,SCK,LAS,Airbus,Narrow,A320,A319,319,29,"4,524","1,624,116","2,320"
G4,G4,SCK,LAS,Airbus,Narrow,A320,A320,320,2,360,"129,240",160
G4,G4,SCK,PHX,Airbus,Narrow,A320,A319,319,9,"1,404","846,612",981
G4,G4,SDF,FLL,Boeing,Narrow,B737 Misc,B737-Max 8 Passenger,7M8,13,"2,470","2,213,120","1,922"
G4,G4,SDF,GUF,Airbus,Narrow,A320,A319,319,9,"1,404","789,048",954
G4,G4,SDF,MYR,Airbus,Narrow,A320,A320,320,3,540,"265,680",276
G4,G4,SDF,PGD,Airbus,Narrow,A320,A319,319,11,"1,716","1,383,096","1,485"
G4,G4,SDF,PGD,Airbus,Narrow,A320,A320,320,4,720,"580,320",540
G4,G4,SDF,PGD,Boeing,Narrow,B737 Misc,B737-Max 8 Passenger,7M8,2,380,"306,280",270
G4,G4,SDF,PIE,Airbus,Narrow,A320,A319,319,9,"1,404","1,023,516","1,113"
G4,G4,SDF,SAV,Airbus,Narrow,A320,A319,319,8,"1,248","611,520",728
G4,G4,SDF,SFB,Airbus,Narrow,A320,A319,319,3,468,"326,664",357
G4,G4,SDF,SFB,Airbus,Narrow,A320,A320,320,5,900,"628,200",595
G4,G4,SDF,SFB,Boeing,Narrow,B737 Misc,B737-Max 8 Passenger,7M8,4,760,"530,480",476
G4,G4,SDF,SRQ,Airbus,Narrow,A320,A319,319,3,468,"358,488",375
G4,G4,SDF,SRQ,Airbus,Narrow,A320,A320,320,5,900,"689,400",625
G4,G4,SDF,VPS,Airbus,Narrow,A320,A320,320,12,"2,160","1,149,120","1,188"
G4,G4,SFB,ABE,Airbus,Narrow,A320,A319,319,6,936,"825,552",894
G4,G4,SFB,ABE,Airbus,Narrow,A320,A320,320,43,"7,740","6,826,680","6,403"
G4,G4,SFB,ABE,Boeing,Narrow,B737 Misc,B737-Max 8 Passenger,7M8,8,"1,520","1,340,640","1,190"
G4,G4,SFB,ACY,Boeing,Narrow,B737 Misc,B737-Max 8 Passenger,7M8,8,"1,520","1,260,080","1,104"
G4,G4,SFB,ALB,Boeing,Narrow,B737 Misc,B737-Max 8 Passenger,7M8,8,"1,520","1,594,480","1,352"
G4,G4,SFB,ATW,Airbus,Narrow,A320,A320,320,15,"2,700","3,080,700","2,603"
G4,G4,SFB,ATW,Boeing,Narrow,B737 Misc,B737-Max 8 Passenger,7M8,2,380,"433,580",346
G4,G4,SFB,AUS,Boeing,Narrow,B737 Misc,B737-Max 8 Passenger,7M8,8,"1,520","1,510,880","1,280"
G4,G4,SFB,AVL,Airbus,Narrow,A320,A319,319,1,156,"72,540",93
G4,G4,SFB,AVL,Airbus,Narrow,A320,A320,320,36,"6,480","3,013,200","3,348"
G4,G4,SFB,AVL,Boeing,Narrow,B737 Misc,B737-Max 8 Passenger,7M8,1,190,"88,350",93
G4,G4,SFB,BGR,Airbus,Narrow,A320,A319,319,6,936,"1,215,864","1,126"
G4,G4,SFB,BGR,Airbus,Narrow,A320,A320,320,7,"1,260","1,636,740","1,311"
G4,G4,SFB,BGR,Boeing,Narrow,B737 Misc,B737-Max 8 Passenger,7M8,10,"1,900","2,468,100","1,878"
G4,G4,SFB,BLV,Airbus,Narrow,A320,A319,319,13,"2,028","1,693,380","1,781"
G4,G4,SFB,BLV,Airbus,Narrow,A320,A320,320,6,"1,080","901,800",822
G4,G4,SFB,BLV,Boeing,Narrow,B737 Misc,B737-Max 8 Passenger,7M8,7,"1,330","1,110,550",977
G4,G4,SFB,BMI,Airbus,Narrow,A320,A319,319,2,312,"286,104",296
G4,G4,SFB,BMI,Airbus,Narrow,A320,A320,320,3,540,"495,180",444
G4,G4,SFB,BMI,Boeing,Narrow,B737 Misc,B737-Max 8 Passenger,7M8,8,"1,520","1,393,840","1,188"
G4,G4,SFB,BNA,Airbus,Narrow,A320,A319,319,7,"1,092","653,016",770
G4,G4,SFB,BNA,Airbus,Narrow,A320,A320,320,6,"1,080","645,840",654
G4,G4,SFB,CAK,Airbus,Narrow,A320,A319,319,8,"1,248","1,044,576","1,080"
G4,G4,SFB,CAK,Boeing,Narrow,B737 Misc,B737-Max 8 Passenger,7M8,8,"1,520","1,272,240","1,080"
G4,G4,SFB,CHA,Airbus,Narrow,A320,A319,319,1,156,"76,440",97
G4,G4,SFB,CHA,Airbus,Narrow,A320,A320,320,1,180,"88,200",96
G4,G4,SFB,CHA,Boeing,Narrow,B737 Misc,B737-Max 8 Passenger,7M8,7,"1,330","651,700",679
G4,G4,SFB,CID,Airbus,Narrow,A320,A319,319,3,468,"504,504",501
G4,G4,SFB,CID,Airbus,Narrow,A320,A320,320,3,540,"582,120",501
G4,G4,SFB,CID,Boeing,Narrow,B737 Misc,B737-Max 8 Passenger,7M8,11,"2,090","2,253,020","1,840"
G4,G4,SFB,CKB,Airbus,Narrow,A320,A319,319,1,156,"113,412",122
G4,G4,SFB,CKB,Airbus,Narrow,A320,A320,320,4,720,"523,440",488
G4,G4,SFB,CKB,Boeing,Narrow,B737 Misc,B737-Max 8 Passenger,7M8,3,570,"414,390",366
G4,G4,SFB,COU,Airbus,Narrow,A320,A319,319,3,468,"437,580",477
G4,G4,SFB,COU,Airbus,Narrow,A320,A320,320,5,900,"841,500",795
G4,G4,SFB,CVG,Airbus,Narrow,A320,A319,319,4,624,"458,640",514
G4,G4,SFB,CVG,Airbus,Narrow,A320,A320,320,38,"6,840","5,027,400","4,866"
G4,G4,SFB,DAY,Airbus,Narrow,A320,A319,319,4,624,"489,840",544
G4,G4,SFB,DAY,Airbus,Narrow,A320,A320,320,2,360,"282,600",272
G4,G4,SFB,DAY,Boeing,Narrow,B737 Misc,B737-Max 8 Passenger,7M8,2,380,"298,300",272
G4,G4,SFB,DSM,Airbus,Narrow,A320,A319,319,2,312,"350,376",344
G4,G4,SFB,DSM,Airbus,Narrow,A320,A320,320,6,"1,080","1,212,840","1,032"
G4,G4,SFB,DSM,Boeing,Narrow,B737 Misc,B737-Max 8 Passenger,7M8,11,"2,090","2,347,070","1,903"
G4,G4,SFB,ELM,Airbus,Narrow,A320,A319,319,1,156,"148,824",154
G4,G4,SFB,ELM,Airbus,Narrow,A320,A320,320,2,360,"343,440",306
G4,G4,SFB,ELM,Boeing,Narrow,B737 Misc,B737-Max 8 Passenger,7M8,7,"1,330","1,268,820","1,071"
G4,G4,SFB,EVV,Airbus,Narrow,A320,A319,319,6,936,"687,024",762
G4,G4,SFB,EVV,Airbus,Narrow,A320,A320,320,4,720,"528,480",508
G4,G4,SFB,EVV,Boeing,Narrow,B737 Misc,B737-Max 8 Passenger,7M8,7,"1,330","976,220",889
G4,G4,SFB,EYW,Airbus,Narrow,A320,A319,319,17,"2,652","774,384","1,311"
G4,G4,SFB,FAR,Boeing,Narrow,B737 Misc,B737-Max 8 Passenger,7M8,9,"1,710","2,576,970","2,030"
G4,G4,SFB,FNT,Airbus,Narrow,A320,A320,320,16,"2,880","2,845,440","2,591"
G4,G4,SFB,FNT,Boeing,Narrow,B737 Misc,B737-Max 8 Passenger,7M8,1,190,"187,720",162
G4,G4,SFB,FSD,Airbus,Narrow,A320,A320,320,6,"1,080","1,440,720","1,224"
G4,G4,SFB,FSD,Boeing,Narrow,B737 Misc,B737-Max 8 Passenger,7M8,7,"1,330","1,774,220","1,435"
G4,G4,SFB,FWA,Airbus,Narrow,A320,A319,319,5,780,"678,600",690
G4,G4,SFB,FWA,Airbus,Narrow,A320,A320,320,4,720,"626,400",557
G4,G4,SFB,FWA,Boeing,Narrow,B737 Misc,B737-Max 8 Passenger,7M8,8,"1,520","1,322,400","1,104"
G4,G4,SFB,GRR,Airbus,Narrow,A320,A320,320,21,"3,780","3,783,780","3,299"
G4,G4,SFB,GRR,Boeing,Narrow,B737 Misc,B737-Max 8 Passenger,7M8,6,"1,140","1,141,140",942
G4,G4,SFB,GSP,Airbus,Narrow,A320,A320,320,2,360,"153,360",168
G4,G4,SFB,GSP,Boeing,Narrow,B737 Misc,B737-Max 8 Passenger,7M8,15,"2,850","1,214,100","1,264"
G4,G4,SFB,HGR,Airbus,Narrow,A320,A319,319,6,936,"730,080",816
G4,G4,SFB,HGR,Airbus,Narrow,A320,A320,320,7,"1,260","982,800",959
G4,G4,SFB,HSV,Airbus,Narrow,A320,A319,319,4,624,"323,856",400
G4,G4,SFB,HSV,Airbus,Narrow,A320,A320,320,3,540,"280,260",300
G4,G4,SFB,HSV,Boeing,Narrow,B737 Misc,B737-Max 8 Passenger,7M8,2,380,"197,220",200
G4,G4,SFB,HTS,Airbus,Narrow,A320,A319,319,8,"1,248","829,920",922
G4,G4,SFB,HTS,Airbus,Narrow,A320,A320,320,7,"1,260","837,900",805
G4,G4,SFB,HTS,Boeing,Narrow,B737 Misc,B737-Max 8 Passenger,7M8,2,380,"252,700",230
G4,G4,SFB,ICT,Airbus,Narrow,A320,A319,319,2,312,"348,504",348
G4,G4,SFB,ICT,Airbus,Narrow,A320,A320,320,2,360,"402,120",348
G4,G4,SFB,ICT,Boeing,Narrow,B737 Misc,B737-Max 8 Passenger,7M8,4,760,"848,920",696
G4,G4,SFB,IND,Airbus,Narrow,A320,A319,319,9,"1,404","1,134,432","1,254"
G4,G4,SFB,IND,Airbus,Narrow,A320,A320,320,24,"4,320","3,490,560","3,315"
G4,G4,SFB,LAS,Airbus,Narrow,A320,A319,319,4,624,"1,269,216","1,220"
G4,G4,SFB,LCK,Airbus,Narrow,A320,A319,319,11,"1,716","1,316,172","1,445"
G4,G4,SFB,LCK,Airbus,Narrow,A320,A320,320,3,540,"414,180",393
G4,G4,SFB,LCK,Boeing,Narrow,B737 Misc,B737-Max 8 Passenger,7M8,3,570,"437,190",393
G4,G4,SFB,LEX,Airbus,Narrow,A320,A319,319,16,"2,496","1,664,832","1,877"
G4,G4,SFB,LEX,Airbus,Narrow,A320,A320,320,12,"2,160","1,440,720","1,404"
G4,G4,SFB,LEX,Boeing,Narrow,B737 Misc,B737-Max 8 Passenger,7M8,1,190,"126,730",117
G4,G4,SFB,LIT,Airbus,Narrow,A320,A319,319,2,312,"238,992",268
G4,G4,SFB,LIT,Airbus,Narrow,A320,A320,320,4,720,"551,520",536
G4,G4,SFB,LIT,Boeing,Narrow,B737 Misc,B737-Max 8 Passenger,7M8,2,380,"291,080",268
G4,G4,SFB,LSE,Airbus,Narrow,A320,A320,320,4,720,"849,600",804
G4,G4,SFB,LSE,Boeing,Narrow,B737 Misc,B737-Max 8 Passenger,7M8,4,760,"896,800",804
G4,G4,SFB,MDT,Airbus,Narrow,A320,A319,319,10,"1,560","1,290,120","1,380"
G4,G4,SFB,MDT,Airbus,Narrow,A320,A320,320,16,"2,880","2,381,760","2,214"
G4,G4,SFB,MDT,Boeing,Narrow,B737 Misc,B737-Max 8 Passenger,7M8,4,760,"628,520",552
G4,G4,SFB,MEM,Airbus,Narrow,A320,A319,319,5,780,"523,380",620
G4,G4,SFB,MEM,Airbus,Narrow,A320,A320,320,3,540,"362,340",372
G4,G4,SFB,MFE,Airbus,Narrow,A320,A319,319,1,156,"165,048",174
G4,G4,SFB,MFE,Airbus,Narrow,A320,A320,320,2,360,"380,880",348
G4,G4,SFB,MFE,Boeing,Narrow,B737 Misc,B737-Max 8 Passenger,7M8,14,"2,660","2,814,280","2,441"
G4,G4,SFB,MLI,Airbus,Narrow,A320,A320,320,2,360,"366,480",312
G4,G4,SFB,MLI,Boeing,Narrow,B737 Misc,B737-Max 8 Passenger,7M8,6,"1,140","1,160,520",936
G4,G4,SFB,OKC,Airbus,Narrow,A320,A319,319,2,312,"331,032",336
G4,G4,SFB,OKC,Boeing,Narrow,B737 Misc,B737-Max 8 Passenger,7M8,6,"1,140","1,209,540","1,008"
G4,G4,SFB,OMA,Airbus,Narrow,A320,A320,320,5,900,"1,075,500",935
G4,G4,SFB,OMA,Boeing,Narrow,B737 Misc,B737-Max 8 Passenger,7M8,8,"1,520","1,816,400","1,506"
G4,G4,SFB,PBG,Airbus,Narrow,A320,A319,319,7,"1,092","1,286,376","1,227"
G4,G4,SFB,PBG,Boeing,Narrow,B737 Misc,B737-Max 8 Passenger,7M8,2,380,"447,640",352
G4,G4,SFB,PIA,Airbus,Narrow,A320,A319,319,8,"1,248","1,184,352","1,200"
G4,G4,SFB,PIA,Airbus,Narrow,A320,A320,320,1,180,"170,820",159
G4,G4,SFB,PIA,Boeing,Narrow,B737 Misc,B737-Max 8 Passenger,7M8,4,760,"721,240",600
G4,G4,SFB,PIT,Airbus,Narrow,A320,A319,319,1,156,"126,360",136
G4,G4,SFB,PIT,Airbus,Narrow,A320,A320,320,9,"1,620","1,312,200","1,224"
G4,G4,SFB,PIT,Boeing,Narrow,B737 Misc,B737-Max 8 Passenger,7M8,7,"1,330","1,077,300",950
G4,G4,SFB,PSM,Airbus,Narrow,A320,A319,319,4,624,"713,856",680
G4,G4,SFB,PSM,Airbus,Narrow,A320,A320,320,2,360,"411,840",340
G4,G4,SFB,PSM,Boeing,Narrow,B737 Misc,B737-Max 8 Passenger,7M8,2,380,"434,720",340
G4,G4,SFB,RAP,Boeing,Narrow,B737 Misc,B737-Max 8 Passenger,7M8,8,"1,520","2,430,480","1,928"
G4,G4,SFB,RFD,Airbus,Narrow,A320,A319,319,1,156,"159,900",171
G4,G4,SFB,RFD,Airbus,Narrow,A320,A320,320,3,540,"553,500",497
G4,G4,SFB,RFD,Boeing,Narrow,B737 Misc,B737-Max 8 Passenger,7M8,13,"2,470","2,531,750","2,159"
G4,G4,SFB,ROA,Airbus,Narrow,A320,A319,319,2,312,"185,328",228
G4,G4,SFB,ROA,Boeing,Narrow,B737 Misc,B737-Max 8 Passenger,7M8,7,"1,330","790,020",796
G4,G4,SFB,SBN,Airbus,Narrow,A320,A319,319,11,"1,716","1,606,176","1,641"
G4,G4,SFB,SBN,Airbus,Narrow,A320,A320,320,10,"1,800","1,684,800","1,490"
G4,G4,SFB,SBN,Boeing,Narrow,B737 Misc,B737-Max 8 Passenger,7M8,4,760,"711,360",596
G4,G4,SFB,SDF,Airbus,Narrow,A320,A319,319,3,468,"326,664",378
G4,G4,SFB,SDF,Airbus,Narrow,A320,A320,320,5,900,"628,200",630
G4,G4,SFB,SDF,Boeing,Narrow,B737 Misc,B737-Max 8 Passenger,7M8,4,760,"530,480",504
G4,G4,SFB,SGF,Airbus,Narrow,A320,A319,319,2,312,"285,168",312
G4,G4,SFB,SGF,Airbus,Narrow,A320,A320,320,11,"1,980","1,809,720","1,694"
G4,G4,SFB,SGF,Boeing,Narrow,B737 Misc,B737-Max 8 Passenger,7M8,4,760,"694,640",616
G4,G4,SFB,SHV,Airbus,Narrow,A320,A319,319,8,"1,248","987,168","1,104"
G4,G4,SFB,SWF,Airbus,Narrow,A320,A319,319,6,936,"903,240",984
G4,G4,SFB,SWF,Airbus,Narrow,A320,A320,320,1,180,"173,700",161
G4,G4,SFB,SWF,Boeing,Narrow,B737 Misc,B737-Max 8 Passenger,7M8,2,380,"366,700",328
G4,G4,SFB,SYR,Airbus,Narrow,A320,A319,319,3,468,"481,572",475
G4,G4,SFB,SYR,Airbus,Narrow,A320,A320,320,5,900,"926,100",785
G4,G4,SFB,SYR,Boeing,Narrow,B737 Misc,B737-Max 8 Passenger,7M8,1,190,"195,510",157
G4,G4,SFB,TOL,Airbus,Narrow,A320,A319,319,1,156,"139,620",142
G4,G4,SFB,TOL,Airbus,Narrow,A320,A320,320,1,180,"161,100",142
G4,G4,SFB,TOL,Boeing,Narrow,B737 Misc,B737-Max 8 Passenger,7M8,7,"1,330","1,190,350",994
G4,G4,SFB,TRI,Airbus,Narrow,A320,A319,319,8,"1,248","667,680",797
G4,G4,SFB,TRI,Airbus,Narrow,A320,A320,320,5,900,"481,500",495
G4,G4,SFB,TRI,Boeing,Narrow,B737 Misc,B737-Max 8 Passenger,7M8,4,760,"406,600",396
G4,G4,SFB,TUL,Airbus,Narrow,A320,A319,319,2,312,"310,440",328
G4,G4,SFB,TUL,Airbus,Narrow,A320,A320,320,1,180,"179,100",164
G4,G4,SFB,TUL,Boeing,Narrow,B737 Misc,B737-Max 8 Passenger,7M8,5,950,"945,250",820
G4,G4,SFB,TVC,Airbus,Narrow,A320,A319,319,1,156,"175,812",170
G4,G4,SFB,TVC,Airbus,Narrow,A320,A320,320,1,180,"202,860",170
G4,G4,SFB,TVC,Boeing,Narrow,B737 Misc,B737-Max 8 Passenger,7M8,7,"1,330","1,498,910","1,192"
G4,G4,SFB,TYS,Airbus,Narrow,A320,A319,319,5,780,"398,580",487
G4,G4,SFB,TYS,Airbus,Narrow,A320,A320,320,36,"6,480","3,311,280","3,525"
G4,G4,SFB,TYS,Boeing,Narrow,B737 Misc,B737-Max 8 Passenger,7M8,10,"1,900","970,900",980
G4,G4,SFB,USA,Airbus,Narrow,A320,A319,319,5,780,"355,680",470
G4,G4,SFB,USA,Boeing,Narrow,B737 Misc,B737-Max 8 Passenger,7M8,12,"2,280","1,039,680","1,128"
G4,G4,SFB,XNA,Airbus,Narrow,A320,A319,319,8,"1,248","1,148,160","1,248"
G4,G4,SFB,XNA,Airbus,Narrow,A320,A320,320,7,"1,260","1,159,200","1,092"
G4,G4,SGF,AZA,Airbus,Narrow,A320,A320,320,21,"3,780","4,029,480","3,473"
G4,G4,SGF,GUF,Airbus,Narrow,A320,A319,319,1,156,"92,196",109
G4,G4,SGF,GUF,Airbus,Narrow,A320,A320,320,8,"1,440","851,040",872
G4,G4,SGF,LAS,Airbus,Narrow,A320,A319,319,3,468,"566,280",561
G4,G4,SGF,LAS,Airbus,Narrow,A320,A320,320,10,"1,800","2,178,000","1,874"
G4,G4,SGF,PGD,Airbus,Narrow,A320,A319,319,9,"1,404","1,367,496","1,374"
G4,G4,SGF,PIE,Airbus,Narrow,A320,A319,319,13,"2,028","1,815,060","1,799"
G4,G4,SGF,PIE,Airbus,Narrow,A320,A320,320,6,"1,080","966,600",818
G4,G4,SGF,PIE,Boeing,Narrow,B737 Misc,B737-Max 8 Passenger,7M8,7,"1,330","1,190,350",955
G4,G4,SGF,SFB,Airbus,Narrow,A320,A319,319,2,312,"285,168",281
G4,G4,SGF,SFB,Airbus,Narrow,A320,A320,320,11,"1,980","1,809,720","1,554"
G4,G4,SGF,SFB,Boeing,Narrow,B737 Misc,B737-Max 8 Passenger,7M8,4,760,"694,640",568
G4,G4,SGF,VPS,Airbus,Narrow,A320,A320,320,12,"2,160","1,317,600","1,320"
G4,G4,SHV,BNA,Airbus,Narrow,A320,A319,319,6,936,"450,216",528
G4,G4,SHV,BNA,Boeing,Narrow,B737 Misc,B737-Max 8 Passenger,7M8,2,380,"182,780",176
G4,G4,SHV,LAS,Airbus,Narrow,A320,A319,319,9,"1,404","1,745,172","1,678"
G4,G4,SHV,SFB,Airbus,Narrow,A320,A319,319,8,"1,248","987,168","1,000"
G4,G4,SHV,VPS,Airbus,Narrow,A320,A320,320,9,"1,620","732,240",816
G4,G4,SMX,LAS,Airbus,Narrow,A320,A319,319,8,"1,248","386,880",616
G4,G4,SNA,ATW,Airbus,Narrow,A320,A320,320,8,"1,440","2,488,320","1,832"
G4,G4,SNA,AZA,Airbus,Narrow,A320,A320,320,8,"1,440","518,400",688
G4,G4,SNA,BOI,Airbus,Narrow,A320,A320,320,12,"2,160","1,486,080","1,488"
G4,G4,SNA,COS,Airbus,Narrow,A320,A320,320,9,"1,620","1,320,300","1,217"
G4,G4,SNA,CVG,Airbus,Narrow,A320,A320,320,8,"1,440","2,704,320","2,056"
G4,G4,SNA,DSM,Airbus,Narrow,A320,A320,320,10,"1,800","2,572,200","1,940"
G4,G4,SNA,EUG,Airbus,Narrow,A320,A319,319,8,"1,248","968,448","1,032"
G4,G4,SNA,GEG,Airbus,Narrow,A320,A320,320,8,"1,440","1,385,280","1,192"
G4,G4,SNA,GRR,Airbus,Narrow,A320,A320,320,8,"1,440","2,672,640","1,960"
G4,G4,SNA,IDA,Airbus,Narrow,A320,A319,319,9,"1,404","1,048,788","1,135"
G4,G4,SNA,MFR,Airbus,Narrow,A320,A319,319,9,"1,404","925,236","1,038"
G4,G4,SNA,MSO,Airbus,Narrow,A320,A320,320,9,"1,620","1,514,700","1,332"
G4,G4,SNA,PSC,Airbus,Narrow,A320,A320,320,8,"1,440","1,254,240","1,136"
G4,G4,SNA,PVU,Airbus,Narrow,A320,A320,320,42,"7,560","4,271,400","4,179"
G4,G4,SPI,PGD,Airbus,Narrow,A320,A319,319,1,156,"155,064",145
G4,G4,SPI,PGD,Airbus,Narrow,A320,A320,320,8,"1,440","1,431,360","1,192"
G4,G4,SRQ,ABE,Airbus,Narrow,A320,A320,320,8,"1,440","1,440,000","1,288"
G4,G4,SRQ,ALB,Airbus,Narrow,A320,A320,320,8,"1,440","1,680,480","1,336"
G4,G4,SRQ,AUS,Airbus,Narrow,A320,A320,320,9,"1,620","1,516,320","1,339"
G4,G4,SRQ,AVL,Airbus,Narrow,A320,A320,320,8,"1,440","797,760",816
G4,G4,SRQ,BLV,Airbus,Narrow,A320,A320,320,8,"1,440","1,262,880","1,127"
G4,G4,SRQ,BNA,Airbus,Narrow,A320,A320,320,9,"1,620","1,051,380","1,053"
G4,G4,SRQ,BOS,Airbus,Narrow,A320,A320,320,9,"1,620","1,976,400","1,730"
G4,G4,SRQ,CAK,Airbus,Narrow,A320,A320,320,17,"3,060","2,858,040","2,514"
G4,G4,SRQ,CVG,Airbus,Narrow,A320,A320,320,29,"5,220","4,238,640","3,974"
G4,G4,SRQ,DSM,Airbus,Narrow,A320,A320,320,4,720,"835,200",712
G4,G4,SRQ,FNT,Airbus,Narrow,A320,A320,320,9,"1,620","1,743,120","1,531"
G4,G4,SRQ,FWA,Airbus,Narrow,A320,A320,320,9,"1,620","1,535,760","1,347"
G4,G4,SRQ,GRR,Airbus,Narrow,A320,A320,320,9,"1,620","1,751,220","1,455"
G4,G4,SRQ,GSP,Airbus,Narrow,A320,A320,320,8,"1,440","744,480",752
G4,G4,SRQ,IAD,Airbus,Narrow,A320,A320,320,8,"1,440","1,221,120","1,112"
G4,G4,SRQ,IND,Airbus,Narrow,A320,A320,320,13,"2,340","2,049,840","1,885"
G4,G4,SRQ,LCK,Airbus,Narrow,A320,A320,320,11,"1,980","1,694,880","1,532"
G4,G4,SRQ,LEX,Airbus,Narrow,A320,A320,320,9,"1,620","1,203,660","1,117"
G4,G4,SRQ,MDT,Airbus,Narrow,A320,A320,320,8,"1,440","1,356,480","1,200"
G4,G4,SRQ,PIA,Airbus,Narrow,A320,A320,320,8,"1,440","1,441,440","1,239"
G4,G4,SRQ,PIT,Airbus,Narrow,A320,A320,320,16,"2,880","2,629,440","2,338"
G4,G4,SRQ,RFD,Airbus,Narrow,A320,A320,320,8,"1,440","1,562,400","1,328"
G4,G4,SRQ,SBN,Airbus,Narrow,A320,A320,320,8,"1,440","1,452,960","1,232"
G4,G4,SRQ,SDF,Airbus,Narrow,A320,A319,319,3,468,"358,488",393
G4,G4,SRQ,SDF,Airbus,Narrow,A320,A320,320,5,900,"689,400",654
G4,G4,SRQ,SYR,Airbus,Narrow,A320,A320,320,5,900,"1,027,800",880
G4,G4,SRQ,TYS,Airbus,Narrow,A320,A320,320,9,"1,620","949,320",955
G4,G4,STC,AZA,Airbus,Narrow,A320,A320,320,8,"1,440","1,808,640","1,528"
G4,G4,SWF,FLL,Boeing,Narrow,B737 Misc,B737-Max 8 Passenger,7M8,4,760,"849,680",756
G4,G4,SWF,MYR,Airbus,Narrow,A320,A320,320,19,"3,420","2,055,420","2,320"
G4,G4,SWF,PGD,Airbus,Narrow,A320,A319,319,9,"1,404","1,545,804","1,615"
G4,G4,SWF,PIE,Boeing,Narrow,B737 Misc,B737-Max 8 Passenger,7M8,10,"1,900","2,004,500","1,746"
G4,G4,SWF,SFB,Airbus,Narrow,A320,A319,319,6,936,"903,240",972
G4,G4,SWF,SFB,Airbus,Narrow,A320,A320,320,1,180,"173,700",165
G4,G4,SWF,SFB,Boeing,Narrow,B737 Misc,B737-Max 8 Passenger,7M8,2,380,"366,700",324
G4,G4,SYR,BNA,Airbus,Narrow,A320,A319,319,10,"1,560","1,155,960","1,250"
G4,G4,SYR,FLL,Boeing,Narrow,B737 Misc,B737-Max 8 Passenger,7M8,17,"3,230","3,863,080","3,217"
G4,G4,SYR,MYR,Airbus,Narrow,A320,A319,319,9,"1,404","937,872","1,053"
G4,G4,SYR,PIE,Airbus,Narrow,A320,A319,319,8,"1,248","1,385,280","1,392"
G4,G4,SYR,PIE,Boeing,Narrow,B737 Misc,B737-Max 8 Passenger,7M8,4,760,"843,600",696
G4,G4,SYR,SFB,Airbus,Narrow,A320,A319,319,3,468,"481,572",480
G4,G4,SYR,SFB,Airbus,Narrow,A320,A320,320,5,900,"926,100",795
G4,G4,SYR,SFB,Boeing,Narrow,B737 Misc,B737-Max 8 Passenger,7M8,1,190,"195,510",159
G4,G4,SYR,SRQ,Airbus,Narrow,A320,A320,320,5,900,"1,027,800",860
G4,G4,TOL,PGD,Airbus,Narrow,A320,A320,320,8,"1,440","1,463,040","1,272"
G4,G4,TOL,PIE,Airbus,Narrow,A320,A319,319,10,"1,560","1,474,200","1,440"
G4,G4,TOL,PIE,Boeing,Narrow,B737 Misc,B737-Max 8 Passenger,7M8,2,380,"359,100",288
G4,G4,TOL,SFB,Airbus,Narrow,A320,A319,319,1,156,"139,620",136
G4,G4,TOL,SFB,Airbus,Narrow,A320,A320,320,1,180,"161,100",142
G4,G4,TOL,SFB,Boeing,Narrow,B737 Misc,B737-Max 8 Passenger,7M8,7,"1,330","1,190,350",952
G4,G4,TRI,PIE,Airbus,Narrow,A320,A319,319,5,780,"460,200",506
G4,G4,TRI,PIE,Airbus,Narrow,A320,A320,320,4,720,"424,800",404
G4,G4,TRI,SFB,Airbus,Narrow,A320,A319,319,8,"1,248","667,680",753
G4,G4,TRI,SFB,Airbus,Narrow,A320,A320,320,5,900,"481,500",470
G4,G4,TRI,SFB,Boeing,Narrow,B737 Misc,B737-Max 8 Passenger,7M8,4,760,"406,600",376
G4,G4,TTN,FLL,Boeing,Narrow,B737 Misc,B737-Max 8 Passenger,7M8,8,"1,520","1,559,520","1,392"
G4,G4,TTN,PGD,Airbus,Narrow,A320,A320,320,9,"1,620","1,634,580","1,512"
G4,G4,TTN,PIE,Airbus,Narrow,A320,A319,319,7,"1,092","1,051,596","1,148"
G4,G4,TTN,PIE,Airbus,Narrow,A320,A320,320,1,180,"173,340",164
G4,G4,TUL,LAS,Airbus,Narrow,A320,A319,319,9,"1,404","1,510,704","1,561"
G4,G4,TUL,PIE,Airbus,Narrow,A320,A319,319,4,624,"599,664",584
G4,G4,TUL,PIE,Boeing,Narrow,B737 Misc,B737-Max 8 Passenger,7M8,4,760,"730,360",584
G4,G4,TUL,SFB,Airbus,Narrow,A320,A319,319,2,312,"310,440",300
G4,G4,TUL,SFB,Airbus,Narrow,A320,A320,320,1,180,"179,100",150
G4,G4,TUL,SFB,Boeing,Narrow,B737 Misc,B737-Max 8 Passenger,7M8,5,950,"945,250",750
G4,G4,TUL,VPS,Airbus,Narrow,A320,A320,320,13,"2,340","1,565,460","1,500"
G4,G4,TVC,AZA,Airbus,Narrow,A320,A320,320,5,900,"1,439,100","1,170"
G4,G4,TVC,PIE,Boeing,Narrow,B737 Misc,B737-Max 8 Passenger,7M8,8,"1,520","1,779,920","1,360"
G4,G4,TVC,SFB,Airbus,Narrow,A320,A319,319,1,156,"175,812",164
G4,G4,TVC,SFB,Airbus,Narrow,A320,A320,320,1,180,"202,860",164
G4,G4,TVC,SFB,Boeing,Narrow,B737 Misc,B737-Max 8 Passenger,7M8,7,"1,330","1,498,910","1,148"
G4,G4,TYS,AUS,Airbus,Narrow,A320,A320,320,9,"1,620","1,428,840","1,260"
G4,G4,TYS,BOS,Airbus,Narrow,A320,A320,320,14,"2,520","2,091,600","1,932"
G4,G4,TYS,DEN,Airbus,Narrow,A320,A320,320,8,"1,440","1,673,280","1,560"
G4,G4,TYS,EWR,Airbus,Narrow,A320,A320,320,13,"2,340","1,476,540","1,495"
G4,G4,TYS,EYW,Airbus,Narrow,A320,A320,320,9,"1,620","1,274,940","1,179"
G4,G4,TYS,FLL,Airbus,Narrow,A320,A320,320,21,"3,780","2,676,240","2,542"
G4,G4,TYS,FLL,Boeing,Narrow,B737 Misc,B737-Max 8 Passenger,7M8,21,"3,990","2,824,920","2,542"
G4,G4,TYS,GUF,Airbus,Narrow,A320,A320,320,8,"1,440","635,040",680
G4,G4,TYS,HOU,Airbus,Narrow,A320,A320,320,9,"1,620","1,266,840","1,187"
G4,G4,TYS,IAD,Airbus,Narrow,A320,A320,320,9,"1,620","678,780",779
G4,G4,TYS,JAX,Airbus,Narrow,A320,A320,320,9,"1,620","633,420",720
G4,G4,TYS,LAS,Airbus,Narrow,A320,A319,319,8,"1,248","2,171,520","1,995"
G4,G4,TYS,LAS,Airbus,Narrow,A320,A320,320,1,180,"313,200",248
G4,G4,TYS,MCO,Airbus,Narrow,A320,A320,320,9,"1,620","861,840",864
G4,G4,TYS,MDW,Airbus,Narrow,A320,A320,320,8,"1,440","660,960",752
G4,G4,TYS,PGD,Airbus,Narrow,A320,A320,320,17,"3,060","1,909,440","1,865"
G4,G4,TYS,PHL,Boeing,Narrow,B737 Misc,B737-Max 8 Passenger,7M8,8,"1,520","842,080",880
G4,G4,TYS,PHX,Airbus,Narrow,A320,A320,320,8,"1,440","2,302,560","1,824"
G4,G4,TYS,PIE,Airbus,Narrow,A320,A320,320,46,"8,280","4,545,720","4,600"
G4,G4,TYS,PIE,Boeing,Narrow,B737 Misc,B737-Max 8 Passenger,7M8,5,950,"521,550",500
G4,G4,TYS,SFB,Airbus,Narrow,A320,A319,319,5,780,"398,580",469
G4,G4,TYS,SFB,Airbus,Narrow,A320,A320,320,36,"6,480","3,311,280","3,383"
G4,G4,TYS,SFB,Boeing,Narrow,B737 Misc,B737-Max 8 Passenger,7M8,10,"1,900","970,900",940
G4,G4,TYS,SRQ,Airbus,Narrow,A320,A320,320,9,"1,620","949,320",896
G4,G4,TYS,VPS,Airbus,Narrow,A320,A320,320,16,"2,880","1,137,600","1,256"
G4,G4,USA,FLL,Airbus,Narrow,A320,A319,319,5,780,"500,760",575
G4,G4,USA,FLL,Boeing,Narrow,B737 Misc,B737-Max 8 Passenger,7M8,12,"2,280","1,463,760","1,384"
G4,G4,USA,PGD,Airbus,Narrow,A320,A319,319,8,"1,248","733,824",888
G4,G4,USA,PGD,Airbus,Narrow,A320,A320,320,1,180,"105,840",107
G4,G4,USA,PIE,Airbus,Narrow,A320,A319,319,1,156,"82,212",104
G4,G4,USA,PIE,Airbus,Narrow,A320,A320,320,3,540,"284,580",312
G4,G4,USA,PIE,Boeing,Narrow,B737 Misc,B737-Max 8 Passenger,7M8,13,"2,470","1,301,690","1,349"
G4,G4,USA,SFB,Airbus,Narrow,A320,A319,319,5,780,"355,680",450
G4,G4,USA,SFB,Boeing,Narrow,B737 Misc,B737-Max 8 Passenger,7M8,12,"2,280","1,039,680","1,078"
G4,G4,VPS,AVL,Airbus,Narrow,A320,A320,320,6,"1,080","444,960",510
G4,G4,VPS,BLV,Airbus,Narrow,A320,A320,320,51,"9,180","5,388,660","5,310"
G4,G4,VPS,BOS,Airbus,Narrow,A320,A320,320,4,720,"855,360",736
G4,G4,VPS,CAK,Airbus,Narrow,A320,A320,320,13,"2,340","1,808,820","1,706"
G4,G4,VPS,CKB,Airbus,Narrow,A320,A320,320,4,720,"506,880",472
G4,G4,VPS,COU,Airbus,Narrow,A320,A320,320,8,"1,440","948,960","1,008"
G4,G4,VPS,CVG,Airbus,Narrow,A320,A320,320,51,"9,180","5,508,000","5,756"
G4,G4,VPS,DEN,Airbus,Narrow,A320,A320,320,8,"1,440","1,742,400","1,680"
G4,G4,VPS,DSM,Airbus,Narrow,A320,A320,320,8,"1,440","1,236,960","1,104"
G4,G4,VPS,EVV,Airbus,Narrow,A320,A320,320,9,"1,620","848,880",907
G4,G4,VPS,EWR,Airbus,Narrow,A320,A320,320,10,"1,800","1,778,400","1,600"
G4,G4,VPS,HTS,Airbus,Narrow,A320,A319,319,7,"1,092","643,188",742
G4,G4,VPS,HTS,Airbus,Narrow,A320,A320,320,1,180,"106,020",106
G4,G4,VPS,IAD,Airbus,Narrow,A320,A319,319,3,468,"364,104",402
G4,G4,VPS,ICT,Airbus,Narrow,A320,A320,320,12,"2,160","1,719,360","1,608"
G4,G4,VPS,IND,Airbus,Narrow,A320,A320,320,8,"1,440","917,280",936
G4,G4,VPS,LAS,Airbus,Narrow,A320,A320,320,9,"1,620","2,745,900","2,276"
G4,G4,VPS,LCK,Airbus,Narrow,A320,A320,320,21,"3,780","2,547,720","2,478"
G4,G4,VPS,LEX,Airbus,Narrow,A320,A319,319,1,156,"82,992",101
G4,G4,VPS,LEX,Airbus,Narrow,A320,A320,320,10,"1,800","957,600","1,010"
G4,G4,VPS,LIT,Airbus,Narrow,A320,A320,320,9,"1,620","717,660",803
G4,G4,VPS,MCI,Airbus,Narrow,A320,A320,320,9,"1,620","1,239,300","1,200"
G4,G4,VPS,MDW,Airbus,Narrow,A320,A320,320,9,"1,620","1,266,840","1,267"
G4,G4,VPS,MEM,Airbus,Narrow,A320,A320,320,8,"1,440","537,120",688
G4,G4,VPS,OKC,Airbus,Narrow,A320,A320,320,17,"3,060","2,221,560","2,207"
G4,G4,VPS,OMA,Airbus,Narrow,A320,A320,320,9,"1,620","1,475,820","1,354"
G4,G4,VPS,PIA,Airbus,Narrow,A320,A320,320,12,"2,160","1,563,840","1,464"
G4,G4,VPS,PIT,Airbus,Narrow,A320,A320,320,16,"2,880","2,234,880","2,009"
G4,G4,VPS,SDF,Airbus,Narrow,A320,A320,320,12,"2,160","1,149,120","1,236"
G4,G4,VPS,SGF,Airbus,Narrow,A320,A320,320,12,"2,160","1,317,600","1,356"
G4,G4,VPS,SHV,Airbus,Narrow,A320,A320,320,9,"1,620","732,240",856
G4,G4,VPS,TUL,Airbus,Narrow,A320,A320,320,13,"2,340","1,565,460","1,556"
G4,G4,VPS,TYS,Airbus,Narrow,A320,A320,320,16,"2,880","1,137,600","1,312"
G4,G4,VPS,XNA,Airbus,Narrow,A320,A320,320,33,"5,940","3,569,940","3,569"
G4,G4,XNA,BNA,Airbus,Narrow,A320,A319,319,7,"1,092","465,192",588
G4,G4,XNA,BNA,Boeing,Narrow,B737 Misc,B737-Max 8 Passenger,7M8,2,380,"161,880",168
G4,G4,XNA,FLL,Boeing,Narrow,B737 Misc,B737-Max 8 Passenger,7M8,9,"1,710","1,867,320","1,497"
G4,G4,XNA,GUF,Airbus,Narrow,A320,A319,319,8,"1,248","715,104",808
G4,G4,XNA,GUF,Airbus,Narrow,A320,A320,320,4,720,"412,560",404
G4,G4,XNA,LAS,Airbus,Narrow,A320,A319,319,7,"1,092","1,269,996","1,260"
G4,G4,XNA,LAS,Airbus,Narrow,A320,A320,320,1,180,"209,340",180
G4,G4,XNA,PIE,Airbus,Narrow,A320,A319,319,5,780,"694,980",677
G4,G4,XNA,PIE,Airbus,Narrow,A320,A320,320,2,360,"320,760",272
G4,G4,XNA,PIE,Boeing,Narrow,B737 Misc,B737-Max 8 Passenger,7M8,2,380,"338,580",272
G4,G4,XNA,SFB,Airbus,Narrow,A320,A319,319,8,"1,248","1,148,160","1,152"
G4,G4,XNA,SFB,Airbus,Narrow,A320,A320,320,7,"1,260","1,159,200","1,008"
G4,G4,XNA,VPS,Airbus,Narrow,A320,A320,320,33,"5,940","3,569,940","3,496"
G4,G4,ABE,BNA,Airbus,Narrow,A320,A320,320,9,1620,1109700,1080
G4,G4,ABE,DEN,Airbus,Narrow,A320,A320,320,9,1620,2493180,2160
G4,G4,ABE,FLL,Airbus,Narrow,A320,A320,320,9,1620,1686420,1539
G4,G4,ABE,MCO,Airbus,Narrow,A320,A320,320,10,1800,1630800,1580
G4,G4,ABE,MLB,Airbus,Narrow,A320,A320,320,9,1620,1480680,1296
G4,G4,ABE,MYR,Airbus,Narrow,A320,A320,320,32,5760,2983680,3104
G4,G4,ABE,PGD,Airbus,Narrow,A320,A320,320,26,4680,4764240,4264
G4,G4,ABE,PIE,Airbus,Narrow,A320,A320,320,27,4860,4714200,4158
G4,G4,ABE,PIE,Boeing,Narrow,B737 Misc,B737-Max 8 Passenger,7M8,1,190,184300,154
G4,G4,ABE,RSW,Airbus,Narrow,A320,A320,320,9,1620,1681560,1566
G4,G4,ABE,SFB,Airbus,Narrow,A320,A319,319,9,1404,1238328,1287
G4,G4,ABE,SFB,Airbus,Narrow,A320,A320,320,41,7380,6509160,5845
G4,G4,ABE,SFB,Boeing,Narrow,B737 Misc,B737-Max 8 Passenger,7M8,4,760,670320,572
G4,G4,ABE,SRQ,Airbus,Narrow,A320,A320,320,9,1620,1620000,1422
G4,G4,ACY,FLL,Boeing,Narrow,B737 Misc,B737-Max 8 Passenger,7M8,24,4560,4455120,3744
G4,G4,ACY,MYR,Boeing,Narrow,B737 Misc,B737-Max 8 Passenger,7M8,13,2470,1151020,1105
G4,G4,ACY,PIE,Boeing,Narrow,B737 Misc,B737-Max 8 Passenger,7M8,9,1710,1574910,1458
G4,G4,ACY,SFB,Boeing,Narrow,B737 Misc,B737-Max 8 Passenger,7M8,9,1710,1417590,1332
G4,G4,ALB,BNA,Airbus,Narrow,A320,A319,319,9,1404,1158300,1251
G4,G4,ALB,FLL,Boeing,Narrow,B737 Misc,B737-Max 8 Passenger,7M8,9,1710,2058840,1782
G4,G4,ALB,MYR,Airbus,Narrow,A320,A320,320,13,2340,1600560,1677
G4,G4,ALB,PGD,Airbus,Narrow,A320,A320,320,18,3240,3839400,3402
G4,G4,ALB,PIE,Airbus,Narrow,A320,A319,319,8,1248,1418976,1464
G4,G4,ALB,PIE,Airbus,Narrow,A320,A320,320,1,180,204660,183
G4,G4,ALB,PIE,Boeing,Narrow,B737 Misc,B737-Max 8 Passenger,7M8,5,950,1080150,915
G4,G4,ALB,SFB,Boeing,Narrow,B737 Misc,B737-Max 8 Passenger,7M8,9,1710,1793790,1557
G4,G4,ALB,SRQ,Airbus,Narrow,A320,A320,320,9,1620,1890540,1737
G4,G4,ATW,AZA,Airbus,Narrow,A320,A320,320,17,3060,4443120,3655
G4,G4,ATW,BNA,Airbus,Narrow,A320,A319,319,9,1404,798876,909
G4,G4,ATW,DEN,Airbus,Narrow,A320,A320,320,9,1620,1428840,1359
G4,G4,ATW,EWR,Airbus,Narrow,A320,A320,320,9,1620,1250640,1125
G4,G4,ATW,FLL,Boeing,Narrow,B737 Misc,B737-Max 8 Passenger,7M8,9,1710,2287980,1836
G4,G4,ATW,GUF,Airbus,Narrow,A320,A320,320,9,1620,1576260,1440
G4,G4,ATW,LAS,Airbus,Narrow,A320,A320,320,18,3240,4892400,4068
G4,G4,ATW,MCO,Airbus,Narrow,A320,A320,320,9,1620,1880820,1629
G4,G4,ATW,PDX,Airbus,Narrow,A320,A320,320,9,1620,2692440,2187
G4,G4,ATW,PGD,Airbus,Narrow,A320,A320,320,13,2340,2925000,2457
G4,G4,ATW,PIE,Airbus,Narrow,A320,A320,320,3,540,632880,519
G4,G4,ATW,PIE,Boeing,Narrow,B737 Misc,B737-Max 8 Passenger,7M8,15,2850,3340200,2595
G4,G4,ATW,SAV,Airbus,Narrow,A320,A320,320,4,720,666720,580
G4,G4,ATW,SFB,Airbus,Narrow,A320,A320,320,18,3240,3696840,3096
G4,G4,ATW,SNA,Airbus,Narrow,A320,A320,320,9,1620,2799360,2475
G4,G4,AUS,AVL,Airbus,Narrow,A320,A320,320,9,1620,1539000,1368
G4,G4,AUS,CVG,Airbus,Narrow,A320,A320,320,9,1620,1551960,1368
G4,G4,AUS,DSM,Airbus,Narrow,A320,A320,320,9,1620,1317060,1179
G4,G4,AUS,GRR,Airbus,Narrow,A320,A320,320,9,1620,1786860,1494
G4,G4,AUS,IAD,Airbus,Narrow,A320,A320,320,8,1440,1867680,1608
G4,G4,AUS,LAS,Airbus,Narrow,A320,A319,319,7,1092,1190280,1190
G4,G4,AUS,LAS,Airbus,Narrow,A320,A320,320,1,180,196200,170
G4,G4,AUS,PIT,Airbus,Narrow,A320,A320,320,9,1620,1960200,1620
G4,G4,AUS,PVU,Airbus,Narrow,A320,A320,320,9,1620,1702620,1467
G4,G4,AUS,SFB,Boeing,Narrow,B737 Misc,B737-Max 8 Passenger,7M8,9,1710,1699740,1440
G4,G4,AUS,SRQ,Airbus,Narrow,A320,A320,320,9,1620,1516320,1404
G4,G4,AUS,TYS,Airbus,Narrow,A320,A320,320,9,1620,1428840,1269
G4,G4,AVL,AUS,Airbus,Narrow,A320,A320,320,9,1620,1539000,1332
G4,G4,AVL,BOS,Airbus,Narrow,A320,A320,320,19,3420,2677860,2546
G4,G4,AVL,DEN,Airbus,Narrow,A320,A320,320,18,3240,4043520,3474
G4,G4,AVL,EWR,Airbus,Narrow,A320,A320,320,13,2340,1364220,1430
G4,G4,AVL,EYW,Airbus,Narrow,A320,A320,320,9,1620,1216620,1125
G4,G4,AVL,FLL,Airbus,Narrow,A320,A320,320,56,10080,6652800,6608
G4,G4,AVL,FLL,Boeing,Narrow,B737 Misc,B737-Max 8 Passenger,7M8,13,2470,1630200,1530
G4,G4,AVL,HOU,Airbus,Narrow,A320,A320,320,9,1620,1365660,1332
G4,G4,AVL,IAD,Airbus,Narrow,A320,A320,320,9,1620,599400,765
G4,G4,AVL,LAS,Airbus,Narrow,A320,A320,320,9,1620,2956500,2286
G4,G4,AVL,MCO,Airbus,Narrow,A320,A320,320,11,1980,966240,1089
G4,G4,AVL,MDW,Airbus,Narrow,A320,A320,320,9,1620,844020,918
G4,G4,AVL,PBI,Airbus,Narrow,A320,A320,320,18,3240,2008800,1944
G4,G4,AVL,PGD,Airbus,Narrow,A320,A320,320,21,3780,2222640,2289
G4,G4,AVL,PIE,Airbus,Narrow,A320,A319,319,3,468,242424,300
G4,G4,AVL,PIE,Airbus,Narrow,A320,A320,320,47,8460,4382280,4700
G4,G4,AVL,PIE,Boeing,Narrow,B737 Misc,B737-Max 8 Passenger,7M8,4,760,393680,400
G4,G4,AVL,SFB,Airbus,Narrow,A320,A319,319,1,156,72540,92
G4,G4,AVL,SFB,Airbus,Narrow,A320,A320,320,34,6120,2845800,3128
G4,G4,AVL,SFB,Boeing,Narrow,B737 Misc,B737-Max 8 Passenger,7M8,6,1140,530100,552
G4,G4,AVL,SRQ,Airbus,Narrow,A320,A320,320,9,1620,897480,918
G4,G4,AVL,VPS,Airbus,Narrow,A320,A320,320,9,1620,667440,783
G4,G4,AZA,ATW,Airbus,Narrow,A320,A320,320,17,3060,4443120,3383
G4,G4,AZA,BIL,Airbus,Narrow,A320,A320,320,16,2880,2528640,2224
G4,G4,AZA,BIS,Airbus,Narrow,A320,A320,320,11,1980,2162160,1793
G4,G4,AZA,BLI,Airbus,Narrow,A320,A319,319,13,2028,2449824,2396
G4,G4,AZA,BZN,Airbus,Narrow,A320,A320,320,16,2880,2479680,2224
G4,G4,AZA,CID,Airbus,Narrow,A320,A320,320,9,1620,2008800,1584
G4,G4,AZA,CVG,Airbus,Narrow,A320,A320,320,9,1620,2515860,1935
G4,G4,AZA,DSM,Airbus,Narrow,A320,A320,320,14,2520,2867760,2338
G4,G4,AZA,EUG,Airbus,Narrow,A320,A320,320,11,1980,1922580,1672
G4,G4,AZA,FAR,Airbus,Narrow,A320,A320,320,27,4860,5929200,4806
G4,G4,AZA,FCA,Airbus,Narrow,A320,A320,320,14,2520,2630880,2184
G4,G4,AZA,FNT,Airbus,Narrow,A320,A320,320,9,1620,2673000,2007
G4,G4,AZA,FSD,Airbus,Narrow,A320,A320,320,25,4500,4824000,4050
G4,G4,AZA,FWA,Airbus,Narrow,A320,A320,320,9,1620,2506140,1890
G4,G4,AZA,GEG,Airbus,Narrow,A320,A320,320,9,1620,1675080,1422
G4,G4,AZA,GRI,Airbus,Narrow,A320,A320,320,10,1800,1629000,1398
G4,G4,AZA,GRR,Airbus,Narrow,A320,A320,320,19,3420,5338620,3971
G4,G4,AZA,GTF,Airbus,Narrow,A320,A320,320,9,1620,1584360,1350
G4,G4,AZA,ICT,Airbus,Narrow,A320,A320,320,9,1620,1385100,1179
G4,G4,AZA,IDA,Airbus,Narrow,A320,A320,320,21,3780,2661120,2439
G4,G4,AZA,LSE,Airbus,Narrow,A320,A320,320,9,1620,2135160,1647
G4,G4,AZA,MLI,Airbus,Narrow,A320,A320,320,9,1620,2086560,1647
G4,G4,AZA,MOT,Airbus,Narrow,A320,A320,320,9,1620,1885680,1530
G4,G4,AZA,MSO,Airbus,Narrow,A320,A320,320,14,2520,2388960,2030
G4,G4,AZA,OMA,Airbus,Narrow,A320,A320,320,9,1620,1662120,1413
G4,G4,AZA,PDX,Airbus,Narrow,A320,A320,320,9,1620,1665360,1476
G4,G4,AZA,PIA,Airbus,Narrow,A320,A320,320,17,3060,4014720,3060
G4,G4,AZA,PSC,Airbus,Narrow,A320,A320,320,10,1800,1758600,1510
G4,G4,AZA,PVU,Airbus,Narrow,A320,A320,320,59,10620,5065740,5310
G4,G4,AZA,RAP,Airbus,Narrow,A320,A320,320,19,3420,2985660,2564
G4,G4,AZA,RFD,Airbus,Narrow,A320,A320,320,18,3240,4448520,3384
G4,G4,AZA,SBN,Airbus,Narrow,A320,A320,320,14,2520,3782520,2870
G4,G4,AZA,SGF,Airbus,Narrow,A320,A320,320,23,4140,4413240,3588
G4,G4,AZA,SNA,Airbus,Narrow,A320,A320,320,9,1620,583200,792
G4,G4,AZA,STC,Airbus,Narrow,A320,A320,320,9,1620,2034720,1611
G4,G4,AZA,TVC,Airbus,Narrow,A320,A320,320,9,1620,2590380,1998
G4,G4,BGR,PIE,Airbus,Narrow,A320,A320,320,7,1260,1755180,1499
G4,G4,BGR,PIE,Boeing,Narrow,B737 Misc,B737-Max 8 Passenger,7M8,10,1900,2646700,2130
G4,G4,BGR,SFB,Airbus,Narrow,A320,A319,319,9,1404,1823796,1782
G4,G4,BGR,SFB,Airbus,Narrow,A320,A320,320,4,720,935280,792
G4,G4,BGR,SFB,Boeing,Narrow,B737 Misc,B737-Max 8 Passenger,7M8,14,2660,3455340,2772
G4,G4,BIL,AZA,Airbus,Narrow,A320,A320,320,16,2880,2528640,2256
G4,G4,BIL,LAS,Airbus,Narrow,A320,A319,319,9,1404,1060020,1170
G4,G4,BIS,AZA,Airbus,Narrow,A320,A320,320,11,1980,2162160,1859
G4,G4,BIS,LAS,Airbus,Narrow,A320,A319,319,8,1248,1307904,1328
G4,G4,BIS,LAS,Airbus,Narrow,A320,A320,320,1,180,188640,166
G4,G4,BLI,AZA,Airbus,Narrow,A320,A319,319,13,2028,2449824,2322
G4,G4,BLI,BUR,Airbus,Narrow,A320,A319,319,9,1404,1446120,1485
G4,G4,BLI,LAS,Airbus,Narrow,A320,A319,319,35,5460,5208840,5355
G4,G4,BLI,LAS,Airbus,Narrow,A320,A320,320,1,180,171720,153
G4,G4,BLV,FLL,Boeing,Narrow,B737 Misc,B737-Max 8 Passenger,7M8,9,1710,1757880,1431
G4,G4,BLV,GUF,Airbus,Narrow,A320,A319,319,2,312,184704,212
G4,G4,BLV,GUF,Airbus,Narrow,A320,A320,320,2,360,213120,212
G4,G4,BLV,GUF,Boeing,Narrow,B737 Misc,B737-Max 8 Passenger,7M8,9,1710,1012320,954
G4,G4,BLV,JAX,Airbus,Narrow,A320,A320,320,9,1620,1172880,1098
G4,G4,BLV,LAS,Airbus,Narrow,A320,A319,319,9,1404,1965600,1908
G4,G4,BLV,MYR,Airbus,Narrow,A320,A320,320,13,2340,1628640,1469
G4,G4,BLV,PGD,Airbus,Narrow,A320,A319,319,6,936,862056,888
G4,G4,BLV,PGD,Airbus,Narrow,A320,A320,320,21,3780,3481380,3108
G4,G4,BLV,PIE,Airbus,Narrow,A320,A319,319,2,312,262392,268
G4,G4,BLV,PIE,Airbus,Narrow,A320,A320,320,2,360,302760,268
G4,G4,BLV,PIE,Boeing,Narrow,B737 Misc,B737-Max 8 Passenger,7M8,14,2660,2237060,1890
G4,G4,BLV,SAV,Airbus,Narrow,A320,A320,320,4,720,473760,464
G4,G4,BLV,SFB,Airbus,Narrow,A320,A319,319,15,2340,1953900,2070
G4,G4,BLV,SFB,Airbus,Narrow,A320,A320,320,3,540,450900,414
G4,G4,BLV,SFB,Boeing,Narrow,B737 Misc,B737-Max 8 Passenger,7M8,8,1520,1269200,1104
G4,G4,BLV,SRQ,Airbus,Narrow,A320,A320,320,9,1620,1420740,1224
G4,G4,BLV,VPS,Airbus,Narrow,A320,A320,320,53,9540,5599980,5671
G4,G4,BMI,PIE,Airbus,Narrow,A320,A319,319,3,468,438048,420
G4,G4,BMI,PIE,Airbus,Narrow,A320,A320,320,6,1080,1010880,840
G4,G4,BMI,SFB,Airbus,Narrow,A320,A320,320,1,180,165060,143
G4,G4,BMI,SFB,Boeing,Narrow,B737 Misc,B737-Max 8 Passenger,7M8,12,2280,2090760,1716
G4,G4,BNA,ABE,Airbus,Narrow,A320,A320,320,9,1620,1109700,999
G4,G4,BNA,ALB,Airbus,Narrow,A320,A319,319,9,1404,1158300,1161
G4,G4,BNA,ATW,Airbus,Narrow,A320,A319,319,9,1404,798876,909
G4,G4,BNA,BZN,Airbus,Narrow,A320,A319,319,18,2808,4029480,3906
G4,G4,BNA,CAK,Airbus,Narrow,A320,A319,319,9,1404,610740,792
G4,G4,BNA,CID,Airbus,Narrow,A320,A319,319,9,1404,673920,828
G4,G4,BNA,DSM,Airbus,Narrow,A320,A319,319,2,312,165048,198
G4,G4,BNA,DSM,Airbus,Narrow,A320,A320,320,18,3240,1713960,1782
G4,G4,BNA,FAR,Airbus,Narrow,A320,A319,319,9,1404,1277640,1341
G4,G4,BNA,FLL,Boeing,Narrow,B737 Misc,B737-Max 8 Passenger,7M8,9,1710,1356030,1197
G4,G4,BNA,FNT,Airbus,Narrow,A320,A320,320,9,1620,805140,837
G4,G4,BNA,FSD,Airbus,Narrow,A320,A319,319,9,1404,1040364,1116
G4,G4,BNA,GRR,Airbus,Narrow,A320,A319,319,9,1404,659880,792
G4,G4,BNA,GRR,Airbus,Narrow,A320,A320,320,9,1620,761400,792
G4,G4,BNA,GUF,Airbus,Narrow,A320,A319,319,9,1404,581256,864
G4,G4,BNA,IAD,Airbus,Narrow,A320,A319,319,13,2028,1099176,1391
G4,G4,BNA,JAX,Airbus,Narrow,A320,A319,319,9,1404,679536,837
G4,G4,BNA,MDT,Airbus,Narrow,A320,A319,319,9,1404,853632,963
G4,G4,BNA,PGD,Airbus,Narrow,A320,A319,319,9,1404,971568,1116
G4,G4,BNA,PIE,Airbus,Narrow,A320,A319,319,2,312,190944,222
G4,G4,BNA,PIE,Airbus,Narrow,A320,A320,320,4,720,440640,444
G4,G4,BNA,PIE,Boeing,Narrow,B737 Misc,B737-Max 8 Passenger,7M8,3,570,348840,333
G4,G4,BNA,PIT,Airbus,Narrow,A320,A320,320,9,1620,748440,801
G4,G4,BNA,PVU,Airbus,Narrow,A320,A320,320,9,1620,2246940,1836
G4,G4,BNA,RFD,Airbus,Narrow,A320,A319,319,9,1404,614952,801
G4,G4,BNA,RIC,Airbus,Narrow,A320,A319,319,9,1404,739908,864
G4,G4,BNA,SFB,Airbus,Narrow,A320,A319,319,6,936,559728,654
G4,G4,BNA,SFB,Airbus,Narrow,A320,A320,320,5,900,538200,545
G4,G4,BNA,SFB,Boeing,Narrow,B737 Misc,B737-Max 8 Passenger,7M8,2,380,227240,218
G4,G4,BNA,SHV,Airbus,Narrow,A320,A319,319,9,1404,675324,783
G4,G4,BNA,SRQ,Airbus,Narrow,A320,A320,320,9,1620,1051380,1035
G4,G4,BNA,SYR,Airbus,Narrow,A320,A319,319,13,2028,1502748,1560
G4,G4,BNA,XNA,Airbus,Narrow,A320,A319,319,9,1404,598104,738
G4,G4,BOI,SNA,Airbus,Narrow,A320,A320,320,13,2340,1609920,1742
G4,G4,BOS,AVL,Airbus,Narrow,A320,A320,320,19,3420,2677860,2643
G4,G4,BOS,DSM,Airbus,Narrow,A320,A320,320,9,1620,1887300,1710
G4,G4,BOS,GRR,Airbus,Narrow,A320,A320,320,9,1620,1198800,1197
G4,G4,BOS,IND,Airbus,Narrow,A320,A320,320,9,1620,1323540,1332
G4,G4,BOS,SRQ,Airbus,Narrow,A320,A320,320,9,1620,1976400,1728
G4,G4,BOS,TYS,Airbus,Narrow,A320,A320,320,14,2520,2091600,1988
G4,G4,BOS,VPS,Airbus,Narrow,A320,A320,320,4,720,855360,748
G4,G4,BUR,BLI,Airbus,Narrow,A320,A319,319,9,1404,1446120,1404
G4,G4,BUR,DSM,Airbus,Narrow,A320,A320,320,9,1620,2326320,1854
G4,G4,BUR,IND,Airbus,Narrow,A320,A320,320,9,1620,2924100,2241
G4,G4,BUR,PVU,Airbus,Narrow,A320,A320,320,9,1620,895860,909
G4,G4,BZN,AZA,Airbus,Narrow,A320,A320,320,16,2880,2479680,2240
G4,G4,BZN,BNA,Airbus,Narrow,A320,A319,319,18,2808,4029480,3636
G4,G4,BZN,LAS,Airbus,Narrow,A320,A319,319,8,1248,874848,1024
G4,G4,BZN,LAS,Airbus,Narrow,A320,A320,320,1,180,126180,128
G4,G4,CAK,BNA,Airbus,Narrow,A320,A319,319,9,1404,610740,801
G4,G4,CAK,FLL,Boeing,Narrow,B737 Misc,B737-Max 8 Passenger,7M8,9,1710,1752750,1431
G4,G4,CAK,JAX,Airbus,Narrow,A320,A319,319,9,1404,1009476,1125
G4,G4,CAK,JAX,Airbus,Narrow,A320,A320,320,9,1620,1164780,1098
G4,G4,CAK,MYR,Airbus,Narrow,A320,A319,319,17,2652,1373736,1666
G4,G4,CAK,PGD,Airbus,Narrow,A320,A319,319,13,2028,1957020,1980
G4,G4,CAK,PGD,Airbus,Narrow,A320,A320,320,5,900,868500,765
G4,G4,CAK,PIE,Airbus,Narrow,A320,A319,319,14,2184,1963416,1980
G4,G4,CAK,PIE,Airbus,Narrow,A320,A320,320,6,1080,970920,840
G4,G4,CAK,PIE,Boeing,Narrow,B737 Misc,B737-Max 8 Passenger,7M8,2,380,341620,280
G4,G4,CAK,SAV,Airbus,Narrow,A320,A319,319,26,4056,2457936,2764
G4,G4,CAK,SFB,Airbus,Narrow,A320,A319,319,5,780,652860,670
G4,G4,CAK,SFB,Airbus,Narrow,A320,A320,320,2,360,301320,268
G4,G4,CAK,SFB,Boeing,Narrow,B737 Misc,B737-Max 8 Passenger,7M8,4,760,636120,536
G4,G4,CAK,SRQ,Airbus,Narrow,A320,A320,320,18,3240,3026160,2610
G4,G4,CAK,VPS,Airbus,Narrow,A320,A320,320,13,2340,1808820,1690
G4,G4,CHA,FLL,Boeing,Narrow,B737 Misc,B737-Max 8 Passenger,7M8,9,1710,1174770,1098
G4,G4,CHA,PIE,Boeing,Narrow,B737 Misc,B737-Max 8 Passenger,7M8,12,2280,1169640,1164
G4,G4,CHA,SFB,Airbus,Narrow,A320,A319,319,6,936,458640,600
G4,G4,CHA,SFB,Airbus,Narrow,A320,A320,320,3,540,264600,300
G4,G4,CHS,CVG,Airbus,Narrow,A320,A320,320,13,2340,1162980,1313
G4,G4,CHS,IND,Airbus,Narrow,A320,A320,320,9,1620,947700,1026
G4,G4,CID,AZA,Airbus,Narrow,A320,A320,320,9,1620,2008800,1674
G4,G4,CID,BNA,Airbus,Narrow,A320,A319,319,9,1404,673920,792
G4,G4,CID,FLL,Boeing,Narrow,B737 Misc,B737-Max 8 Passenger,7M8,9,1710,2176830,1692
G4,G4,CID,LAS,Airbus,Narrow,A320,A319,319,9,1404,1853280,1782
G4,G4,CID,PGD,Airbus,Narrow,A320,A319,319,5,780,911820,870
G4,G4,CID,PGD,Airbus,Narrow,A320,A320,320,8,1440,1683360,1392
G4,G4,CID,PIE,Airbus,Narrow,A320,A319,319,7,1092,1189188,1127
G4,G4,CID,PIE,Airbus,Narrow,A320,A320,320,3,540,588060,483
G4,G4,CID,PIE,Boeing,Narrow,B737 Misc,B737-Max 8 Passenger,7M8,7,1330,1448370,1127
G4,G4,CID,SFB,Airbus,Narrow,A320,A320,320,6,1080,1164240,966
G4,G4,CID,SFB,Boeing,Narrow,B737 Misc,B737-Max 8 Passenger,7M8,12,2280,2457840,1932
G4,G4,CKB,MYR,Airbus,Narrow,A320,A319,319,1,156,61464,80
G4,G4,CKB,MYR,Airbus,Narrow,A320,A320,320,2,360,141840,160
G4,G4,CKB,MYR,Boeing,Narrow,B737 Misc,B737-Max 8 Passenger,7M8,6,1140,449160,480
G4,G4,CKB,PIE,Airbus,Narrow,A320,A319,319,8,1248,994656,992
G4,G4,CKB,PIE,Airbus,Narrow,A320,A320,320,1,180,143460,124
G4,G4,CKB,SFB,Airbus,Narrow,A320,A319,319,1,156,113412,117
G4,G4,CKB,SFB,Airbus,Narrow,A320,A320,320,2,360,261720,234
G4,G4,CKB,SFB,Boeing,Narrow,B737 Misc,B737-Max 8 Passenger,7M8,6,1140,828780,702
G4,G4,CKB,VPS,Airbus,Narrow,A320,A320,320,4,720,506880,480
G4,G4,COS,PIE,Boeing,Narrow,B737 Misc,B737-Max 8 Passenger,7M8,9,1710,2518830,1881
G4,G4,COS,SNA,Airbus,Narrow,A320,A320,320,9,1620,1320300,1323
G4,G4,COU,SFB,Airbus,Narrow,A320,A319,319,1,156,145860,147
G4,G4,COU,SFB,Airbus,Narrow,A320,A320,320,7,1260,1178100,1029
G4,G4,COU,SFB,Boeing,Narrow,B737 Misc,B737-Max 8 Passenger,7M8,1,190,177650,147
G4,G4,COU,VPS,Airbus,Narrow,A320,A320,320,9,1620,1067580,1035
G4,G4,CVG,AUS,Airbus,Narrow,A320,A320,320,9,1620,1551960,1386
G4,G4,CVG,AZA,Airbus,Narrow,A320,A320,320,9,1620,2515860,2034
G4,G4,CVG,CHS,Airbus,Narrow,A320,A320,320,13,2340,1162980,1287
G4,G4,CVG,DEN,Airbus,Narrow,A320,A320,320,9,1620,1731780,1584
G4,G4,CVG,EWR,Airbus,Narrow,A320,A320,320,9,1620,921780,1035
G4,G4,CVG,EYW,Airbus,Narrow,A320,A320,320,9,1620,1641060,1413
G4,G4,CVG,FLL,Airbus,Narrow,A320,A320,320,21,3780,3519180,3129
G4,G4,CVG,FLL,Boeing,Narrow,B737 Misc,B737-Max 8 Passenger,7M8,8,1520,1415120,1192
G4,G4,CVG,GUF,Airbus,Narrow,A320,A320,320,13,2340,1483560,1439
G4,G4,CVG,JAX,Airbus,Narrow,A320,A320,320,13,2340,1436760,1469
G4,G4,CVG,LAS,Airbus,Narrow,A320,A319,319,2,312,523848,502
G4,G4,CVG,LAS,Airbus,Narrow,A320,A320,320,9,1620,2719980,2223
G4,G4,CVG,MLB,Airbus,Narrow,A320,A320,320,9,1620,1278180,1134
G4,G4,CVG,MYR,Airbus,Narrow,A320,A320,320,26,4680,2288520,2392
G4,G4,CVG,PBI,Airbus,Narrow,A320,A320,320,9,1620,1445040,1278
G4,G4,CVG,PDX,Airbus,Narrow,A320,A320,320,9,1620,3199500,2502
G4,G4,CVG,PGD,Airbus,Narrow,A320,A320,320,41,7380,6273000,5699
G4,G4,CVG,PIE,Airbus,Narrow,A320,A320,320,41,7380,5719500,5318
G4,G4,CVG,PIE,Boeing,Narrow,B737 Misc,B737-Max 8 Passenger,7M8,3,570,441750,390
G4,G4,CVG,SAV,Airbus,Narrow,A320,A319,319,18,2808,1446120,1728
G4,G4,CVG,SAV,Airbus,Narrow,A320,A320,320,8,1440,741600,768
G4,G4,CVG,SFB,Airbus,Narrow,A320,A320,320,40,7200,5292000,4960
G4,G4,CVG,SFB,Boeing,Narrow,B737 Misc,B737-Max 8 Passenger,7M8,4,760,558600,496
G4,G4,CVG,SNA,Airbus,Narrow,A320,A320,320,9,1620,3042360,2475
G4,G4,CVG,SRQ,Airbus,Narrow,A320,A320,320,31,5580,4530960,4115
G4,G4,CVG,VPS,Airbus,Narrow,A320,A320,320,49,8820,5292000,5354
G4,G4,DAY,MYR,Airbus,Narrow,A320,A319,319,9,1404,730080,855
G4,G4,DAY,PGD,Airbus,Narrow,A320,A319,319,1,156,141024,145
G4,G4,DAY,PGD,Airbus,Narrow,A320,A320,320,8,1440,1301760,1158
G4,G4,DAY,PIE,Airbus,Narrow,A320,A319,319,9,1404,1166724,1179
G4,G4,DAY,SFB,Airbus,Narrow,A320,A319,319,2,312,244920,262
G4,G4,DAY,SFB,Airbus,Narrow,A320,A320,320,6,1080,847800,786
G4,G4,DAY,SFB,Boeing,Narrow,B737 Misc,B737-Max 8 Passenger,7M8,1,190,149150,131
G4,G4,DEN,ABE,Airbus,Narrow,A320,A320,320,9,1620,2493180,1872
G4,G4,DEN,ATW,Airbus,Narrow,A320,A320,320,9,1620,1428840,1269
G4,G4,DEN,AVL,Airbus,Narrow,A320,A320,320,18,3240,4043520,3294
G4,G4,DEN,CVG,Airbus,Narrow,A320,A320,320,9,1620,1731780,1485
G4,G4,DEN,PIA,Airbus,Narrow,A320,A320,320,9,1620,1284660,1170
G4,G4,DEN,TYS,Airbus,Narrow,A320,A320,320,9,1620,1882440,1530
G4,G4,DEN,VPS,Airbus,Narrow,A320,A320,320,9,1620,1960200,1620
G4,G4,DSM,AUS,Airbus,Narrow,A320,A320,320,9,1620,1317060,1161
G4,G4,DSM,AZA,Airbus,Narrow,A320,A320,320,14,2520,2867760,2450
G4,G4,DSM,BNA,Airbus,Narrow,A320,A319,319,2,312,165048,196
G4,G4,DSM,BNA,Airbus,Narrow,A320,A320,320,18,3240,1713960,1766
G4,G4,DSM,BOS,Airbus,Narrow,A320,A320,320,9,1620,1887300,1494
G4,G4,DSM,BUR,Airbus,Narrow,A320,A320,320,9,1620,2326320,1926
G4,G4,DSM,EWR,Airbus,Narrow,A320,A320,320,9,1620,1645920,1350
G4,G4,DSM,FLL,Boeing,Narrow,B737 Misc,B737-Max 8 Passenger,7M8,9,1710,2248650,1701
G4,G4,DSM,GUF,Airbus,Narrow,A320,A320,320,9,1620,1383480,1332
G4,G4,DSM,HOU,Airbus,Narrow,A320,A320,320,9,1620,1336500,1305
G4,G4,DSM,JAX,Airbus,Narrow,A320,A320,320,9,1620,1641060,1386
G4,G4,DSM,LAS,Airbus,Narrow,A320,A319,319,10,1560,1896960,1870
G4,G4,DSM,LAS,Airbus,Narrow,A320,A320,320,13,2340,2845440,2431
G4,G4,DSM,PDX,Airbus,Narrow,A320,A320,320,13,2340,3442140,2847
G4,G4,DSM,PGD,Airbus,Narrow,A320,A319,319,2,312,376272,360
G4,G4,DSM,PGD,Airbus,Narrow,A320,A320,320,11,1980,2387880,1980
G4,G4,DSM,PHL,Airbus,Narrow,A320,A320,320,9,1620,1574640,1224
G4,G4,DSM,PIE,Airbus,Narrow,A320,A320,320,18,3240,3645000,2970
G4,G4,DSM,SFB,Airbus,Narrow,A320,A319,319,1,156,175188,170
G4,G4,DSM,SFB,Airbus,Narrow,A320,A320,320,2,360,404280,340
G4,G4,DSM,SFB,Boeing,Narrow,B737 Misc,B737-Max 8 Passenger,7M8,14,2660,2987180,2380
G4,G4,DSM,SNA,Airbus,Narrow,A320,A320,320,9,1620,2314980,1917
G4,G4,DSM,SRQ,Airbus,Narrow,A320,A320,320,4,720,835200,672
G4,G4,DSM,VPS,Airbus,Narrow,A320,A320,320,9,1620,1391580,1269
G4,G4,ELM,MYR,Airbus,Narrow,A320,A320,320,9,1620,963900,1035
G4,G4,ELM,PIE,Boeing,Narrow,B737 Misc,B737-Max 8 Passenger,7M8,13,2470,2556450,2080
G4,G4,ELM,SFB,Airbus,Narrow,A320,A319,319,1,156,148824,149
G4,G4,ELM,SFB,Boeing,Narrow,B737 Misc,B737-Max 8 Passenger,7M8,17,3230,3081420,2533
G4,G4,EUG,AZA,Airbus,Narrow,A320,A320,320,11,1980,1922580,1694
G4,G4,EUG,LAS,Airbus,Narrow,A320,A319,319,9,1404,981396,1080
G4,G4,EUG,SNA,Airbus,Narrow,A320,A319,319,9,1404,1089504,1197
G4,G4,EVV,PIE,Airbus,Narrow,A320,A319,319,3,468,351936,360
G4,G4,EVV,PIE,Airbus,Narrow,A320,A320,320,5,900,676800,600
G4,G4,EVV,PIE,Boeing,Narrow,B737 Misc,B737-Max 8 Passenger,7M8,1,190,142880,120
G4,G4,EVV,SFB,Airbus,Narrow,A320,A319,319,8,1248,916032,952
G4,G4,EVV,SFB,Airbus,Narrow,A320,A320,320,2,360,264240,238
G4,G4,EVV,SFB,Boeing,Narrow,B737 Misc,B737-Max 8 Passenger,7M8,1,190,139460,119
G4,G4,EVV,VPS,Airbus,Narrow,A320,A320,320,9,1620,848880,882
G4,G4,EWR,ATW,Airbus,Narrow,A320,A320,320,9,1620,1250640,1260
G4,G4,EWR,AVL,Airbus,Narrow,A320,A320,320,13,2340,1364220,1495
G4,G4,EWR,CVG,Airbus,Narrow,A320,A320,320,9,1620,921780,1035
G4,G4,EWR,DSM,Airbus,Narrow,A320,A320,320,9,1620,1645920,1575
G4,G4,EWR,GRR,Airbus,Narrow,A320,A320,320,9,1620,980100,1035
G4,G4,EWR,TYS,Airbus,Narrow,A320,A320,320,13,2340,1476540,1491
G4,G4,EWR,VPS,Airbus,Narrow,A320,A320,320,10,1800,1778400,1649
G4,G4,EYW,AVL,Airbus,Narrow,A320,A320,320,9,1620,1216620,1134
G4,G4,EYW,CVG,Airbus,Narrow,A320,A320,320,9,1620,1641060,1422
G4,G4,EYW,IND,Airbus,Narrow,A320,A319,319,1,156,168168,163
G4,G4,EYW,IND,Airbus,Narrow,A320,A320,320,8,1440,1552320,1304
G4,G4,EYW,LCK,Airbus,Narrow,A320,A319,319,9,1404,1479816,1494
G4,G4,EYW,PIE,Airbus,Narrow,A320,A319,319,26,4056,965328,1716
G4,G4,EYW,PIE,Airbus,Narrow,A320,A320,320,1,180,42840,66
G4,G4,EYW,PIT,Airbus,Narrow,A320,A320,320,9,1620,1785240,1494
G4,G4,EYW,SFB,Airbus,Narrow,A320,A319,319,18,2808,819936,1332
G4,G4,EYW,TYS,Airbus,Narrow,A320,A320,320,9,1620,1274940,1215
G4,G4,FAR,AZA,Airbus,Narrow,A320,A320,320,27,4860,5929200,5049
G4,G4,FAR,BNA,Airbus,Narrow,A320,A319,319,9,1404,1277640,1278
G4,G4,FAR,LAS,Airbus,Narrow,A320,A319,319,9,1404,1691820,1719
G4,G4,FAR,SFB,Boeing,Narrow,B737 Misc,B737-Max 8 Passenger,7M8,9,1710,2576970,1908
G4,G4,FAT,LAS,Airbus,Narrow,A320,A319,319,52,8112,2092896,3796
G4,G4,FAT,LAS,Airbus,Narrow,A320,A320,320,6,1080,278640,438
G4,G4,FCA,AZA,Airbus,Narrow,A320,A320,320,14,2520,2630880,2268
G4,G4,FCA,LAS,Airbus,Narrow,A320,A319,319,9,1404,1187784,1341
G4,G4,FLL,ABE,Airbus,Narrow,A320,A320,320,9,1620,1686420,1539
G4,G4,FLL,ACY,Boeing,Narrow,B737 Misc,B737-Max 8 Passenger,7M8,24,4560,4455120,3888
G4,G4,FLL,ALB,Boeing,Narrow,B737 Misc,B737-Max 8 Passenger,7M8,9,1710,2058840,1728
G4,G4,FLL,ATW,Boeing,Narrow,B737 Misc,B737-Max 8 Passenger,7M8,9,1710,2287980,1899
G4,G4,FLL,AVL,Airbus,Narrow,A320,A320,320,56,10080,6652800,6720
G4,G4,FLL,AVL,Boeing,Narrow,B737 Misc,B737-Max 8 Passenger,7M8,13,2470,1630200,1564
G4,G4,FLL,BLV,Boeing,Narrow,B737 Misc,B737-Max 8 Passenger,7M8,9,1710,1757880,1431
G4,G4,FLL,BNA,Boeing,Narrow,B737 Misc,B737-Max 8 Passenger,7M8,9,1710,1356030,1205
G4,G4,FLL,CAK,Boeing,Narrow,B737 Misc,B737-Max 8 Passenger,7M8,9,1710,1752750,1476
G4,G4,FLL,CHA,Boeing,Narrow,B737 Misc,B737-Max 8 Passenger,7M8,9,1710,1174770,1161
G4,G4,FLL,CID,Boeing,Narrow,B737 Misc,B737-Max 8 Passenger,7M8,9,1710,2176830,1764
G4,G4,FLL,CVG,Airbus,Narrow,A320,A320,320,21,3780,3519180,3213
G4,G4,FLL,CVG,Boeing,Narrow,B737 Misc,B737-Max 8 Passenger,7M8,8,1520,1415120,1224
G4,G4,FLL,DSM,Boeing,Narrow,B737 Misc,B737-Max 8 Passenger,7M8,9,1710,2248650,1728
G4,G4,FLL,FWA,Boeing,Narrow,B737 Misc,B737-Max 8 Passenger,7M8,9,1710,1824570,1575
G4,G4,FLL,GRR,Airbus,Narrow,A320,A320,320,9,1620,1940760,1629
G4,G4,FLL,GSP,Airbus,Narrow,A320,A320,320,18,3240,2008800,2034
G4,G4,FLL,GSP,Boeing,Narrow,B737 Misc,B737-Max 8 Passenger,7M8,2,380,235600,224
G4,G4,FLL,HSV,Boeing,Narrow,B737 Misc,B737-Max 8 Passenger,7M8,9,1710,1214100,1206
G4,G4,FLL,IND,Airbus,Narrow,A320,A320,320,17,3060,3075300,2771
G4,G4,FLL,IND,Boeing,Narrow,B737 Misc,B737-Max 8 Passenger,7M8,14,2660,2673300,2363
G4,G4,FLL,LCK,Boeing,Narrow,B737 Misc,B737-Max 8 Passenger,7M8,9,1710,1641600,1377
G4,G4,FLL,LEX,Boeing,Narrow,B737 Misc,B737-Max 8 Passenger,7M8,13,2470,2134080,1885
G4,G4,FLL,MDT,Boeing,Narrow,B737 Misc,B737-Max 8 Passenger,7M8,9,1710,1696320,1485
G4,G4,FLL,MEM,Boeing,Narrow,B737 Misc,B737-Max 8 Passenger,7M8,24,4560,3880560,3336
G4,G4,FLL,PBG,Boeing,Narrow,B737 Misc,B737-Max 8 Passenger,7M8,16,3040,4064480,3216
G4,G4,FLL,RFD,Boeing,Narrow,B737 Misc,B737-Max 8 Passenger,7M8,9,1710,2089620,1773
G4,G4,FLL,SBN,Boeing,Narrow,B737 Misc,B737-Max 8 Passenger,7M8,9,1710,1937430,1611
G4,G4,FLL,SDF,Boeing,Narrow,B737 Misc,B737-Max 8 Passenger,7M8,14,2660,2383360,2044
G4,G4,FLL,SWF,Boeing,Narrow,B737 Misc,B737-Max 8 Passenger,7M8,9,1710,1911780,1692
G4,G4,FLL,SYR,Boeing,Narrow,B737 Misc,B737-Max 8 Passenger,7M8,18,3420,4090320,3285
G4,G4,FLL,TTN,Boeing,Narrow,B737 Misc,B737-Max 8 Passenger,7M8,9,1710,1754460,1620
G4,G4,FLL,TYS,Airbus,Narrow,A320,A320,320,23,4140,2931120,2806
G4,G4,FLL,TYS,Boeing,Narrow,B737 Misc,B737-Max 8 Passenger,7M8,20,3800,2690400,2440
G4,G4,FLL,USA,Boeing,Narrow,B737 Misc,B737-Max 8 Passenger,7M8,18,3420,2195640,2142
G4,G4,FLL,XNA,Boeing,Narrow,B737 Misc,B737-Max 8 Passenger,7M8,9,1710,1867320,1512
G4,G4,FNT,AZA,Airbus,Narrow,A320,A320,320,9,1620,2673000,2115
G4,G4,FNT,BNA,Airbus,Narrow,A320,A320,320,9,1620,805140,864
G4,G4,FNT,JAX,Airbus,Narrow,A320,A320,320,9,1620,1406160,1233
G4,G4,FNT,LAS,Airbus,Narrow,A320,A320,320,9,1620,2807460,2268
G4,G4,FNT,PDX,Airbus,Narrow,A320,A320,320,6,1080,2070360,1662
G4,G4,FNT,PGD,Airbus,Narrow,A320,A320,320,19,3420,3799620,3264
G4,G4,FNT,PIE,Airbus,Narrow,A320,A319,319,10,1560,1620840,1630
G4,G4,FNT,PIE,Airbus,Narrow,A320,A320,320,6,1080,1122120,978
G4,G4,FNT,PIE,Boeing,Narrow,B737 Misc,B737-Max 8 Passenger,7M8,1,190,197410,163
G4,G4,FNT,SFB,Airbus,Narrow,A320,A320,320,18,3240,3201120,2754
G4,G4,FNT,SRQ,Airbus,Narrow,A320,A320,320,9,1620,1743120,1521
G4,G4,FSD,AZA,Airbus,Narrow,A320,A320,320,25,4500,4824000,4150
G4,G4,FSD,BNA,Airbus,Narrow,A320,A319,319,9,1404,1040364,1080
G4,G4,FSD,LAS,Airbus,Narrow,A320,A319,319,14,2184,2411136,2422
G4,G4,FSD,PIE,Boeing,Narrow,B737 Misc,B737-Max 8 Passenger,7M8,9,1710,2281140,1701
G4,G4,FSD,SFB,Boeing,Narrow,B737 Misc,B737-Max 8 Passenger,7M8,10,1900,2534600,1880
G4,G4,FWA,AZA,Airbus,Narrow,A320,A320,320,9,1620,2506140,1989
G4,G4,FWA,FLL,Boeing,Narrow,B737 Misc,B737-Max 8 Passenger,7M8,9,1710,1824570,1512
G4,G4,FWA,LAS,Airbus,Narrow,A320,A319,319,8,1248,2059200,1912
G4,G4,FWA,LAS,Airbus,Narrow,A320,A320,320,1,180,297000,239
G4,G4,FWA,MYR,Airbus,Narrow,A320,A320,320,9,1620,988200,963
G4,G4,FWA,PGD,Airbus,Narrow,A320,A319,319,1,156,153816,155
G4,G4,FWA,PGD,Airbus,Narrow,A320,A320,320,12,2160,2129760,1860
G4,G4,FWA,PIE,Airbus,Narrow,A320,A319,319,2,312,284232,286
G4,G4,FWA,PIE,Airbus,Narrow,A320,A320,320,2,360,327960,286
G4,G4,FWA,PIE,Boeing,Narrow,B737 Misc,B737-Max 8 Passenger,7M8,14,2660,2423260,2002
G4,G4,FWA,SFB,Airbus,Narrow,A320,A320,320,8,1440,1252800,1104
G4,G4,FWA,SFB,Boeing,Narrow,B737 Misc,B737-Max 8 Passenger,7M8,9,1710,1487700,1242
G4,G4,FWA,SRQ,Airbus,Narrow,A320,A320,320,9,1620,1535760,1277
G4,G4,GEG,AZA,Airbus,Narrow,A320,A320,320,9,1620,1675080,1449
G4,G4,GEG,LAS,Airbus,Narrow,A320,A319,319,8,1248,1005888,1088
G4,G4,GEG,LAS,Airbus,Narrow,A320,A320,320,1,180,145080,136
G4,G4,GEG,SNA,Airbus,Narrow,A320,A320,320,9,1620,1558440,1431
G4,G4,GRI,AZA,Airbus,Narrow,A320,A320,320,10,1800,1629000,1409
G4,G4,GRI,LAS,Airbus,Narrow,A320,A319,319,9,1404,1363284,1368
G4,G4,GRR,AUS,Airbus,Narrow,A320,A320,320,9,1620,1786860,1494
G4,G4,GRR,AZA,Airbus,Narrow,A320,A320,320,19,3420,5338620,4351
G4,G4,GRR,BNA,Airbus,Narrow,A320,A319,319,9,1404,659880,855
G4,G4,GRR,BNA,Airbus,Narrow,A320,A320,320,9,1620,761400,855
G4,G4,GRR,BOS,Airbus,Narrow,A320,A320,320,9,1620,1198800,1062
G4,G4,GRR,EWR,Airbus,Narrow,A320,A320,320,9,1620,980100,945
G4,G4,GRR,FLL,Airbus,Narrow,A320,A320,320,9,1620,1940760,1629
G4,G4,GRR,JAX,Airbus,Narrow,A320,A320,320,9,1620,1427220,1278
G4,G4,GRR,LAS,Airbus,Narrow,A320,A319,319,8,1248,2050464,1992
G4,G4,GRR,LAS,Airbus,Narrow,A320,A320,320,10,1800,2957400,2490
G4,G4,GRR,MYR,Airbus,Narrow,A320,A320,320,9,1620,1179360,1098
G4,G4,GRR,PDX,Airbus,Narrow,A320,A320,320,9,1620,2969460,2394
G4,G4,GRR,PGD,Airbus,Narrow,A320,A320,320,13,2340,2616120,2288
G4,G4,GRR,PHL,Airbus,Narrow,A320,A320,320,9,1620,928260,999
G4,G4,GRR,PIE,Airbus,Narrow,A320,A319,319,2,312,325728,320
G4,G4,GRR,PIE,Airbus,Narrow,A320,A320,320,19,3420,3570480,3040
G4,G4,GRR,PIE,Boeing,Narrow,B737 Misc,B737-Max 8 Passenger,7M8,7,1330,1388520,1120
G4,G4,GRR,SFB,Airbus,Narrow,A320,A319,319,11,1716,1717716,1694
G4,G4,GRR,SFB,Airbus,Narrow,A320,A320,320,12,2160,2162160,1848
G4,G4,GRR,SFB,Boeing,Narrow,B737 Misc,B737-Max 8 Passenger,7M8,6,1140,1141140,924
G4,G4,GRR,SNA,Airbus,Narrow,A320,A320,320,9,1620,3006720,2421
G4,G4,GRR,SRQ,Airbus,Narrow,A320,A320,320,9,1620,1751220,1458
G4,G4,GSO,PIE,Airbus,Narrow,A320,A319,319,4,624,365664,424
G4,G4,GSO,PIE,Airbus,Narrow,A320,A320,320,3,540,316440,318
G4,G4,GSO,PIE,Boeing,Narrow,B737 Misc,B737-Max 8 Passenger,7M8,2,380,222680,212
G4,G4,GSP,FLL,Airbus,Narrow,A320,A320,320,18,3240,2008800,2034
G4,G4,GSP,FLL,Boeing,Narrow,B737 Misc,B737-Max 8 Passenger,7M8,2,380,235600,226
G4,G4,GSP,PIE,Boeing,Narrow,B737 Misc,B737-Max 8 Passenger,7M8,18,3420,1648440,1674
G4,G4,GSP,SFB,Boeing,Narrow,B737 Misc,B737-Max 8 Passenger,7M8,18,3420,1456920,1548
G4,G4,GSP,SRQ,Airbus,Narrow,A320,A320,320,9,1620,837540,909
G4,G4,GTF,AZA,Airbus,Narrow,A320,A320,320,9,1620,1584360,1377
G4,G4,GTF,LAS,Airbus,Narrow,A320,A319,319,9,1404,1138644,1215
G4,G4,GUF,ATW,Airbus,Narrow,A320,A320,320,9,1620,1576260,1566
G4,G4,GUF,BLV,Airbus,Narrow,A320,A319,319,2,312,184704,206
G4,G4,GUF,BLV,Airbus,Narrow,A320,A320,320,2,360,213120,206
G4,G4,GUF,BLV,Boeing,Narrow,B737 Misc,B737-Max 8 Passenger,7M8,9,1710,1012320,927
G4,G4,GUF,BNA,Airbus,Narrow,A320,A319,319,9,1404,581256,900
G4,G4,GUF,CVG,Airbus,Narrow,A320,A320,320,13,2340,1483560,1521
G4,G4,GUF,DSM,Airbus,Narrow,A320,A320,320,9,1620,1383480,1341
G4,G4,GUF,HSV,Airbus,Narrow,A320,A319,319,5,780,243360,400
G4,G4,GUF,HSV,Boeing,Narrow,B737 Misc,B737-Max 8 Passenger,7M8,4,760,237120,320
G4,G4,GUF,MCI,Airbus,Narrow,A320,A320,320,9,1620,1211760,1125
G4,G4,GUF,OKC,Airbus,Narrow,A320,A320,320,13,2340,1602900,1664
G4,G4,GUF,OMA,Airbus,Narrow,A320,A319,319,9,1404,1260792,1260
G4,G4,GUF,SDF,Airbus,Narrow,A320,A319,319,9,1404,789048,1089
G4,G4,GUF,SGF,Airbus,Narrow,A320,A320,320,1,180,106380,110
G4,G4,GUF,SGF,Boeing,Narrow,B737 Misc,B737-Max 8 Passenger,7M8,8,1520,898320,880
G4,G4,GUF,TYS,Airbus,Narrow,A320,A320,320,9,1620,714420,720
G4,G4,GUF,XNA,Airbus,Narrow,A320,A319,319,3,468,268164,300
G4,G4,GUF,XNA,Airbus,Narrow,A320,A320,320,4,720,412560,400
G4,G4,GUF,XNA,Boeing,Narrow,B737 Misc,B737-Max 8 Passenger,7M8,6,1140,653220,600
G4,G4,HGR,MYR,Airbus,Narrow,A320,A319,319,13,2028,853788,1131
G4,G4,HGR,PIE,Boeing,Narrow,B737 Misc,B737-Max 8 Passenger,7M8,9,1710,1472310,1224
G4,G4,HGR,SFB,Airbus,Narrow,A320,A319,319,13,2028,1581840,1651
G4,G4,HOU,AVL,Airbus,Narrow,A320,A320,320,9,1620,1365660,1251
G4,G4,HOU,DSM,Airbus,Narrow,A320,A320,320,9,1620,1336500,1188
G4,G4,HOU,PVU,Airbus,Narrow,A320,A320,320,13,2340,2763540,2353
G4,G4,HOU,TYS,Airbus,Narrow,A320,A320,320,9,1620,1266840,1161
G4,G4,HSV,FLL,Boeing,Narrow,B737 Misc,B737-Max 8 Passenger,7M8,9,1710,1214100,1116
G4,G4,HSV,GUF,Airbus,Narrow,A320,A319,319,5,780,243360,420
G4,G4,HSV,GUF,Boeing,Narrow,B737 Misc,B737-Max 8 Passenger,7M8,4,760,237120,336
G4,G4,HSV,PIE,Airbus,Narrow,A320,A319,319,5,780,407940,535
G4,G4,HSV,PIE,Boeing,Narrow,B737 Misc,B737-Max 8 Passenger,7M8,4,760,397480,428
G4,G4,HSV,SFB,Airbus,Narrow,A320,A320,320,5,900,467100,550
G4,G4,HSV,SFB,Boeing,Narrow,B737 Misc,B737-Max 8 Passenger,7M8,4,760,394440,440
G4,G4,HTS,MYR,Airbus,Narrow,A320,A319,319,3,468,178776,225
G4,G4,HTS,MYR,Airbus,Narrow,A320,A320,320,9,1620,618840,675
G4,G4,HTS,MYR,Boeing,Narrow,B737 Misc,B737-Max 8 Passenger,7M8,5,950,362900,375
G4,G4,HTS,PIE,Airbus,Narrow,A320,A319,319,12,1872,1347840,1464
G4,G4,HTS,PIE,Airbus,Narrow,A320,A320,320,9,1620,1166400,1098
G4,G4,HTS,PIE,Boeing,Narrow,B737 Misc,B737-Max 8 Passenger,7M8,5,950,684000,610
G4,G4,HTS,SFB,Airbus,Narrow,A320,A319,319,4,624,414960,444
G4,G4,HTS,SFB,Airbus,Narrow,A320,A320,320,9,1620,1077300,999
G4,G4,HTS,SFB,Boeing,Narrow,B737 Misc,B737-Max 8 Passenger,7M8,4,760,505400,444
G4,G4,HTS,VPS,Airbus,Narrow,A320,A319,319,4,624,367536,404
G4,G4,HTS,VPS,Airbus,Narrow,A320,A320,320,4,720,424080,404
G4,G4,IAD,AUS,Airbus,Narrow,A320,A320,320,8,1440,1867680,1568
G4,G4,IAD,AVL,Airbus,Narrow,A320,A320,320,9,1620,599400,729
G4,G4,IAD,BNA,Airbus,Narrow,A320,A319,319,13,2028,1099176,1404
G4,G4,IAD,JAX,Airbus,Narrow,A320,A320,320,9,1620,1022220,1116
G4,G4,IAD,PGD,Airbus,Narrow,A320,A320,320,9,1620,1407780,1368
G4,G4,IAD,SAV,Airbus,Narrow,A320,A319,319,9,1404,723060,981
G4,G4,IAD,SRQ,Airbus,Narrow,A320,A320,320,9,1620,1373760,1269
G4,G4,IAD,TYS,Airbus,Narrow,A320,A320,320,9,1620,678780,774
G4,G4,IAD,VPS,Airbus,Narrow,A320,A319,319,4,624,485472,544
G4,G4,IAG,MYR,Airbus,Narrow,A320,A320,320,9,1620,1053000,1035
G4,G4,IAG,PGD,Airbus,Narrow,A320,A320,320,13,2340,2641860,2288
G4,G4,IAG,PIE,Airbus,Narrow,A320,A319,319,3,468,499824,501
G4,G4,IAG,PIE,Airbus,Narrow,A320,A320,320,6,1080,1153440,1002
G4,G4,ICT,AZA,Airbus,Narrow,A320,A320,320,9,1620,1385100,1206
G4,G4,ICT,LAS,Airbus,Narrow,A320,A319,319,8,1248,1231776,1216
G4,G4,ICT,LAS,Airbus,Narrow,A320,A320,320,1,180,177660,152
G4,G4,ICT,PIE,Boeing,Narrow,B737 Misc,B737-Max 8 Passenger,7M8,9,1710,1858770,1440
G4,G4,ICT,SFB,Airbus,Narrow,A320,A320,320,1,180,201060,162
G4,G4,ICT,SFB,Boeing,Narrow,B737 Misc,B737-Max 8 Passenger,7M8,8,1520,1697840,1296
G4,G4,ICT,VPS,Airbus,Narrow,A320,A320,320,13,2340,1862640,1690
G4,G4,IDA,AZA,Airbus,Narrow,A320,A320,320,21,3780,2661120,2456
G4,G4,IDA,LAS,Airbus,Narrow,A320,A319,319,8,1248,672672,824
G4,G4,IDA,LAS,Airbus,Narrow,A320,A320,320,1,180,97020,103
G4,G4,IDA,PDX,Airbus,Narrow,A320,A320,320,9,1620,873180,864
G4,G4,IDA,SNA,Airbus,Narrow,A320,A319,319,8,1248,932256,1040
G4,G4,IDA,SNA,Airbus,Narrow,A320,A320,320,1,180,134460,130
G4,G4,IND,BOS,Airbus,Narrow,A320,A320,320,9,1620,1323540,1206
G4,G4,IND,BUR,Airbus,Narrow,A320,A320,320,9,1620,2924100,2367
G4,G4,IND,CHS,Airbus,Narrow,A320,A320,320,9,1620,947700,990
G4,G4,IND,EYW,Airbus,Narrow,A320,A319,319,1,156,168168,162
G4,G4,IND,EYW,Airbus,Narrow,A320,A320,320,8,1440,1552320,1296
G4,G4,IND,FLL,Airbus,Narrow,A320,A320,320,17,3060,3075300,2737
G4,G4,IND,FLL,Boeing,Narrow,B737 Misc,B737-Max 8 Passenger,7M8,14,2660,2673300,2263
G4,G4,IND,JAX,Airbus,Narrow,A320,A320,320,9,1620,1114560,1071
G4,G4,IND,LAS,Airbus,Narrow,A320,A320,320,9,1620,2577420,2133
G4,G4,IND,MYR,Airbus,Narrow,A320,A320,320,4,720,419760,424
G4,G4,IND,PDX,Airbus,Narrow,A320,A320,320,8,1440,2702880,2160
G4,G4,IND,PGD,Airbus,Narrow,A320,A320,320,25,4500,4126500,3775
G4,G4,IND,PIE,Airbus,Narrow,A320,A319,319,8,1248,1048320,1096
G4,G4,IND,PIE,Airbus,Narrow,A320,A320,320,13,2340,1965600,1781
G4,G4,IND,PIE,Boeing,Narrow,B737 Misc,B737-Max 8 Passenger,7M8,4,760,638400,548
G4,G4,IND,SAV,Airbus,Narrow,A320,A320,320,4,720,429120,424
G4,G4,IND,SFB,Airbus,Narrow,A320,A319,319,10,1560,1260480,1354
G4,G4,IND,SFB,Airbus,Narrow,A320,A320,320,22,3960,3199680,2992
G4,G4,IND,SRQ,Airbus,Narrow,A320,A320,320,13,2340,2049840,1820
G4,G4,IND,VPS,Airbus,Narrow,A320,A320,320,9,1620,1031940,1044
G4,G4,JAX,BLV,Airbus,Narrow,A320,A320,320,9,1620,1172880,1107
G4,G4,JAX,BNA,Airbus,Narrow,A320,A319,319,9,1404,679536,837
G4,G4,JAX,CAK,Airbus,Narrow,A320,A319,319,9,1404,1009476,1080
G4,G4,JAX,CAK,Airbus,Narrow,A320,A320,320,9,1620,1164780,1080
G4,G4,JAX,CVG,Airbus,Narrow,A320,A320,320,13,2340,1436760,1443
G4,G4,JAX,DSM,Airbus,Narrow,A320,A320,320,9,1620,1641060,1395
G4,G4,JAX,FNT,Airbus,Narrow,A320,A320,320,9,1620,1406160,1224
G4,G4,JAX,GRR,Airbus,Narrow,A320,A320,320,9,1620,1427220,1242
G4,G4,JAX,IAD,Airbus,Narrow,A320,A320,320,9,1620,1022220,1089
G4,G4,JAX,IND,Airbus,Narrow,A320,A320,320,9,1620,1114560,1062
G4,G4,JAX,MDT,Airbus,Narrow,A320,A320,320,9,1620,1172880,1098
G4,G4,JAX,PIT,Airbus,Narrow,A320,A320,320,18,3240,2251800,2106
G4,G4,JAX,TYS,Airbus,Narrow,A320,A320,320,9,1620,633420,720
G4,G4,LAS,ATW,Airbus,Narrow,A320,A320,320,18,3240,4892400,3852
G4,G4,LAS,AUS,Airbus,Narrow,A320,A319,319,7,1092,1190280,1183
G4,G4,LAS,AUS,Airbus,Narrow,A320,A320,320,1,180,196200,169
G4,G4,LAS,AVL,Airbus,Narrow,A320,A320,320,9,1620,2956500,2268
G4,G4,LAS,BIL,Airbus,Narrow,A320,A319,319,9,1404,1060020,1161
G4,G4,LAS,BIS,Airbus,Narrow,A320,A319,319,8,1248,1307904,1288
G4,G4,LAS,BIS,Airbus,Narrow,A320,A320,320,1,180,188640,161
G4,G4,LAS,BLI,Airbus,Narrow,A320,A319,319,35,5460,5208840,5565
G4,G4,LAS,BLI,Airbus,Narrow,A320,A320,320,1,180,171720,159
G4,G4,LAS,BLV,Airbus,Narrow,A320,A319,319,9,1404,1965600,1827
G4,G4,LAS,BZN,Airbus,Narrow,A320,A319,319,8,1248,874848,1008
G4,G4,LAS,BZN,Airbus,Narrow,A320,A320,320,1,180,126180,126
G4,G4,LAS,CID,Airbus,Narrow,A320,A319,319,9,1404,1853280,1719
G4,G4,LAS,CVG,Airbus,Narrow,A320,A319,319,2,312,523848,462
G4,G4,LAS,CVG,Airbus,Narrow,A320,A320,320,9,1620,2719980,2115
G4,G4,LAS,DSM,Airbus,Narrow,A320,A319,319,10,1560,1896960,1790
G4,G4,LAS,DSM,Airbus,Narrow,A320,A320,320,13,2340,2845440,2327
G4,G4,LAS,EUG,Airbus,Narrow,A320,A319,319,9,1404,981396,1134
G4,G4,LAS,FAR,Airbus,Narrow,A320,A319,319,9,1404,1691820,1575
G4,G4,LAS,FAT,Airbus,Narrow,A320,A319,319,52,8112,2092896,4004
G4,G4,LAS,FAT,Airbus,Narrow,A320,A320,320,6,1080,278640,462
G4,G4,LAS,FCA,Airbus,Narrow,A320,A319,319,9,1404,1187784,1305
G4,G4,LAS,FNT,Airbus,Narrow,A320,A320,320,9,1620,2807460,2097
G4,G4,LAS,FSD,Airbus,Narrow,A320,A319,319,14,2184,2411136,2324
G4,G4,LAS,FWA,Airbus,Narrow,A320,A319,319,8,1248,2059200,1816
G4,G4,LAS,FWA,Airbus,Narrow,A320,A320,320,1,180,297000,227
G4,G4,LAS,GEG,Airbus,Narrow,A320,A319,319,8,1248,1005888,1136
G4,G4,LAS,GEG,Airbus,Narrow,A320,A320,320,1,180,145080,142
G4,G4,LAS,GRI,Airbus,Narrow,A320,A319,319,9,1404,1363284,1350
G4,G4,LAS,GRR,Airbus,Narrow,A320,A319,319,8,1248,2050464,1840
G4,G4,LAS,GRR,Airbus,Narrow,A320,A320,320,10,1800,2957400,2300
G4,G4,LAS,GTF,Airbus,Narrow,A320,A319,319,9,1404,1138644,1251
G4,G4,LAS,ICT,Airbus,Narrow,A320,A319,319,8,1248,1231776,1224
G4,G4,LAS,ICT,Airbus,Narrow,A320,A320,320,1,180,177660,153
G4,G4,LAS,IDA,Airbus,Narrow,A320,A319,319,8,1248,672672,864
G4,G4,LAS,IDA,Airbus,Narrow,A320,A320,320,1,180,97020,108
G4,G4,LAS,IND,Airbus,Narrow,A320,A320,320,9,1620,2577420,1989
G4,G4,LAS,LEX,Airbus,Narrow,A320,A319,319,8,1248,2105376,1856
G4,G4,LAS,LEX,Airbus,Narrow,A320,A320,320,1,180,303660,232
G4,G4,LAS,LRD,Airbus,Narrow,A320,A319,319,9,1404,1534572,1530
G4,G4,LAS,MEM,Airbus,Narrow,A320,A319,319,9,1404,1988064,1854
G4,G4,LAS,MFE,Airbus,Narrow,A320,A319,319,7,1092,1321320,1288
G4,G4,LAS,MFE,Airbus,Narrow,A320,A320,320,33,5940,7187400,6072
G4,G4,LAS,MFR,Airbus,Narrow,A320,A319,319,17,2652,1588548,1989
G4,G4,LAS,MFR,Airbus,Narrow,A320,A320,320,1,180,107820,117
G4,G4,LAS,MLI,Airbus,Narrow,A320,A319,319,3,468,644436,588
G4,G4,LAS,MLI,Airbus,Narrow,A320,A320,320,6,1080,1487160,1176
G4,G4,LAS,MOT,Airbus,Narrow,A320,A319,319,9,1404,1541592,1485
G4,G4,LAS,MRY,Airbus,Narrow,A320,A319,319,13,2028,760500,1222
G4,G4,LAS,MSO,Airbus,Narrow,A320,A319,319,8,1248,936000,1072
G4,G4,LAS,MSO,Airbus,Narrow,A320,A320,320,1,180,135000,134
G4,G4,LAS,OKC,Airbus,Narrow,A320,A319,319,8,1248,1231776,1248
G4,G4,LAS,OKC,Airbus,Narrow,A320,A320,320,1,180,177660,156
G4,G4,LAS,OMA,Airbus,Narrow,A320,A319,319,9,1404,1542996,1494
G4,G4,LAS,PIA,Airbus,Narrow,A320,A319,319,9,1404,1983852,1791
G4,G4,LAS,PSC,Airbus,Narrow,A320,A319,319,7,1092,799344,973
G4,G4,LAS,PSC,Airbus,Narrow,A320,A320,320,2,360,263520,278
G4,G4,LAS,RAP,Airbus,Narrow,A320,A319,319,9,1404,1183572,1215
G4,G4,LAS,RFD,Airbus,Narrow,A320,A319,319,8,1248,1817088,1632
G4,G4,LAS,RFD,Airbus,Narrow,A320,A320,320,1,180,262080,204
G4,G4,LAS,SBN,Airbus,Narrow,A320,A319,319,9,1404,2237976,2052
G4,G4,LAS,SCK,Airbus,Narrow,A320,A319,319,35,5460,1960140,2905
G4,G4,LAS,SCK,Airbus,Narrow,A320,A320,320,1,180,64620,83
G4,G4,LAS,SFB,Airbus,Narrow,A320,A319,319,5,780,1586520,1340
G4,G4,LAS,SGF,Airbus,Narrow,A320,A319,319,4,624,755040,724
G4,G4,LAS,SGF,Airbus,Narrow,A320,A320,320,10,1800,2178000,1810
G4,G4,LAS,SHV,Airbus,Narrow,A320,A319,319,9,1404,1745172,1647
G4,G4,LAS,SMX,Airbus,Narrow,A320,A319,319,9,1404,435240,738
G4,G4,LAS,TUL,Airbus,Narrow,A320,A319,319,9,1404,1510704,1467
G4,G4,LAS,TYS,Airbus,Narrow,A320,A319,319,7,1092,1900080,1659
G4,G4,LAS,TYS,Airbus,Narrow,A320,A320,320,2,360,626400,474
G4,G4,LAS,VPS,Airbus,Narrow,A320,A320,320,9,1620,2745900,2178
G4,G4,LAS,XNA,Airbus,Narrow,A320,A319,319,8,1248,1451424,1384
G4,G4,LAS,XNA,Airbus,Narrow,A320,A320,320,1,180,209340,173
G4,G4,LCK,EYW,Airbus,Narrow,A320,A319,319,9,1404,1479816,1476
G4,G4,LCK,FLL,Boeing,Narrow,B737 Misc,B737-Max 8 Passenger,7M8,9,1710,1641600,1377
G4,G4,LCK,MYR,Airbus,Narrow,A320,A319,319,14,2184,1043952,1274
G4,G4,LCK,MYR,Airbus,Narrow,A320,A320,320,12,2160,1032480,1092
G4,G4,LCK,PGD,Airbus,Narrow,A320,A319,319,7,1092,971880,1050
G4,G4,LCK,PGD,Airbus,Narrow,A320,A320,320,10,1800,1602000,1500
G4,G4,LCK,PIE,Airbus,Narrow,A320,A319,319,2,312,255840,268
G4,G4,LCK,PIE,Airbus,Narrow,A320,A320,320,7,1260,1033200,938
G4,G4,LCK,PIE,Boeing,Narrow,B737 Misc,B737-Max 8 Passenger,7M8,18,3420,2804400,2412
G4,G4,LCK,SAV,Airbus,Narrow,A320,A319,319,18,2808,1513512,1746
G4,G4,LCK,SFB,Airbus,Narrow,A320,A319,319,2,312,239304,250
G4,G4,LCK,SFB,Boeing,Narrow,B737 Misc,B737-Max 8 Passenger,7M8,16,3040,2331680,2000
G4,G4,LCK,SRQ,Airbus,Narrow,A320,A320,320,9,1620,1386720,1219
G4,G4,LCK,VPS,Airbus,Narrow,A320,A320,320,21,3780,2547720,2457
G4,G4,LEX,FLL,Boeing,Narrow,B737 Misc,B737-Max 8 Passenger,7M8,13,2470,2134080,1820
G4,G4,LEX,LAS,Airbus,Narrow,A320,A319,319,8,1248,2105376,1984
G4,G4,LEX,LAS,Airbus,Narrow,A320,A320,320,1,180,303660,248
G4,G4,LEX,MYR,Airbus,Narrow,A320,A319,319,2,312,136656,166
G4,G4,LEX,MYR,Airbus,Narrow,A320,A320,320,3,540,236520,249
G4,G4,LEX,MYR,Boeing,Narrow,B737 Misc,B737-Max 8 Passenger,7M8,4,760,332880,332
G4,G4,LEX,PGD,Airbus,Narrow,A320,A319,319,9,1404,1096524,1179
G4,G4,LEX,PGD,Airbus,Narrow,A320,A320,320,6,1080,843480,782
G4,G4,LEX,PIE,Airbus,Narrow,A320,A319,319,3,468,330408,355
G4,G4,LEX,PIE,Airbus,Narrow,A320,A320,320,13,2340,1652040,1537
G4,G4,LEX,PIE,Boeing,Narrow,B737 Misc,B737-Max 8 Passenger,7M8,8,1520,1073120,946
G4,G4,LEX,SFB,Airbus,Narrow,A320,A319,319,9,1404,936468,1053
G4,G4,LEX,SFB,Airbus,Narrow,A320,A320,320,11,1980,1320660,1287
G4,G4,LEX,SFB,Boeing,Narrow,B737 Misc,B737-Max 8 Passenger,7M8,8,1520,1013840,936
G4,G4,LEX,SRQ,Airbus,Narrow,A320,A320,320,9,1620,1203660,1098
G4,G4,LEX,VPS,Airbus,Narrow,A320,A319,319,1,156,82992,99
G4,G4,LEX,VPS,Airbus,Narrow,A320,A320,320,11,1980,1053360,1089
G4,G4,LEX,VPS,Boeing,Narrow,B737 Misc,B737-Max 8 Passenger,7M8,1,190,101080,99
G4,G4,LIT,PIE,Airbus,Narrow,A320,A319,319,9,1404,1030536,1071
G4,G4,LIT,SFB,Boeing,Narrow,B737 Misc,B737-Max 8 Passenger,7M8,9,1710,1309860,1143
G4,G4,LIT,VPS,Airbus,Narrow,A320,A320,320,9,1620,717660,801
G4,G4,LRD,LAS,Airbus,Narrow,A320,A319,319,9,1404,1534572,1539
G4,G4,LSE,AZA,Airbus,Narrow,A320,A320,320,9,1620,2135160,1953
G4,G4,LSE,SFB,Airbus,Narrow,A320,A319,319,1,156,184080,180
G4,G4,LSE,SFB,Airbus,Narrow,A320,A320,320,1,180,212400,180
G4,G4,LSE,SFB,Boeing,Narrow,B737 Misc,B737-Max 8 Passenger,7M8,7,1330,1569400,1260
G4,G4,MCI,GUF,Airbus,Narrow,A320,A320,320,9,1620,1211760,1098
G4,G4,MCI,PGD,Airbus,Narrow,A320,A319,319,1,156,175656,177
G4,G4,MCI,PGD,Airbus,Narrow,A320,A320,320,8,1440,1621440,1416
G4,G4,MCI,PIE,Airbus,Narrow,A320,A319,319,2,312,326040,314
G4,G4,MCI,PIE,Airbus,Narrow,A320,A320,320,1,180,188100,157
G4,G4,MCI,PIE,Boeing,Narrow,B737 Misc,B737-Max 8 Passenger,7M8,15,2850,2978250,2391
G4,G4,MCI,VPS,Airbus,Narrow,A320,A320,320,9,1620,1239300,1188
G4,G4,MCO,ABE,Airbus,Narrow,A320,A320,320,10,1800,1630800,1540
G4,G4,MCO,ATW,Airbus,Narrow,A320,A320,320,9,1620,1880820,1773
G4,G4,MCO,AVL,Airbus,Narrow,A320,A320,320,11,1980,966240,1155
G4,G4,MCO,TYS,Airbus,Narrow,A320,A320,320,9,1620,861840,945
G4,G4,MDT,BNA,Airbus,Narrow,A320,A319,319,9,1404,853632,999
G4,G4,MDT,FLL,Boeing,Narrow,B737 Misc,B737-Max 8 Passenger,7M8,9,1710,1696320,1449
G4,G4,MDT,JAX,Airbus,Narrow,A320,A320,320,9,1620,1172880,1152
G4,G4,MDT,MYR,Airbus,Narrow,A320,A319,319,3,468,217620,285
G4,G4,MDT,MYR,Airbus,Narrow,A320,A320,320,8,1440,669600,760
G4,G4,MDT,MYR,Boeing,Narrow,B737 Misc,B737-Max 8 Passenger,7M8,2,380,176700,190
G4,G4,MDT,PGD,Airbus,Narrow,A320,A319,319,1,156,150228,156
G4,G4,MDT,PGD,Airbus,Narrow,A320,A320,320,9,1620,1560060,1404
G4,G4,MDT,PIE,Airbus,Narrow,A320,A320,320,2,360,327960,294
G4,G4,MDT,PIE,Boeing,Narrow,B737 Misc,B737-Max 8 Passenger,7M8,16,3040,2769440,2352
G4,G4,MDT,SFB,Airbus,Narrow,A320,A319,319,14,2184,1806168,1904
G4,G4,MDT,SFB,Airbus,Narrow,A320,A320,320,12,2160,1786320,1634
G4,G4,MDT,SFB,Boeing,Narrow,B737 Misc,B737-Max 8 Passenger,7M8,5,950,785650,686
G4,G4,MDT,SRQ,Airbus,Narrow,A320,A320,320,9,1620,1526040,1341
G4,G4,MDW,AVL,Airbus,Narrow,A320,A320,320,9,1620,844020,918
G4,G4,MDW,PGD,Airbus,Narrow,A320,A319,319,9,1404,1510704,1593
G4,G4,MDW,PVU,Airbus,Narrow,A320,A320,320,9,1620,2031480,1854
G4,G4,MDW,TYS,Airbus,Narrow,A320,A320,320,9,1620,743580,810
G4,G4,MDW,VPS,Airbus,Narrow,A320,A320,320,9,1620,1266840,1206
G4,G4,MEM,FLL,Boeing,Narrow,B737 Misc,B737-Max 8 Passenger,7M8,24,4560,3880560,3281
G4,G4,MEM,LAS,Airbus,Narrow,A320,A319,319,9,1404,1988064,1935
G4,G4,MEM,PIE,Boeing,Narrow,B737 Misc,B737-Max 8 Passenger,7M8,9,1710,1116630,1008
G4,G4,MEM,SFB,Airbus,Narrow,A320,A320,320,3,540,362340,351
G4,G4,MEM,SFB,Boeing,Narrow,B737 Misc,B737-Max 8 Passenger,7M8,6,1140,764940,702
G4,G4,MEM,VPS,Airbus,Narrow,A320,A320,320,9,1620,604260,756
G4,G4,MFE,LAS,Airbus,Narrow,A320,A319,319,7,1092,1321320,1260
G4,G4,MFE,LAS,Airbus,Narrow,A320,A320,320,33,5940,7187400,5940
G4,G4,MFE,SFB,Airbus,Narrow,A320,A320,320,2,360,380880,332
G4,G4,MFE,SFB,Boeing,Narrow,B737 Misc,B737-Max 8 Passenger,7M8,16,3040,3216320,2656
G4,G4,MFR,LAS,Airbus,Narrow,A320,A319,319,17,2652,1588548,1853
G4,G4,MFR,LAS,Airbus,Narrow,A320,A320,320,1,180,107820,109
G4,G4,MFR,SNA,Airbus,Narrow,A320,A319,319,9,1404,925236,1089
G4,G4,MLB,ABE,Airbus,Narrow,A320,A320,320,9,1620,1480680,1368
G4,G4,MLB,CVG,Airbus,Narrow,A320,A320,320,9,1620,1278180,1206
G4,G4,MLB,PIT,Airbus,Narrow,A320,A320,320,9,1620,1385100,1251
G4,G4,MLI,AZA,Airbus,Narrow,A320,A320,320,9,1620,2086560,1728
G4,G4,MLI,LAS,Airbus,Narrow,A320,A319,319,3,468,644436,621
G4,G4,MLI,LAS,Airbus,Narrow,A320,A320,320,6,1080,1487160,1242
G4,G4,MLI,PGD,Airbus,Narrow,A320,A320,320,9,1620,1801440,1539
G4,G4,MLI,PIE,Boeing,Narrow,B737 Misc,B737-Max 8 Passenger,7M8,9,1710,1766430,1404
G4,G4,MLI,SFB,Airbus,Narrow,A320,A320,320,1,180,183240,152
G4,G4,MLI,SFB,Boeing,Narrow,B737 Misc,B737-Max 8 Passenger,7M8,8,1520,1547360,1216
G4,G4,MOT,AZA,Airbus,Narrow,A320,A320,320,9,1620,1885680,1602
G4,G4,MOT,LAS,Airbus,Narrow,A320,A319,319,9,1404,1541592,1575
G4,G4,MRY,LAS,Airbus,Narrow,A320,A319,319,13,2028,760500,1248
G4,G4,MSO,AZA,Airbus,Narrow,A320,A320,320,14,2520,2388960,2105
G4,G4,MSO,LAS,Airbus,Narrow,A320,A319,319,8,1248,936000,1072
G4,G4,MSO,LAS,Airbus,Narrow,A320,A320,320,1,180,135000,134
G4,G4,MSO,SNA,Airbus,Narrow,A320,A320,320,9,1620,1514700,1440
G4,G4,MYR,ABE,Airbus,Narrow,A320,A320,320,32,5760,2983680,3296
G4,G4,MYR,ACY,Boeing,Narrow,B737 Misc,B737-Max 8 Passenger,7M8,13,2470,1151020,1118
G4,G4,MYR,ALB,Airbus,Narrow,A320,A320,320,13,2340,1600560,1534
G4,G4,MYR,BLV,Airbus,Narrow,A320,A320,320,13,2340,1628640,1521
G4,G4,MYR,CAK,Airbus,Narrow,A320,A319,319,17,2652,1373736,1683
G4,G4,MYR,CKB,Airbus,Narrow,A320,A319,319,1,156,61464,86
G4,G4,MYR,CKB,Airbus,Narrow,A320,A320,320,2,360,141840,172
G4,G4,MYR,CKB,Boeing,Narrow,B737 Misc,B737-Max 8 Passenger,7M8,6,1140,449160,516
G4,G4,MYR,CVG,Airbus,Narrow,A320,A320,320,26,4680,2288520,2522
G4,G4,MYR,DAY,Airbus,Narrow,A320,A319,319,9,1404,730080,927
G4,G4,MYR,ELM,Airbus,Narrow,A320,A320,320,9,1620,963900,1017
G4,G4,MYR,FWA,Airbus,Narrow,A320,A320,320,9,1620,988200,945
G4,G4,MYR,GRR,Airbus,Narrow,A320,A320,320,9,1620,1179360,1089
G4,G4,MYR,HGR,Airbus,Narrow,A320,A319,319,13,2028,853788,1170
G4,G4,MYR,HTS,Airbus,Narrow,A320,A319,319,3,468,178776,231
G4,G4,MYR,HTS,Airbus,Narrow,A320,A320,320,9,1620,618840,693
G4,G4,MYR,HTS,Boeing,Narrow,B737 Misc,B737-Max 8 Passenger,7M8,5,950,362900,385
G4,G4,MYR,IAG,Airbus,Narrow,A320,A320,320,9,1620,1053000,1026
G4,G4,MYR,IND,Airbus,Narrow,A320,A320,320,4,720,419760,424
G4,G4,MYR,LCK,Airbus,Narrow,A320,A319,319,14,2184,1043952,1274
G4,G4,MYR,LCK,Airbus,Narrow,A320,A320,320,12,2160,1032480,1092
G4,G4,MYR,LEX,Airbus,Narrow,A320,A319,319,2,312,136656,174
G4,G4,MYR,LEX,Airbus,Narrow,A320,A320,320,3,540,236520,261
G4,G4,MYR,LEX,Boeing,Narrow,B737 Misc,B737-Max 8 Passenger,7M8,4,760,332880,348
G4,G4,MYR,MDT,Airbus,Narrow,A320,A319,319,3,468,217620,282
G4,G4,MYR,MDT,Airbus,Narrow,A320,A320,320,8,1440,669600,752
G4,G4,MYR,MDT,Boeing,Narrow,B737 Misc,B737-Max 8 Passenger,7M8,2,380,176700,188
G4,G4,MYR,PIT,Airbus,Narrow,A320,A320,320,17,3060,1456560,1564
G4,G4,MYR,SDF,Airbus,Narrow,A320,A320,320,4,720,354240,380
G4,G4,MYR,SWF,Airbus,Narrow,A320,A320,320,22,3960,2379960,2552
G4,G4,MYR,SYR,Airbus,Narrow,A320,A319,319,13,2028,1354704,1482
G4,G4,OKC,GUF,Airbus,Narrow,A320,A320,320,13,2340,1602900,1612
G4,G4,OKC,LAS,Airbus,Narrow,A320,A319,319,8,1248,1231776,1272
G4,G4,OKC,LAS,Airbus,Narrow,A320,A320,320,1,180,177660,159
G4,G4,OKC,SFB,Boeing,Narrow,B737 Misc,B737-Max 8 Passenger,7M8,9,1710,1814310,1458
G4,G4,OKC,VPS,Airbus,Narrow,A320,A320,320,17,3060,2221560,2086
G4,G4,OMA,AZA,Airbus,Narrow,A320,A320,320,9,1620,1662120,1458
G4,G4,OMA,GUF,Airbus,Narrow,A320,A319,319,9,1404,1260792,1224
G4,G4,OMA,LAS,Airbus,Narrow,A320,A319,319,9,1404,1542996,1557
G4,G4,OMA,PGD,Airbus,Narrow,A320,A319,319,2,312,395616,382
G4,G4,OMA,PGD,Airbus,Narrow,A320,A320,320,7,1260,1597680,1337
G4,G4,OMA,PIE,Boeing,Narrow,B737 Misc,B737-Max 8 Passenger,7M8,14,2660,3160080,2408
G4,G4,OMA,SFB,Boeing,Narrow,B737 Misc,B737-Max 8 Passenger,7M8,9,1710,2043450,1593
G4,G4,OMA,VPS,Airbus,Narrow,A320,A320,320,9,1620,1475820,1314
G4,G4,PBG,FLL,Boeing,Narrow,B737 Misc,B737-Max 8 Passenger,7M8,16,3040,4064480,3344
G4,G4,PBG,PIE,Airbus,Narrow,A320,A319,319,8,1248,1577472,1560
G4,G4,PBG,PIE,Airbus,Narrow,A320,A320,320,1,180,227520,195
G4,G4,PBG,SFB,Boeing,Narrow,B737 Misc,B737-Max 8 Passenger,7M8,9,1710,2014380,1629
G4,G4,PBI,AVL,Airbus,Narrow,A320,A320,320,18,3240,2008800,2052
G4,G4,PBI,CVG,Airbus,Narrow,A320,A320,320,9,1620,1445040,1323
G4,G4,PBI,PIT,Airbus,Narrow,A320,A320,320,10,1800,1713600,1534
G4,G4,PDX,ATW,Airbus,Narrow,A320,A320,320,9,1620,2692440,2016
G4,G4,PDX,AZA,Airbus,Narrow,A320,A320,320,9,1620,1665360,1449
G4,G4,PDX,CVG,Airbus,Narrow,A320,A320,320,9,1620,3199500,2448
G4,G4,PDX,DSM,Airbus,Narrow,A320,A320,320,13,2340,3442140,2613
G4,G4,PDX,FNT,Airbus,Narrow,A320,A320,320,6,1080,2070360,1488
G4,G4,PDX,GRR,Airbus,Narrow,A320,A320,320,9,1620,2969460,2133
G4,G4,PDX,IDA,Airbus,Narrow,A320,A320,320,9,1620,873180,900
G4,G4,PDX,IND,Airbus,Narrow,A320,A320,320,8,1440,2702880,2064
G4,G4,PDX,PVU,Airbus,Narrow,A320,A320,320,9,1620,1075680,1053
G4,G4,PGD,ABE,Airbus,Narrow,A320,A320,320,26,4680,4764240,4186
G4,G4,PGD,ALB,Airbus,Narrow,A320,A320,320,18,3240,3839400,3294
G4,G4,PGD,ATW,Airbus,Narrow,A320,A320,320,13,2340,2925000,2353
G4,G4,PGD,AVL,Airbus,Narrow,A320,A320,320,21,3780,2222640,2226
G4,G4,PGD,BLV,Airbus,Narrow,A320,A319,319,6,936,862056,845
G4,G4,PGD,BLV,Airbus,Narrow,A320,A320,320,21,3780,3481380,2960
G4,G4,PGD,BNA,Airbus,Narrow,A320,A319,319,9,1404,971568,1062
G4,G4,PGD,CAK,Airbus,Narrow,A320,A319,319,13,2028,1957020,1937
G4,G4,PGD,CAK,Airbus,Narrow,A320,A320,320,5,900,868500,745
G4,G4,PGD,CID,Airbus,Narrow,A320,A319,319,5,780,911820,875
G4,G4,PGD,CID,Airbus,Narrow,A320,A320,320,8,1440,1683360,1400
G4,G4,PGD,CVG,Airbus,Narrow,A320,A320,320,41,7380,6273000,5617
G4,G4,PGD,DAY,Airbus,Narrow,A320,A319,319,1,156,141024,142
G4,G4,PGD,DAY,Airbus,Narrow,A320,A320,320,8,1440,1301760,1136
G4,G4,PGD,DSM,Airbus,Narrow,A320,A319,319,2,312,376272,354
G4,G4,PGD,DSM,Airbus,Narrow,A320,A320,320,11,1980,2387880,1947
G4,G4,PGD,FNT,Airbus,Narrow,A320,A320,320,19,3420,3799620,3154
G4,G4,PGD,FWA,Airbus,Narrow,A320,A319,319,1,156,153816,150
G4,G4,PGD,FWA,Airbus,Narrow,A320,A320,320,12,2160,2129760,1800
G4,G4,PGD,GRR,Airbus,Narrow,A320,A320,320,13,2340,2616120,2119
G4,G4,PGD,IAD,Airbus,Narrow,A320,A320,320,9,1620,1407780,1314
G4,G4,PGD,IAG,Airbus,Narrow,A320,A320,320,13,2340,2641860,2158
G4,G4,PGD,IND,Airbus,Narrow,A320,A320,320,25,4500,4126500,3625
G4,G4,PGD,LCK,Airbus,Narrow,A320,A319,319,7,1092,971880,980
G4,G4,PGD,LCK,Airbus,Narrow,A320,A320,320,10,1800,1602000,1400
G4,G4,PGD,LEX,Airbus,Narrow,A320,A319,319,9,1404,1096524,1161
G4,G4,PGD,LEX,Airbus,Narrow,A320,A320,320,6,1080,843480,772
G4,G4,PGD,MCI,Airbus,Narrow,A320,A319,319,1,156,175656,171
G4,G4,PGD,MCI,Airbus,Narrow,A320,A320,320,8,1440,1621440,1368
G4,G4,PGD,MDT,Airbus,Narrow,A320,A319,319,1,156,150228,150
G4,G4,PGD,MDT,Airbus,Narrow,A320,A320,320,9,1620,1560060,1350
G4,G4,PGD,MDW,Airbus,Narrow,A320,A319,319,9,1404,1510704,1512
G4,G4,PGD,MLI,Airbus,Narrow,A320,A320,320,9,1620,1801440,1494
G4,G4,PGD,OMA,Airbus,Narrow,A320,A319,319,2,312,395616,370
G4,G4,PGD,OMA,Airbus,Narrow,A320,A320,320,7,1260,1597680,1295
G4,G4,PGD,PIA,Airbus,Narrow,A320,A320,320,18,3240,3382560,2844
G4,G4,PGD,PIT,Airbus,Narrow,A320,A320,320,18,3240,3048840,2632
G4,G4,PGD,PSM,Airbus,Narrow,A320,A319,319,17,2652,3391908,3179
G4,G4,PGD,PSM,Airbus,Narrow,A320,A320,320,1,180,230220,187
G4,G4,PGD,PVD,Airbus,Narrow,A320,A319,319,4,624,738816,704
G4,G4,PGD,PVD,Airbus,Narrow,A320,A320,320,7,1260,1491840,1232
G4,G4,PGD,RFD,Airbus,Narrow,A320,A319,319,4,624,703248,680
G4,G4,PGD,RFD,Airbus,Narrow,A320,A320,320,13,2340,2637180,2210
G4,G4,PGD,SBN,Airbus,Narrow,A320,A319,319,2,312,326976,310
G4,G4,PGD,SBN,Airbus,Narrow,A320,A320,320,14,2520,2640960,2170
G4,G4,PGD,SDF,Airbus,Narrow,A320,A319,319,11,1716,1383096,1452
G4,G4,PGD,SDF,Airbus,Narrow,A320,A320,320,2,360,290160,264
G4,G4,PGD,SDF,Boeing,Narrow,B737 Misc,B737-Max 8 Passenger,7M8,5,950,765700,660
G4,G4,PGD,SGF,Airbus,Narrow,A320,A319,319,9,1404,1367496,1386
G4,G4,PGD,SPI,Airbus,Narrow,A320,A320,320,9,1620,1610280,1359
G4,G4,PGD,SWF,Airbus,Narrow,A320,A319,319,8,1248,1374048,1400
G4,G4,PGD,SWF,Airbus,Narrow,A320,A320,320,1,180,198180,175
G4,G4,PGD,TOL,Airbus,Narrow,A320,A319,319,1,156,158496,151
G4,G4,PGD,TOL,Airbus,Narrow,A320,A320,320,8,1440,1463040,1208
G4,G4,PGD,TTN,Airbus,Narrow,A320,A320,320,9,1620,1634580,1476
G4,G4,PGD,TYS,Airbus,Narrow,A320,A319,319,1,156,97344,110
G4,G4,PGD,TYS,Airbus,Narrow,A320,A320,320,17,3060,1909440,1842
G4,G4,PGD,USA,Airbus,Narrow,A320,A319,319,9,1404,825552,981
G4,G4,PHL,DSM,Airbus,Narrow,A320,A320,320,9,1620,1574640,1476
G4,G4,PHL,GRR,Airbus,Narrow,A320,A320,320,9,1620,928260,1125
G4,G4,PHL,TYS,Boeing,Narrow,B737 Misc,B737-Max 8 Passenger,7M8,9,1710,947340,1107
G4,G4,PHX,SCK,Airbus,Narrow,A320,A319,319,9,1404,846612,918
G4,G4,PHX,TYS,Airbus,Narrow,A320,A320,320,9,1620,2590380,1944
G4,G4,PIA,AZA,Airbus,Narrow,A320,A320,320,17,3060,4014720,3264
G4,G4,PIA,DEN,Airbus,Narrow,A320,A320,320,9,1620,1284660,1287
G4,G4,PIA,LAS,Airbus,Narrow,A320,A319,319,9,1404,1983852,1917
G4,G4,PIA,PGD,Airbus,Narrow,A320,A320,320,18,3240,3382560,2898
G4,G4,PIA,PIE,Boeing,Narrow,B737 Misc,B737-Max 8 Passenger,7M8,17,3230,3116950,2482
G4,G4,PIA,SFB,Airbus,Narrow,A320,A319,319,2,312,296088,292
G4,G4,PIA,SFB,Boeing,Narrow,B737 Misc,B737-Max 8 Passenger,7M8,12,2280,2163720,1752
G4,G4,PIA,SRQ,Airbus,Narrow,A320,A320,320,9,1620,1621620,1332
G4,G4,PIA,VPS,Airbus,Narrow,A320,A320,320,13,2340,1694160,1552
G4,G4,PIE,ABE,Airbus,Narrow,A320,A320,320,27,4860,4714200,4131
G4,G4,PIE,ABE,Boeing,Narrow,B737 Misc,B737-Max 8 Passenger,7M8,1,190,184300,153
G4,G4,PIE,ACY,Boeing,Narrow,B737 Misc,B737-Max 8 Passenger,7M8,9,1710,1574910,1287
G4,G4,PIE,ALB,Airbus,Narrow,A320,A319,319,8,1248,1418976,1392
G4,G4,PIE,ALB,Airbus,Narrow,A320,A320,320,1,180,204660,174
G4,G4,PIE,ALB,Boeing,Narrow,B737 Misc,B737-Max 8 Passenger,7M8,5,950,1080150,870
G4,G4,PIE,ATW,Airbus,Narrow,A320,A320,320,3,540,632880,516
G4,G4,PIE,ATW,Boeing,Narrow,B737 Misc,B737-Max 8 Passenger,7M8,15,2850,3340200,2580
G4,G4,PIE,AVL,Airbus,Narrow,A320,A319,319,3,468,242424,294
G4,G4,PIE,AVL,Airbus,Narrow,A320,A320,320,47,8460,4382280,4606
G4,G4,PIE,AVL,Boeing,Narrow,B737 Misc,B737-Max 8 Passenger,7M8,4,760,393680,392
G4,G4,PIE,BGR,Airbus,Narrow,A320,A320,320,7,1260,1755180,1368
G4,G4,PIE,BGR,Boeing,Narrow,B737 Misc,B737-Max 8 Passenger,7M8,10,1900,2646700,1960
G4,G4,PIE,BLV,Airbus,Narrow,A320,A319,319,2,312,262392,271
G4,G4,PIE,BLV,Airbus,Narrow,A320,A320,320,2,360,302760,271
G4,G4,PIE,BLV,Boeing,Narrow,B737 Misc,B737-Max 8 Passenger,7M8,14,2660,2237060,1876
G4,G4,PIE,BMI,Airbus,Narrow,A320,A319,319,3,468,438048,435
G4,G4,PIE,BMI,Airbus,Narrow,A320,A320,320,6,1080,1010880,870
G4,G4,PIE,BNA,Airbus,Narrow,A320,A319,319,2,312,190944,226
G4,G4,PIE,BNA,Airbus,Narrow,A320,A320,320,4,720,440640,452
G4,G4,PIE,BNA,Boeing,Narrow,B737 Misc,B737-Max 8 Passenger,7M8,3,570,348840,339
G4,G4,PIE,CAK,Airbus,Narrow,A320,A319,319,14,2184,1963416,1992
G4,G4,PIE,CAK,Airbus,Narrow,A320,A320,320,6,1080,970920,852
G4,G4,PIE,CAK,Boeing,Narrow,B737 Misc,B737-Max 8 Passenger,7M8,2,380,341620,284
G4,G4,PIE,CHA,Boeing,Narrow,B737 Misc,B737-Max 8 Passenger,7M8,12,2280,1169640,1128
G4,G4,PIE,CID,Airbus,Narrow,A320,A319,319,7,1092,1189188,1162
G4,G4,PIE,CID,Airbus,Narrow,A320,A320,320,3,540,588060,498
G4,G4,PIE,CID,Boeing,Narrow,B737 Misc,B737-Max 8 Passenger,7M8,7,1330,1448370,1162
G4,G4,PIE,CKB,Airbus,Narrow,A320,A319,319,8,1248,994656,1024
G4,G4,PIE,CKB,Airbus,Narrow,A320,A320,320,1,180,143460,128
G4,G4,PIE,COS,Boeing,Narrow,B737 Misc,B737-Max 8 Passenger,7M8,9,1710,2518830,1872
G4,G4,PIE,CVG,Airbus,Narrow,A320,A320,320,41,7380,5719500,5445
G4,G4,PIE,CVG,Boeing,Narrow,B737 Misc,B737-Max 8 Passenger,7M8,3,570,441750,399
G4,G4,PIE,DAY,Airbus,Narrow,A320,A319,319,9,1404,1166724,1206
G4,G4,PIE,DSM,Airbus,Narrow,A320,A320,320,18,3240,3645000,3024
G4,G4,PIE,ELM,Boeing,Narrow,B737 Misc,B737-Max 8 Passenger,7M8,13,2470,2556450,2023
G4,G4,PIE,EVV,Airbus,Narrow,A320,A319,319,3,468,351936,369
G4,G4,PIE,EVV,Airbus,Narrow,A320,A320,320,5,900,676800,615
G4,G4,PIE,EVV,Boeing,Narrow,B737 Misc,B737-Max 8 Passenger,7M8,1,190,142880,123
G4,G4,PIE,EYW,Airbus,Narrow,A320,A319,319,26,4056,965328,1664
G4,G4,PIE,EYW,Airbus,Narrow,A320,A320,320,1,180,42840,64
G4,G4,PIE,FNT,Airbus,Narrow,A320,A319,319,10,1560,1620840,1580
G4,G4,PIE,FNT,Airbus,Narrow,A320,A320,320,6,1080,1122120,948
G4,G4,PIE,FNT,Boeing,Narrow,B737 Misc,B737-Max 8 Passenger,7M8,1,190,197410,158
G4,G4,PIE,FSD,Boeing,Narrow,B737 Misc,B737-Max 8 Passenger,7M8,9,1710,2281140,1764
G4,G4,PIE,FWA,Airbus,Narrow,A320,A319,319,2,312,284232,282
G4,G4,PIE,FWA,Airbus,Narrow,A320,A320,320,2,360,327960,282
G4,G4,PIE,FWA,Boeing,Narrow,B737 Misc,B737-Max 8 Passenger,7M8,14,2660,2423260,1974
G4,G4,PIE,GRR,Airbus,Narrow,A320,A319,319,2,312,325728,310
G4,G4,PIE,GRR,Airbus,Narrow,A320,A320,320,19,3420,3570480,2945
G4,G4,PIE,GRR,Boeing,Narrow,B737 Misc,B737-Max 8 Passenger,7M8,7,1330,1388520,1085
G4,G4,PIE,GSO,Airbus,Narrow,A320,A319,319,4,624,365664,432
G4,G4,PIE,GSO,Airbus,Narrow,A320,A320,320,3,540,316440,324
G4,G4,PIE,GSO,Boeing,Narrow,B737 Misc,B737-Max 8 Passenger,7M8,2,380,222680,216
G4,G4,PIE,GSP,Boeing,Narrow,B737 Misc,B737-Max 8 Passenger,7M8,18,3420,1648440,1656
G4,G4,PIE,HGR,Boeing,Narrow,B737 Misc,B737-Max 8 Passenger,7M8,9,1710,1472310,1251
G4,G4,PIE,HSV,Airbus,Narrow,A320,A319,319,5,780,407940,515
G4,G4,PIE,HSV,Boeing,Narrow,B737 Misc,B737-Max 8 Passenger,7M8,4,760,397480,412
G4,G4,PIE,HTS,Airbus,Narrow,A320,A319,319,12,1872,1347840,1404
G4,G4,PIE,HTS,Airbus,Narrow,A320,A320,320,9,1620,1166400,1053
G4,G4,PIE,HTS,Boeing,Narrow,B737 Misc,B737-Max 8 Passenger,7M8,5,950,684000,585
G4,G4,PIE,IAG,Airbus,Narrow,A320,A319,319,3,468,499824,477
G4,G4,PIE,IAG,Airbus,Narrow,A320,A320,320,6,1080,1153440,954
G4,G4,PIE,ICT,Boeing,Narrow,B737 Misc,B737-Max 8 Passenger,7M8,9,1710,1858770,1503
G4,G4,PIE,IND,Airbus,Narrow,A320,A319,319,8,1248,1048320,1096
G4,G4,PIE,IND,Airbus,Narrow,A320,A320,320,13,2340,1965600,1781
G4,G4,PIE,IND,Boeing,Narrow,B737 Misc,B737-Max 8 Passenger,7M8,4,760,638400,548
G4,G4,PIE,LCK,Airbus,Narrow,A320,A319,319,2,312,255840,266
G4,G4,PIE,LCK,Airbus,Narrow,A320,A320,320,7,1260,1033200,931
G4,G4,PIE,LCK,Boeing,Narrow,B737 Misc,B737-Max 8 Passenger,7M8,18,3420,2804400,2396
G4,G4,PIE,LEX,Airbus,Narrow,A320,A319,319,3,468,330408,357
G4,G4,PIE,LEX,Airbus,Narrow,A320,A320,320,13,2340,1652040,1547
G4,G4,PIE,LEX,Boeing,Narrow,B737 Misc,B737-Max 8 Passenger,7M8,8,1520,1073120,952
G4,G4,PIE,LIT,Airbus,Narrow,A320,A319,319,9,1404,1030536,1116
G4,G4,PIE,MCI,Airbus,Narrow,A320,A319,319,2,312,326040,340
G4,G4,PIE,MCI,Airbus,Narrow,A320,A320,320,1,180,188100,170
G4,G4,PIE,MCI,Boeing,Narrow,B737 Misc,B737-Max 8 Passenger,7M8,15,2850,2978250,2460
G4,G4,PIE,MDT,Airbus,Narrow,A320,A320,320,2,360,327960,290
G4,G4,PIE,MDT,Boeing,Narrow,B737 Misc,B737-Max 8 Passenger,7M8,16,3040,2769440,2320
G4,G4,PIE,MEM,Boeing,Narrow,B737 Misc,B737-Max 8 Passenger,7M8,9,1710,1116630,1053
G4,G4,PIE,MLI,Boeing,Narrow,B737 Misc,B737-Max 8 Passenger,7M8,9,1710,1766430,1404
G4,G4,PIE,OMA,Boeing,Narrow,B737 Misc,B737-Max 8 Passenger,7M8,14,2660,3160080,2450
G4,G4,PIE,PBG,Airbus,Narrow,A320,A319,319,8,1248,1577472,1472
G4,G4,PIE,PBG,Airbus,Narrow,A320,A320,320,1,180,227520,184
G4,G4,PIE,PIA,Boeing,Narrow,B737 Misc,B737-Max 8 Passenger,7M8,17,3230,3116950,2516
G4,G4,PIE,PIT,Airbus,Narrow,A320,A320,320,23,4140,3634920,3258
G4,G4,PIE,PSM,Airbus,Narrow,A320,A320,320,2,360,445680,362
G4,G4,PIE,PSM,Boeing,Narrow,B737 Misc,B737-Max 8 Passenger,7M8,7,1330,1646540,1267
G4,G4,PIE,RFD,Airbus,Narrow,A320,A320,320,2,360,377640,338
G4,G4,PIE,RFD,Boeing,Narrow,B737 Misc,B737-Max 8 Passenger,7M8,9,1710,1793790,1521
G4,G4,PIE,RIC,Airbus,Narrow,A320,A319,319,1,156,114036,128
G4,G4,PIE,RIC,Airbus,Narrow,A320,A320,320,5,900,657900,640
G4,G4,PIE,RIC,Boeing,Narrow,B737 Misc,B737-Max 8 Passenger,7M8,3,570,416670,384
G4,G4,PIE,ROA,Airbus,Narrow,A320,A319,319,3,468,312156,366
G4,G4,PIE,ROA,Airbus,Narrow,A320,A320,320,2,360,240120,244
G4,G4,PIE,ROA,Boeing,Narrow,B737 Misc,B737-Max 8 Passenger,7M8,4,760,506920,488
G4,G4,PIE,SBN,Airbus,Narrow,A320,A319,319,9,1404,1364688,1341
G4,G4,PIE,SBN,Airbus,Narrow,A320,A320,320,3,540,524880,447
G4,G4,PIE,SBN,Boeing,Narrow,B737 Misc,B737-Max 8 Passenger,7M8,2,380,369360,298
G4,G4,PIE,SDF,Airbus,Narrow,A320,A319,319,9,1404,1023516,1116
G4,G4,PIE,SGF,Airbus,Narrow,A320,A319,319,2,312,279240,282
G4,G4,PIE,SGF,Airbus,Narrow,A320,A320,320,3,540,483300,423
G4,G4,PIE,SGF,Boeing,Narrow,B737 Misc,B737-Max 8 Passenger,7M8,21,3990,3571050,2961
G4,G4,PIE,SWF,Boeing,Narrow,B737 Misc,B737-Max 8 Passenger,7M8,12,2280,2405400,2091
G4,G4,PIE,SYR,Airbus,Narrow,A320,A319,319,5,780,865800,840
G4,G4,PIE,SYR,Airbus,Narrow,A320,A320,320,1,180,199800,168
G4,G4,PIE,SYR,Boeing,Narrow,B737 Misc,B737-Max 8 Passenger,7M8,11,2090,2319900,1848
G4,G4,PIE,TOL,Airbus,Narrow,A320,A319,319,10,1560,1474200,1410
G4,G4,PIE,TOL,Airbus,Narrow,A320,A320,320,2,360,340200,282
G4,G4,PIE,TRI,Airbus,Narrow,A320,A320,320,2,360,212400,210
G4,G4,PIE,TRI,Boeing,Narrow,B737 Misc,B737-Max 8 Passenger,7M8,7,1330,784700,735
G4,G4,PIE,TTN,Airbus,Narrow,A320,A319,319,9,1404,1352052,1422
G4,G4,PIE,TUL,Airbus,Narrow,A320,A319,319,3,468,449748,447
G4,G4,PIE,TUL,Airbus,Narrow,A320,A320,320,2,360,345960,298
G4,G4,PIE,TUL,Boeing,Narrow,B737 Misc,B737-Max 8 Passenger,7M8,4,760,730360,596
G4,G4,PIE,TVC,Boeing,Narrow,B737 Misc,B737-Max 8 Passenger,7M8,9,1710,2002410,1530
G4,G4,PIE,TYS,Airbus,Narrow,A320,A319,319,1,156,85644,102
G4,G4,PIE,TYS,Airbus,Narrow,A320,A320,320,48,8640,4743360,4848
G4,G4,PIE,TYS,Boeing,Narrow,B737 Misc,B737-Max 8 Passenger,7M8,2,380,208620,202
G4,G4,PIE,USA,Airbus,Narrow,A320,A320,320,2,360,189720,201
G4,G4,PIE,USA,Boeing,Narrow,B737 Misc,B737-Max 8 Passenger,7M8,15,2850,1501950,1514
G4,G4,PIE,XNA,Airbus,Narrow,A320,A319,319,9,1404,1250964,1296
G4,G4,PIT,AUS,Airbus,Narrow,A320,A320,320,9,1620,1960200,1620
G4,G4,PIT,BNA,Airbus,Narrow,A320,A320,320,9,1620,748440,855
G4,G4,PIT,EYW,Airbus,Narrow,A320,A320,320,9,1620,1785240,1512
G4,G4,PIT,JAX,Airbus,Narrow,A320,A320,320,18,3240,2251800,2133
G4,G4,PIT,MLB,Airbus,Narrow,A320,A320,320,9,1620,1385100,1179
G4,G4,PIT,MYR,Airbus,Narrow,A320,A320,320,17,3060,1456560,1547
G4,G4,PIT,PBI,Airbus,Narrow,A320,A320,320,10,1800,1713600,1441
G4,G4,PIT,PGD,Airbus,Narrow,A320,A320,320,18,3240,3048840,2727
G4,G4,PIT,PIE,Airbus,Narrow,A320,A320,320,23,4140,3634920,3234
G4,G4,PIT,SAV,Airbus,Narrow,A320,A319,319,9,1404,814320,936
G4,G4,PIT,SAV,Airbus,Narrow,A320,A320,320,4,720,417600,416
G4,G4,PIT,SFB,Airbus,Narrow,A320,A320,320,10,1800,1458000,1290
G4,G4,PIT,SFB,Boeing,Narrow,B737 Misc,B737-Max 8 Passenger,7M8,8,1520,1231200,1032
G4,G4,PIT,SRQ,Airbus,Narrow,A320,A320,320,17,3060,2793780,2482
G4,G4,PIT,VPS,Airbus,Narrow,A320,A320,320,18,3240,2514240,2340
G4,G4,PSC,AZA,Airbus,Narrow,A320,A320,320,10,1800,1758600,1520
G4,G4,PSC,LAS,Airbus,Narrow,A320,A319,319,7,1092,799344,945
G4,G4,PSC,LAS,Airbus,Narrow,A320,A320,320,2,360,263520,270
G4,G4,PSC,SNA,Airbus,Narrow,A320,A320,320,9,1620,1411020,1332
G4,G4,PSM,PGD,Airbus,Narrow,A320,A319,319,17,2652,3391908,3468
G4,G4,PSM,PGD,Airbus,Narrow,A320,A320,320,1,180,230220,204
G4,G4,PSM,PIE,Airbus,Narrow,A320,A320,320,2,360,445680,400
G4,G4,PSM,PIE,Boeing,Narrow,B737 Misc,B737-Max 8 Passenger,7M8,7,1330,1646540,1400
G4,G4,PSM,SFB,Airbus,Narrow,A320,A319,319,8,1248,1427712,1456
G4,G4,PSM,SFB,Airbus,Narrow,A320,A320,320,1,180,205920,182
G4,G4,PVD,PGD,Airbus,Narrow,A320,A319,319,4,624,738816,752
G4,G4,PVD,PGD,Airbus,Narrow,A320,A320,320,7,1260,1491840,1316
G4,G4,PVU,AUS,Airbus,Narrow,A320,A320,320,9,1620,1702620,1467
G4,G4,PVU,AZA,Airbus,Narrow,A320,A320,320,59,10620,5065740,5959
G4,G4,PVU,BNA,Airbus,Narrow,A320,A320,320,9,1620,2246940,1827
G4,G4,PVU,BUR,Airbus,Narrow,A320,A320,320,9,1620,895860,990
G4,G4,PVU,HOU,Airbus,Narrow,A320,A320,320,13,2340,2763540,2444
G4,G4,PVU,MDW,Airbus,Narrow,A320,A320,320,9,1620,2031480,1728
G4,G4,PVU,PDX,Airbus,Narrow,A320,A320,320,9,1620,1075680,1089
G4,G4,PVU,SNA,Airbus,Narrow,A320,A320,320,45,8100,4576500,4922
G4,G4,RAP,AZA,Airbus,Narrow,A320,A320,320,19,3420,2985660,2679
G4,G4,RAP,LAS,Airbus,Narrow,A320,A319,319,9,1404,1183572,1251
G4,G4,RAP,SFB,Boeing,Narrow,B737 Misc,B737-Max 8 Passenger,7M8,9,1710,2734290,2007
G4,G4,RFD,AZA,Airbus,Narrow,A320,A320,320,18,3240,4448520,3636
G4,G4,RFD,BNA,Airbus,Narrow,A320,A319,319,9,1404,614952,792
G4,G4,RFD,FLL,Boeing,Narrow,B737 Misc,B737-Max 8 Passenger,7M8,9,1710,2089620,1602
G4,G4,RFD,LAS,Airbus,Narrow,A320,A319,319,8,1248,1817088,1752
G4,G4,RFD,LAS,Airbus,Narrow,A320,A320,320,1,180,262080,219
G4,G4,RFD,PGD,Airbus,Narrow,A320,A319,319,4,624,703248,708
G4,G4,RFD,PGD,Airbus,Narrow,A320,A320,320,13,2340,2637180,2301
G4,G4,RFD,PIE,Airbus,Narrow,A320,A320,320,2,360,377640,320
G4,G4,RFD,PIE,Boeing,Narrow,B737 Misc,B737-Max 8 Passenger,7M8,9,1710,1793790,1440
G4,G4,RFD,SFB,Boeing,Narrow,B737 Misc,B737-Max 8 Passenger,7M8,16,3040,3116000,2544
G4,G4,RFD,SRQ,Airbus,Narrow,A320,A320,320,9,1620,1757700,1458
G4,G4,RIC,BNA,Airbus,Narrow,A320,A319,319,9,1404,739908,927
G4,G4,RIC,PIE,Airbus,Narrow,A320,A319,319,1,156,114036,128
G4,G4,RIC,PIE,Airbus,Narrow,A320,A320,320,5,900,657900,640
G4,G4,RIC,PIE,Boeing,Narrow,B737 Misc,B737-Max 8 Passenger,7M8,3,570,416670,384
G4,G4,ROA,PIE,Airbus,Narrow,A320,A319,319,3,468,312156,357
G4,G4,ROA,PIE,Airbus,Narrow,A320,A320,320,2,360,240120,238
G4,G4,ROA,PIE,Boeing,Narrow,B737 Misc,B737-Max 8 Passenger,7M8,4,760,506920,476
G4,G4,ROA,SFB,Airbus,Narrow,A320,A319,319,6,936,555984,636
G4,G4,ROA,SFB,Airbus,Narrow,A320,A320,320,3,540,320760,318
G4,G4,RSW,ABE,Airbus,Narrow,A320,A320,320,9,1620,1681560,1503
G4,G4,SAV,ATW,Airbus,Narrow,A320,A320,320,4,720,666720,588
G4,G4,SAV,BLV,Airbus,Narrow,A320,A320,320,4,720,473760,448
G4,G4,SAV,CAK,Airbus,Narrow,A320,A319,319,26,4056,2457936,2808
G4,G4,SAV,CVG,Airbus,Narrow,A320,A319,319,18,2808,1446120,1800
G4,G4,SAV,CVG,Airbus,Narrow,A320,A320,320,8,1440,741600,800
G4,G4,SAV,IAD,Airbus,Narrow,A320,A319,319,9,1404,723060,936
G4,G4,SAV,IND,Airbus,Narrow,A320,A320,320,4,720,429120,420
G4,G4,SAV,LCK,Airbus,Narrow,A320,A319,319,18,2808,1513512,1782
G4,G4,SAV,PIT,Airbus,Narrow,A320,A319,319,9,1404,814320,954
G4,G4,SAV,PIT,Airbus,Narrow,A320,A320,320,4,720,417600,424
G4,G4,SAV,SDF,Airbus,Narrow,A320,A319,319,9,1404,687960,882
G4,G4,SBN,AZA,Airbus,Narrow,A320,A320,320,14,2520,3782520,3094
G4,G4,SBN,FLL,Boeing,Narrow,B737 Misc,B737-Max 8 Passenger,7M8,9,1710,1937430,1566
G4,G4,SBN,LAS,Airbus,Narrow,A320,A319,319,9,1404,2237976,2178
G4,G4,SBN,PGD,Airbus,Narrow,A320,A319,319,2,312,326976,332
G4,G4,SBN,PGD,Airbus,Narrow,A320,A320,320,14,2520,2640960,2324
G4,G4,SBN,PIE,Airbus,Narrow,A320,A319,319,9,1404,1364688,1323
G4,G4,SBN,PIE,Airbus,Narrow,A320,A320,320,3,540,524880,441
G4,G4,SBN,PIE,Boeing,Narrow,B737 Misc,B737-Max 8 Passenger,7M8,2,380,369360,294
G4,G4,SBN,SFB,Airbus,Narrow,A320,A319,319,1,156,146016,146
G4,G4,SBN,SFB,Airbus,Narrow,A320,A320,320,2,360,336960,292
G4,G4,SBN,SFB,Boeing,Narrow,B737 Misc,B737-Max 8 Passenger,7M8,24,4560,4268160,3504
G4,G4,SBN,SRQ,Airbus,Narrow,A320,A320,320,9,1620,1634580,1386
G4,G4,SCK,LAS,Airbus,Narrow,A320,A319,319,35,5460,1960140,2835
G4,G4,SCK,LAS,Airbus,Narrow,A320,A320,320,1,180,64620,81
G4,G4,SCK,PHX,Airbus,Narrow,A320,A319,319,9,1404,846612,990
G4,G4,SDF,FLL,Boeing,Narrow,B737 Misc,B737-Max 8 Passenger,7M8,14,2660,2383360,2030
G4,G4,SDF,GUF,Airbus,Narrow,A320,A319,319,9,1404,789048,954
G4,G4,SDF,MYR,Airbus,Narrow,A320,A320,320,4,720,354240,360
G4,G4,SDF,PGD,Airbus,Narrow,A320,A319,319,11,1716,1383096,1529
G4,G4,SDF,PGD,Airbus,Narrow,A320,A320,320,2,360,290160,278
G4,G4,SDF,PGD,Boeing,Narrow,B737 Misc,B737-Max 8 Passenger,7M8,5,950,765700,695
G4,G4,SDF,PIE,Airbus,Narrow,A320,A319,319,9,1404,1023516,1098
G4,G4,SDF,SAV,Airbus,Narrow,A320,A319,319,9,1404,687960,846
G4,G4,SDF,SFB,Airbus,Narrow,A320,A319,319,2,312,217776,244
G4,G4,SDF,SFB,Airbus,Narrow,A320,A320,320,2,360,251280,244
G4,G4,SDF,SFB,Boeing,Narrow,B737 Misc,B737-Max 8 Passenger,7M8,9,1710,1193580,1098
G4,G4,SDF,SRQ,Airbus,Narrow,A320,A319,319,4,624,477984,496
G4,G4,SDF,SRQ,Airbus,Narrow,A320,A320,320,5,900,689400,620
G4,G4,SDF,VPS,Airbus,Narrow,A320,A320,320,13,2340,1244880,1300
G4,G4,SFB,ABE,Airbus,Narrow,A320,A319,319,9,1404,1238328,1332
G4,G4,SFB,ABE,Airbus,Narrow,A320,A320,320,41,7380,6509160,6050
G4,G4,SFB,ABE,Boeing,Narrow,B737 Misc,B737-Max 8 Passenger,7M8,4,760,670320,592
G4,G4,SFB,ACY,Boeing,Narrow,B737 Misc,B737-Max 8 Passenger,7M8,9,1710,1417590,1242
G4,G4,SFB,ALB,Boeing,Narrow,B737 Misc,B737-Max 8 Passenger,7M8,9,1710,1793790,1485
G4,G4,SFB,ATW,Airbus,Narrow,A320,A320,320,18,3240,3696840,3096
G4,G4,SFB,AUS,Boeing,Narrow,B737 Misc,B737-Max 8 Passenger,7M8,9,1710,1699740,1449
G4,G4,SFB,AVL,Airbus,Narrow,A320,A319,319,1,156,72540,95
G4,G4,SFB,AVL,Airbus,Narrow,A320,A320,320,34,6120,2845800,3230
G4,G4,SFB,AVL,Boeing,Narrow,B737 Misc,B737-Max 8 Passenger,7M8,6,1140,530100,570
G4,G4,SFB,BGR,Airbus,Narrow,A320,A319,319,9,1404,1823796,1674
G4,G4,SFB,BGR,Airbus,Narrow,A320,A320,320,4,720,935280,744
G4,G4,SFB,BGR,Boeing,Narrow,B737 Misc,B737-Max 8 Passenger,7M8,14,2660,3455340,2604
G4,G4,SFB,BLV,Airbus,Narrow,A320,A319,319,15,2340,1953900,2039
G4,G4,SFB,BLV,Airbus,Narrow,A320,A320,320,3,540,450900,406
G4,G4,SFB,BLV,Boeing,Narrow,B737 Misc,B737-Max 8 Passenger,7M8,8,1520,1269200,1087
G4,G4,SFB,BMI,Airbus,Narrow,A320,A320,320,1,180,165060,143
G4,G4,SFB,BMI,Boeing,Narrow,B737 Misc,B737-Max 8 Passenger,7M8,12,2280,2090760,1716
G4,G4,SFB,BNA,Airbus,Narrow,A320,A319,319,6,936,559728,660
G4,G4,SFB,BNA,Airbus,Narrow,A320,A320,320,5,900,538200,550
G4,G4,SFB,BNA,Boeing,Narrow,B737 Misc,B737-Max 8 Passenger,7M8,2,380,227240,220
G4,G4,SFB,CAK,Airbus,Narrow,A320,A319,319,5,780,652860,685
G4,G4,SFB,CAK,Airbus,Narrow,A320,A320,320,2,360,301320,274
G4,G4,SFB,CAK,Boeing,Narrow,B737 Misc,B737-Max 8 Passenger,7M8,4,760,636120,548
G4,G4,SFB,CHA,Airbus,Narrow,A320,A319,319,6,936,458640,582
G4,G4,SFB,CHA,Airbus,Narrow,A320,A320,320,3,540,264600,291
G4,G4,SFB,CID,Airbus,Narrow,A320,A320,320,6,1080,1164240,1002
G4,G4,SFB,CID,Boeing,Narrow,B737 Misc,B737-Max 8 Passenger,7M8,12,2280,2457840,2004
G4,G4,SFB,CKB,Airbus,Narrow,A320,A319,319,1,156,113412,122
G4,G4,SFB,CKB,Airbus,Narrow,A320,A320,320,2,360,261720,244
G4,G4,SFB,CKB,Boeing,Narrow,B737 Misc,B737-Max 8 Passenger,7M8,6,1140,828780,732
G4,G4,SFB,COU,Airbus,Narrow,A320,A319,319,1,156,145860,159
G4,G4,SFB,COU,Airbus,Narrow,A320,A320,320,7,1260,1178100,1113
G4,G4,SFB,COU,Boeing,Narrow,B737 Misc,B737-Max 8 Passenger,7M8,1,190,177650,159
G4,G4,SFB,CVG,Airbus,Narrow,A320,A320,320,40,7200,5292000,5040
G4,G4,SFB,CVG,Boeing,Narrow,B737 Misc,B737-Max 8 Passenger,7M8,4,760,558600,504
G4,G4,SFB,DAY,Airbus,Narrow,A320,A319,319,2,312,244920,262
G4,G4,SFB,DAY,Airbus,Narrow,A320,A320,320,6,1080,847800,786
G4,G4,SFB,DAY,Boeing,Narrow,B737 Misc,B737-Max 8 Passenger,7M8,1,190,149150,131
G4,G4,SFB,DSM,Airbus,Narrow,A320,A319,319,1,156,175188,173
G4,G4,SFB,DSM,Airbus,Narrow,A320,A320,320,2,360,404280,346
G4,G4,SFB,DSM,Boeing,Narrow,B737 Misc,B737-Max 8 Passenger,7M8,14,2660,2987180,2422
G4,G4,SFB,ELM,Airbus,Narrow,A320,A319,319,1,156,148824,152
G4,G4,SFB,ELM,Boeing,Narrow,B737 Misc,B737-Max 8 Passenger,7M8,17,3230,3081420,2584
G4,G4,SFB,EVV,Airbus,Narrow,A320,A319,319,8,1248,916032,984
G4,G4,SFB,EVV,Airbus,Narrow,A320,A320,320,2,360,264240,246
G4,G4,SFB,EVV,Boeing,Narrow,B737 Misc,B737-Max 8 Passenger,7M8,1,190,139460,123
G4,G4,SFB,EYW,Airbus,Narrow,A320,A319,319,18,2808,819936,1368
G4,G4,SFB,FAR,Boeing,Narrow,B737 Misc,B737-Max 8 Passenger,7M8,9,1710,2576970,1953
G4,G4,SFB,FNT,Airbus,Narrow,A320,A320,320,18,3240,3201120,2826
G4,G4,SFB,FSD,Boeing,Narrow,B737 Misc,B737-Max 8 Passenger,7M8,10,1900,2534600,1960
G4,G4,SFB,FWA,Airbus,Narrow,A320,A320,320,8,1440,1252800,1088
G4,G4,SFB,FWA,Boeing,Narrow,B737 Misc,B737-Max 8 Passenger,7M8,9,1710,1487700,1224
G4,G4,SFB,GRR,Airbus,Narrow,A320,A319,319,11,1716,1717716,1683
G4,G4,SFB,GRR,Airbus,Narrow,A320,A320,320,12,2160,2162160,1836
G4,G4,SFB,GRR,Boeing,Narrow,B737 Misc,B737-Max 8 Passenger,7M8,6,1140,1141140,918
G4,G4,SFB,GSP,Boeing,Narrow,B737 Misc,B737-Max 8 Passenger,7M8,18,3420,1456920,1530
G4,G4,SFB,HGR,Airbus,Narrow,A320,A319,319,13,2028,1581840,1742
G4,G4,SFB,HSV,Airbus,Narrow,A320,A320,320,5,900,467100,500
G4,G4,SFB,HSV,Boeing,Narrow,B737 Misc,B737-Max 8 Passenger,7M8,4,760,394440,400
G4,G4,SFB,HTS,Airbus,Narrow,A320,A319,319,4,624,414960,448
G4,G4,SFB,HTS,Airbus,Narrow,A320,A320,320,9,1620,1077300,1008
G4,G4,SFB,HTS,Boeing,Narrow,B737 Misc,B737-Max 8 Passenger,7M8,4,760,505400,448
G4,G4,SFB,ICT,Airbus,Narrow,A320,A320,320,1,180,201060,169
G4,G4,SFB,ICT,Boeing,Narrow,B737 Misc,B737-Max 8 Passenger,7M8,8,1520,1697840,1352
G4,G4,SFB,IND,Airbus,Narrow,A320,A319,319,10,1560,1260480,1389
G4,G4,SFB,IND,Airbus,Narrow,A320,A320,320,22,3960,3199680,3036
G4,G4,SFB,LAS,Airbus,Narrow,A320,A319,319,4,624,1269216,1220
G4,G4,SFB,LCK,Airbus,Narrow,A320,A319,319,2,312,239304,258
G4,G4,SFB,LCK,Boeing,Narrow,B737 Misc,B737-Max 8 Passenger,7M8,16,3040,2331680,2059
G4,G4,SFB,LEX,Airbus,Narrow,A320,A319,319,9,1404,936468,1035
G4,G4,SFB,LEX,Airbus,Narrow,A320,A320,320,11,1980,1320660,1265
G4,G4,SFB,LEX,Boeing,Narrow,B737 Misc,B737-Max 8 Passenger,7M8,8,1520,1013840,920
G4,G4,SFB,LIT,Boeing,Narrow,B737 Misc,B737-Max 8 Passenger,7M8,9,1710,1309860,1161
G4,G4,SFB,LSE,Airbus,Narrow,A320,A319,319,1,156,184080,201
G4,G4,SFB,LSE,Airbus,Narrow,A320,A320,320,1,180,212400,201
G4,G4,SFB,LSE,Boeing,Narrow,B737 Misc,B737-Max 8 Passenger,7M8,7,1330,1569400,1407
G4,G4,SFB,MDT,Airbus,Narrow,A320,A319,319,14,2184,1806168,1960
G4,G4,SFB,MDT,Airbus,Narrow,A320,A320,320,12,2160,1786320,1679
G4,G4,SFB,MDT,Boeing,Narrow,B737 Misc,B737-Max 8 Passenger,7M8,5,950,785650,697
G4,G4,SFB,MEM,Airbus,Narrow,A320,A320,320,3,540,362340,366
G4,G4,SFB,MEM,Boeing,Narrow,B737 Misc,B737-Max 8 Passenger,7M8,6,1140,764940,732
G4,G4,SFB,MFE,Airbus,Narrow,A320,A320,320,2,360,380880,346
G4,G4,SFB,MFE,Boeing,Narrow,B737 Misc,B737-Max 8 Passenger,7M8,16,3040,3216320,2768
G4,G4,SFB,MLI,Airbus,Narrow,A320,A320,320,1,180,183240,157
G4,G4,SFB,MLI,Boeing,Narrow,B737 Misc,B737-Max 8 Passenger,7M8,8,1520,1547360,1256
G4,G4,SFB,OKC,Boeing,Narrow,B737 Misc,B737-Max 8 Passenger,7M8,9,1710,1814310,1503
G4,G4,SFB,OMA,Boeing,Narrow,B737 Misc,B737-Max 8 Passenger,7M8,9,1710,2043450,1602
G4,G4,SFB,PBG,Boeing,Narrow,B737 Misc,B737-Max 8 Passenger,7M8,9,1710,2014380,1575
G4,G4,SFB,PIA,Airbus,Narrow,A320,A319,319,2,312,296088,298
G4,G4,SFB,PIA,Boeing,Narrow,B737 Misc,B737-Max 8 Passenger,7M8,12,2280,2163720,1788
G4,G4,SFB,PIT,Airbus,Narrow,A320,A320,320,10,1800,1458000,1370
G4,G4,SFB,PIT,Boeing,Narrow,B737 Misc,B737-Max 8 Passenger,7M8,8,1520,1231200,1096
G4,G4,SFB,PSM,Airbus,Narrow,A320,A319,319,8,1248,1427712,1400
G4,G4,SFB,PSM,Airbus,Narrow,A320,A320,320,1,180,205920,175
G4,G4,SFB,RAP,Boeing,Narrow,B737 Misc,B737-Max 8 Passenger,7M8,9,1710,2734290,2070
G4,G4,SFB,RFD,Boeing,Narrow,B737 Misc,B737-Max 8 Passenger,7M8,16,3040,3116000,2608
G4,G4,SFB,ROA,Airbus,Narrow,A320,A319,319,6,936,555984,660
G4,G4,SFB,ROA,Airbus,Narrow,A320,A320,320,3,540,320760,330
G4,G4,SFB,SBN,Airbus,Narrow,A320,A319,319,1,156,146016,146
G4,G4,SFB,SBN,Airbus,Narrow,A320,A320,320,2,360,336960,292
G4,G4,SFB,SBN,Boeing,Narrow,B737 Misc,B737-Max 8 Passenger,7M8,24,4560,4268160,3504
G4,G4,SFB,SDF,Airbus,Narrow,A320,A319,319,2,312,217776,244
G4,G4,SFB,SDF,Airbus,Narrow,A320,A320,320,2,360,251280,244
G4,G4,SFB,SDF,Boeing,Narrow,B737 Misc,B737-Max 8 Passenger,7M8,9,1710,1193580,1098
G4,G4,SFB,SGF,Airbus,Narrow,A320,A319,319,2,312,285168,300
G4,G4,SFB,SGF,Airbus,Narrow,A320,A320,320,4,720,658080,600
G4,G4,SFB,SGF,Boeing,Narrow,B737 Misc,B737-Max 8 Passenger,7M8,12,2280,2083920,1800
G4,G4,SFB,SHV,Airbus,Narrow,A320,A319,319,5,780,616980,670
G4,G4,SFB,SHV,Airbus,Narrow,A320,A320,320,3,540,427140,402
G4,G4,SFB,SHV,Boeing,Narrow,B737 Misc,B737-Max 8 Passenger,7M8,1,190,150290,134
G4,G4,SFB,SWF,Airbus,Narrow,A320,A319,319,1,156,150540,163
G4,G4,SFB,SWF,Boeing,Narrow,B737 Misc,B737-Max 8 Passenger,7M8,8,1520,1466800,1304
G4,G4,SFB,SYR,Airbus,Narrow,A320,A319,319,1,156,160524,162
G4,G4,SFB,SYR,Airbus,Narrow,A320,A320,320,2,360,370440,324
G4,G4,SFB,SYR,Boeing,Narrow,B737 Misc,B737-Max 8 Passenger,7M8,6,1140,1173060,972
G4,G4,SFB,TOL,Airbus,Narrow,A320,A320,320,6,1080,966600,858
G4,G4,SFB,TOL,Boeing,Narrow,B737 Misc,B737-Max 8 Passenger,7M8,3,570,510150,429
G4,G4,SFB,TRI,Airbus,Narrow,A320,A319,319,2,312,166920,200
G4,G4,SFB,TRI,Airbus,Narrow,A320,A320,320,1,180,96300,100
G4,G4,SFB,TRI,Boeing,Narrow,B737 Misc,B737-Max 8 Passenger,7M8,15,2850,1524750,1500
G4,G4,SFB,TUL,Airbus,Narrow,A320,A320,320,1,180,179100,163
G4,G4,SFB,TUL,Boeing,Narrow,B737 Misc,B737-Max 8 Passenger,7M8,8,1520,1512400,1304
G4,G4,SFB,TVC,Airbus,Narrow,A320,A319,319,4,624,703248,668
G4,G4,SFB,TVC,Airbus,Narrow,A320,A320,320,5,900,1014300,835
G4,G4,SFB,TYS,Airbus,Narrow,A320,A319,319,3,468,239148,291
G4,G4,SFB,TYS,Airbus,Narrow,A320,A320,320,29,5220,2667420,2809
G4,G4,SFB,TYS,Boeing,Narrow,B737 Misc,B737-Max 8 Passenger,7M8,21,3990,2038890,2005
G4,G4,SFB,USA,Boeing,Narrow,B737 Misc,B737-Max 8 Passenger,7M8,18,3420,1559520,1728
G4,G4,SFB,XNA,Airbus,Narrow,A320,A319,319,3,468,430560,447
G4,G4,SFB,XNA,Airbus,Narrow,A320,A320,320,4,720,662400,596
G4,G4,SFB,XNA,Boeing,Narrow,B737 Misc,B737-Max 8 Passenger,7M8,7,1330,1223600,1043
G4,G4,SGF,AZA,Airbus,Narrow,A320,A320,320,23,4140,4413240,3749
G4,G4,SGF,GUF,Airbus,Narrow,A320,A320,320,1,180,106380,111
G4,G4,SGF,GUF,Boeing,Narrow,B737 Misc,B737-Max 8 Passenger,7M8,8,1520,898320,888
G4,G4,SGF,LAS,Airbus,Narrow,A320,A319,319,4,624,755040,744
G4,G4,SGF,LAS,Airbus,Narrow,A320,A320,320,10,1800,2178000,1860
G4,G4,SGF,PGD,Airbus,Narrow,A320,A319,319,9,1404,1367496,1404
G4,G4,SGF,PIE,Airbus,Narrow,A320,A319,319,2,312,279240,278
G4,G4,SGF,PIE,Airbus,Narrow,A320,A320,320,3,540,483300,417
G4,G4,SGF,PIE,Boeing,Narrow,B737 Misc,B737-Max 8 Passenger,7M8,21,3990,3571050,2901
G4,G4,SGF,SFB,Airbus,Narrow,A320,A319,319,2,312,285168,284
G4,G4,SGF,SFB,Airbus,Narrow,A320,A320,320,4,720,658080,568
G4,G4,SGF,SFB,Boeing,Narrow,B737 Misc,B737-Max 8 Passenger,7M8,12,2280,2083920,1704
G4,G4,SGF,VPS,Airbus,Narrow,A320,A320,320,13,2340,1427400,1495
G4,G4,SHV,BNA,Airbus,Narrow,A320,A319,319,9,1404,675324,837
G4,G4,SHV,LAS,Airbus,Narrow,A320,A319,319,9,1404,1745172,1656
G4,G4,SHV,SFB,Airbus,Narrow,A320,A319,319,5,780,616980,635
G4,G4,SHV,SFB,Airbus,Narrow,A320,A320,320,3,540,427140,381
G4,G4,SHV,SFB,Boeing,Narrow,B737 Misc,B737-Max 8 Passenger,7M8,1,190,150290,127
G4,G4,SHV,VPS,Airbus,Narrow,A320,A320,320,9,1620,732240,846
G4,G4,SMX,LAS,Airbus,Narrow,A320,A319,319,9,1404,435240,720
G4,G4,SNA,ATW,Airbus,Narrow,A320,A320,320,9,1620,2799360,2061
G4,G4,SNA,AZA,Airbus,Narrow,A320,A320,320,9,1620,583200,774
G4,G4,SNA,BOI,Airbus,Narrow,A320,A320,320,13,2340,1609920,1612
G4,G4,SNA,COS,Airbus,Narrow,A320,A320,320,9,1620,1320300,1170
G4,G4,SNA,CVG,Airbus,Narrow,A320,A320,320,9,1620,3042360,2331
G4,G4,SNA,DSM,Airbus,Narrow,A320,A320,320,9,1620,2314980,1791
G4,G4,SNA,EUG,Airbus,Narrow,A320,A319,319,9,1404,1089504,1152
G4,G4,SNA,GEG,Airbus,Narrow,A320,A320,320,9,1620,1558440,1341
G4,G4,SNA,GRR,Airbus,Narrow,A320,A320,320,9,1620,3006720,2205
G4,G4,SNA,IDA,Airbus,Narrow,A320,A319,319,8,1248,932256,1016
G4,G4,SNA,IDA,Airbus,Narrow,A320,A320,320,1,180,134460,127
G4,G4,SNA,MFR,Airbus,Narrow,A320,A319,319,9,1404,925236,1026
G4,G4,SNA,MSO,Airbus,Narrow,A320,A320,320,9,1620,1514700,1332
G4,G4,SNA,PSC,Airbus,Narrow,A320,A320,320,9,1620,1411020,1278
G4,G4,SNA,PVU,Airbus,Narrow,A320,A320,320,45,8100,4576500,4468
G4,G4,SPI,PGD,Airbus,Narrow,A320,A320,320,9,1620,1610280,1368
G4,G4,SRQ,ABE,Airbus,Narrow,A320,A320,320,9,1620,1620000,1413
G4,G4,SRQ,ALB,Airbus,Narrow,A320,A320,320,9,1620,1890540,1503
G4,G4,SRQ,AUS,Airbus,Narrow,A320,A320,320,9,1620,1516320,1305
G4,G4,SRQ,AVL,Airbus,Narrow,A320,A320,320,9,1620,897480,932
G4,G4,SRQ,BLV,Airbus,Narrow,A320,A320,320,9,1620,1420740,1242
G4,G4,SRQ,BNA,Airbus,Narrow,A320,A320,320,9,1620,1051380,1035
G4,G4,SRQ,BOS,Airbus,Narrow,A320,A320,320,9,1620,1976400,1683
G4,G4,SRQ,CAK,Airbus,Narrow,A320,A320,320,18,3240,3026160,2610
G4,G4,SRQ,CVG,Airbus,Narrow,A320,A320,320,31,5580,4530960,4185
G4,G4,SRQ,DSM,Airbus,Narrow,A320,A320,320,4,720,835200,688
G4,G4,SRQ,FNT,Airbus,Narrow,A320,A320,320,9,1620,1743120,1467
G4,G4,SRQ,FWA,Airbus,Narrow,A320,A320,320,9,1620,1535760,1322
G4,G4,SRQ,GRR,Airbus,Narrow,A320,A320,320,9,1620,1751220,1449
G4,G4,SRQ,GSP,Airbus,Narrow,A320,A320,320,9,1620,837540,846
G4,G4,SRQ,IAD,Airbus,Narrow,A320,A320,320,9,1620,1373760,1305
G4,G4,SRQ,IND,Airbus,Narrow,A320,A320,320,13,2340,2049840,1872
G4,G4,SRQ,LCK,Airbus,Narrow,A320,A320,320,9,1620,1386720,1224
G4,G4,SRQ,LEX,Airbus,Narrow,A320,A320,320,9,1620,1203660,1107
G4,G4,SRQ,MDT,Airbus,Narrow,A320,A320,320,9,1620,1526040,1341
G4,G4,SRQ,PIA,Airbus,Narrow,A320,A320,320,9,1620,1621620,1341
G4,G4,SRQ,PIT,Airbus,Narrow,A320,A320,320,17,3060,2793780,2465
G4,G4,SRQ,RFD,Airbus,Narrow,A320,A320,320,9,1620,1757700,1476
G4,G4,SRQ,SBN,Airbus,Narrow,A320,A320,320,9,1620,1634580,1350
G4,G4,SRQ,SDF,Airbus,Narrow,A320,A319,319,4,624,477984,520
G4,G4,SRQ,SDF,Airbus,Narrow,A320,A320,320,5,900,689400,650
G4,G4,SRQ,SYR,Airbus,Narrow,A320,A320,320,9,1620,1850040,1539
G4,G4,SRQ,TYS,Airbus,Narrow,A320,A320,320,9,1620,949320,945
G4,G4,STC,AZA,Airbus,Narrow,A320,A320,320,9,1620,2034720,1683
G4,G4,SWF,FLL,Boeing,Narrow,B737 Misc,B737-Max 8 Passenger,7M8,9,1710,1911780,1701
G4,G4,SWF,MYR,Airbus,Narrow,A320,A320,320,22,3960,2379960,2706
G4,G4,SWF,PGD,Airbus,Narrow,A320,A319,319,8,1248,1374048,1472
G4,G4,SWF,PGD,Airbus,Narrow,A320,A320,320,1,180,198180,184
G4,G4,SWF,PIE,Boeing,Narrow,B737 Misc,B737-Max 8 Passenger,7M8,12,2280,2405400,2124
G4,G4,SWF,SFB,Airbus,Narrow,A320,A319,319,1,156,150540,159
G4,G4,SWF,SFB,Boeing,Narrow,B737 Misc,B737-Max 8 Passenger,7M8,8,1520,1466800,1272
G4,G4,SYR,BNA,Airbus,Narrow,A320,A319,319,13,2028,1502748,1651
G4,G4,SYR,FLL,Boeing,Narrow,B737 Misc,B737-Max 8 Passenger,7M8,18,3420,4090320,3393
G4,G4,SYR,MYR,Airbus,Narrow,A320,A319,319,13,2028,1354704,1547
G4,G4,SYR,PIE,Airbus,Narrow,A320,A319,319,5,780,865800,875
G4,G4,SYR,PIE,Airbus,Narrow,A320,A320,320,1,180,199800,175
G4,G4,SYR,PIE,Boeing,Narrow,B737 Misc,B737-Max 8 Passenger,7M8,11,2090,2319900,1925
G4,G4,SYR,SFB,Airbus,Narrow,A320,A319,319,1,156,160524,160
G4,G4,SYR,SFB,Airbus,Narrow,A320,A320,320,2,360,370440,320
G4,G4,SYR,SFB,Boeing,Narrow,B737 Misc,B737-Max 8 Passenger,7M8,6,1140,1173060,960
G4,G4,SYR,SRQ,Airbus,Narrow,A320,A320,320,9,1620,1850040,1593
G4,G4,TOL,PGD,Airbus,Narrow,A320,A319,319,1,156,158496,161
G4,G4,TOL,PGD,Airbus,Narrow,A320,A320,320,8,1440,1463040,1288
G4,G4,TOL,PIE,Airbus,Narrow,A320,A319,319,10,1560,1474200,1420
G4,G4,TOL,PIE,Airbus,Narrow,A320,A320,320,2,360,340200,284
G4,G4,TOL,SFB,Airbus,Narrow,A320,A320,320,6,1080,966600,828
G4,G4,TOL,SFB,Boeing,Narrow,B737 Misc,B737-Max 8 Passenger,7M8,3,570,510150,414
G4,G4,TRI,PIE,Airbus,Narrow,A320,A320,320,2,360,212400,208
G4,G4,TRI,PIE,Boeing,Narrow,B737 Misc,B737-Max 8 Passenger,7M8,7,1330,784700,728
G4,G4,TRI,SFB,Airbus,Narrow,A320,A319,319,2,312,166920,188
G4,G4,TRI,SFB,Airbus,Narrow,A320,A320,320,1,180,96300,94
G4,G4,TRI,SFB,Boeing,Narrow,B737 Misc,B737-Max 8 Passenger,7M8,15,2850,1524750,1410
G4,G4,TTN,FLL,Boeing,Narrow,B737 Misc,B737-Max 8 Passenger,7M8,9,1710,1754460,1566
G4,G4,TTN,PGD,Airbus,Narrow,A320,A320,320,9,1620,1634580,1512
G4,G4,TTN,PIE,Airbus,Narrow,A320,A319,319,9,1404,1352052,1476
G4,G4,TUL,LAS,Airbus,Narrow,A320,A319,319,9,1404,1510704,1521
G4,G4,TUL,PIE,Airbus,Narrow,A320,A319,319,3,468,449748,444
G4,G4,TUL,PIE,Airbus,Narrow,A320,A320,320,2,360,345960,296
G4,G4,TUL,PIE,Boeing,Narrow,B737 Misc,B737-Max 8 Passenger,7M8,4,760,730360,592
G4,G4,TUL,SFB,Airbus,Narrow,A320,A320,320,1,180,179100,156
G4,G4,TUL,SFB,Boeing,Narrow,B737 Misc,B737-Max 8 Passenger,7M8,8,1520,1512400,1248
G4,G4,TUL,VPS,Airbus,Narrow,A320,A320,320,13,2340,1565460,1530
G4,G4,TVC,AZA,Airbus,Narrow,A320,A320,320,9,1620,2590380,2160
G4,G4,TVC,PIE,Boeing,Narrow,B737 Misc,B737-Max 8 Passenger,7M8,9,1710,2002410,1566
G4,G4,TVC,SFB,Airbus,Narrow,A320,A319,319,4,624,703248,692
G4,G4,TVC,SFB,Airbus,Narrow,A320,A320,320,5,900,1014300,865
G4,G4,TYS,AUS,Airbus,Narrow,A320,A320,320,9,1620,1428840,1278
G4,G4,TYS,BOS,Airbus,Narrow,A320,A320,320,14,2520,2091600,1960
G4,G4,TYS,DEN,Airbus,Narrow,A320,A320,320,9,1620,1882440,1719
G4,G4,TYS,EWR,Airbus,Narrow,A320,A320,320,13,2340,1476540,1495
G4,G4,TYS,EYW,Airbus,Narrow,A320,A320,320,9,1620,1274940,1179
G4,G4,TYS,FLL,Airbus,Narrow,A320,A320,320,23,4140,2931120,2806
G4,G4,TYS,FLL,Boeing,Narrow,B737 Misc,B737-Max 8 Passenger,7M8,20,3800,2690400,2440
G4,G4,TYS,GUF,Airbus,Narrow,A320,A320,320,9,1620,714420,772
G4,G4,TYS,HOU,Airbus,Narrow,A320,A320,320,9,1620,1266840,1233
G4,G4,TYS,IAD,Airbus,Narrow,A320,A320,320,9,1620,678780,837
G4,G4,TYS,JAX,Airbus,Narrow,A320,A320,320,9,1620,633420,720
G4,G4,TYS,LAS,Airbus,Narrow,A320,A319,319,7,1092,1900080,1729
G4,G4,TYS,LAS,Airbus,Narrow,A320,A320,320,2,360,626400,494
G4,G4,TYS,MCO,Airbus,Narrow,A320,A320,320,9,1620,861840,882
G4,G4,TYS,MDW,Airbus,Narrow,A320,A320,320,9,1620,743580,864
G4,G4,TYS,PGD,Airbus,Narrow,A320,A319,319,1,156,97344,113
G4,G4,TYS,PGD,Airbus,Narrow,A320,A320,320,17,3060,1909440,1951
G4,G4,TYS,PHL,Boeing,Narrow,B737 Misc,B737-Max 8 Passenger,7M8,9,1710,947340,990
G4,G4,TYS,PHX,Airbus,Narrow,A320,A320,320,9,1620,2590380,2061
G4,G4,TYS,PIE,Airbus,Narrow,A320,A319,319,1,156,85644,104
G4,G4,TYS,PIE,Airbus,Narrow,A320,A320,320,48,8640,4743360,4992
G4,G4,TYS,PIE,Boeing,Narrow,B737 Misc,B737-Max 8 Passenger,7M8,2,380,208620,208
G4,G4,TYS,SFB,Airbus,Narrow,A320,A319,319,3,468,239148,285
G4,G4,TYS,SFB,Airbus,Narrow,A320,A320,320,29,5220,2667420,2751
G4,G4,TYS,SFB,Boeing,Narrow,B737 Misc,B737-Max 8 Passenger,7M8,21,3990,2038890,1963
G4,G4,TYS,SRQ,Airbus,Narrow,A320,A320,320,9,1620,949320,927
G4,G4,TYS,VPS,Airbus,Narrow,A320,A320,320,17,3060,1208700,1360
G4,G4,USA,FLL,Boeing,Narrow,B737 Misc,B737-Max 8 Passenger,7M8,18,3420,2195640,2070
G4,G4,USA,PGD,Airbus,Narrow,A320,A319,319,9,1404,825552,1062
G4,G4,USA,PIE,Airbus,Narrow,A320,A320,320,2,360,189720,210
G4,G4,USA,PIE,Boeing,Narrow,B737 Misc,B737-Max 8 Passenger,7M8,15,2850,1501950,1575
G4,G4,USA,SFB,Boeing,Narrow,B737 Misc,B737-Max 8 Passenger,7M8,18,3420,1559520,1656
G4,G4,VPS,AVL,Airbus,Narrow,A320,A320,320,9,1620,667440,765
G4,G4,VPS,BLV,Airbus,Narrow,A320,A320,320,53,9540,5599980,5512
G4,G4,VPS,BOS,Airbus,Narrow,A320,A320,320,4,720,855360,756
G4,G4,VPS,CAK,Airbus,Narrow,A320,A320,320,13,2340,1808820,1612
G4,G4,VPS,CKB,Airbus,Narrow,A320,A320,320,4,720,506880,464
G4,G4,VPS,COU,Airbus,Narrow,A320,A320,320,9,1620,1067580,1134
G4,G4,VPS,CVG,Airbus,Narrow,A320,A320,320,49,8820,5292000,5537
G4,G4,VPS,DEN,Airbus,Narrow,A320,A320,320,9,1620,1960200,1890
G4,G4,VPS,DSM,Airbus,Narrow,A320,A320,320,9,1620,1391580,1260
G4,G4,VPS,EVV,Airbus,Narrow,A320,A320,320,9,1620,848880,864
G4,G4,VPS,EWR,Airbus,Narrow,A320,A320,320,10,1800,1778400,1600
G4,G4,VPS,HTS,Airbus,Narrow,A320,A319,319,4,624,367536,420
G4,G4,VPS,HTS,Airbus,Narrow,A320,A320,320,4,720,424080,420
G4,G4,VPS,IAD,Airbus,Narrow,A320,A319,319,4,624,485472,548
G4,G4,VPS,ICT,Airbus,Narrow,A320,A320,320,13,2340,1862640,1703
G4,G4,VPS,IND,Airbus,Narrow,A320,A320,320,9,1620,1031940,1026
G4,G4,VPS,LAS,Airbus,Narrow,A320,A320,320,9,1620,2745900,2250
G4,G4,VPS,LCK,Airbus,Narrow,A320,A320,320,21,3780,2547720,2457
G4,G4,VPS,LEX,Airbus,Narrow,A320,A319,319,1,156,82992,99
G4,G4,VPS,LEX,Airbus,Narrow,A320,A320,320,11,1980,1053360,1089
G4,G4,VPS,LEX,Boeing,Narrow,B737 Misc,B737-Max 8 Passenger,7M8,1,190,101080,99
G4,G4,VPS,LIT,Airbus,Narrow,A320,A320,320,9,1620,717660,801
G4,G4,VPS,MCI,Airbus,Narrow,A320,A320,320,9,1620,1239300,1197
G4,G4,VPS,MDW,Airbus,Narrow,A320,A320,320,9,1620,1266840,1260
G4,G4,VPS,MEM,Airbus,Narrow,A320,A320,320,9,1620,604260,756
G4,G4,VPS,OKC,Airbus,Narrow,A320,A320,320,17,3060,2221560,2117
G4,G4,VPS,OMA,Airbus,Narrow,A320,A320,320,9,1620,1475820,1323
G4,G4,VPS,PIA,Airbus,Narrow,A320,A320,320,13,2340,1694160,1586
G4,G4,VPS,PIT,Airbus,Narrow,A320,A320,320,18,3240,2514240,2340
G4,G4,VPS,SDF,Airbus,Narrow,A320,A320,320,13,2340,1244880,1352
G4,G4,VPS,SGF,Airbus,Narrow,A320,A320,320,13,2340,1427400,1443
G4,G4,VPS,SHV,Airbus,Narrow,A320,A320,320,9,1620,732240,828
G4,G4,VPS,TUL,Airbus,Narrow,A320,A320,320,13,2340,1565460,1530
G4,G4,VPS,TYS,Airbus,Narrow,A320,A320,320,17,3060,1208700,1377
G4,G4,VPS,XNA,Airbus,Narrow,A320,A320,320,35,6300,3786300,3815
G4,G4,XNA,BNA,Airbus,Narrow,A320,A319,319,9,1404,598104,765
G4,G4,XNA,FLL,Boeing,Narrow,B737 Misc,B737-Max 8 Passenger,7M8,9,1710,1867320,1521
G4,G4,XNA,GUF,Airbus,Narrow,A320,A319,319,3,468,268164,306
G4,G4,XNA,GUF,Airbus,Narrow,A320,A320,320,4,720,412560,408
G4,G4,XNA,GUF,Boeing,Narrow,B737 Misc,B737-Max 8 Passenger,7M8,6,1140,653220,612
G4,G4,XNA,LAS,Airbus,Narrow,A320,A319,319,8,1248,1451424,1432
G4,G4,XNA,LAS,Airbus,Narrow,A320,A320,320,1,180,209340,179
G4,G4,XNA,PIE,Airbus,Narrow,A320,A319,319,9,1404,1250964,1251
G4,G4,XNA,SFB,Airbus,Narrow,A320,A319,319,3,468,430560,432
G4,G4,XNA,SFB,Airbus,Narrow,A320,A320,320,4,720,662400,576
G4,G4,XNA,SFB,Boeing,Narrow,B737 Misc,B737-Max 8 Passenger,7M8,7,1330,1223600,1008
G4,G4,XNA,VPS,Airbus,Narrow,A320,A320,320,35,6300,3786300,3780