report_source,Mkt Al,Op Al,Orig,Dest,Manu,Type,Aircraft Family,Aircraft Type,Equip,Flights,Seats,ASMs,Block Mins
2026-06,LA,JJ,AEP,GIG,Airbus,Narrow,A320,A320,320,30,"5,220","6,389,280","5,100"
2026-06,LA,JJ,AEP,GRU,Airbus,Narrow,A320,A320,320,176,"30,296","31,871,392","28,440"
2026-06,LA,JJ,AEP,POA,Airbus,Narrow,A320,A320,320,13,"2,264","1,195,392","1,170"
2026-06,LA,JJ,AJU,BSB,Airbus,Narrow,A320,A320,320,10,"1,746","1,403,784","1,350"
2026-06,LA,JJ,AJU,BSB,Airbus,Narrow,A320,A321,321,24,"5,220","4,196,880","3,240"
2026-06,LA,JJ,AJU,CGH,Airbus,Narrow,A320,A319,319,3,420,"451,500",510
2026-06,LA,JJ,AJU,CGH,Airbus,Narrow,A320,A320,320,3,528,"567,600",510
2026-06,LA,JJ,AJU,GRU,Airbus,Narrow,A320,A319,319,3,408,"431,664",510
2026-06,LA,JJ,AJU,GRU,Airbus,Narrow,A320,A320,320,35,"6,112","6,466,496","5,745"
2026-06,LA,JJ,AJU,GRU,Airbus,Narrow,A320,A321,321,52,"11,330","11,987,140","8,635"
2026-06,LA,JJ,AMS,GRU,Boeing,Wide,B787,B787-9,789,26,"7,800","47,260,200","18,825"
2026-06,LA,JJ,BCN,GRU,Boeing,Wide,B777,B777-300 Passenger,773,9,"3,690","20,047,770","5,860"
2026-06,LA,JJ,BCN,GRU,Boeing,Wide,B787,B787-9,789,16,"4,768","25,904,544","10,440"
2026-06,LA,JJ,BEL,BSB,Airbus,Narrow,A320,A320,320,17,"2,952","2,940,192","2,715"
2026-06,LA,JJ,BEL,BSB,Airbus,Narrow,A320,A321,321,43,"9,386","9,348,456","6,735"
2026-06,LA,JJ,BEL,FOR,Airbus,Narrow,A320,A320,320,3,524,"369,944",360
2026-06,LA,JJ,BEL,FOR,Airbus,Narrow,A320,A321,321,27,"5,892","4,159,752","3,240"
2026-06,LA,JJ,BEL,GRU,Airbus,Narrow,A320,A320,320,36,"6,194","9,427,268","7,930"
2026-06,LA,JJ,BEL,GRU,Airbus,Narrow,A320,A321,321,118,"25,444","38,725,768","26,095"
2026-06,LA,JJ,BEL,MAO,Airbus,Narrow,A320,A320,320,2,348,"281,184",260
2026-06,LA,JJ,BEL,MAO,Airbus,Narrow,A320,A321,321,7,"1,528","1,234,624",910
2026-06,LA,JJ,BEL,MCP,Airbus,Narrow,A320,A320,320,34,"5,976","1,219,104","1,870"
2026-06,LA,JJ,BOS,GRU,Boeing,Wide,B787,B787-9,789,17,"5,066","24,266,140","9,870"
2026-06,LA,JJ,BPS,BSB,Airbus,Narrow,A320,A319,319,10,"1,400","823,200","1,075"
2026-06,LA,JJ,BPS,BSB,Airbus,Narrow,A320,A320,320,14,"2,464","1,448,832","1,540"
2026-06,LA,JJ,BPS,BSB,Airbus,Narrow,A320,A321,321,9,"1,956","1,150,128",990
2026-06,LA,JJ,BPS,CGH,Airbus,Narrow,A320,A319,319,11,"1,524","1,063,752","1,385"
2026-06,LA,JJ,BPS,CGH,Airbus,Narrow,A320,A320,320,65,"11,348","7,920,904","8,285"
2026-06,LA,JJ,BPS,GIG,Airbus,Narrow,A320,A320,320,9,"1,584","815,760",855
2026-06,LA,JJ,BPS,GIG,Airbus,Narrow,A320,A321,321,4,874,"450,110",380
2026-06,LA,JJ,BPS,GRU,Airbus,Narrow,A320,A319,319,8,"1,102","749,360","1,005"
2026-06,LA,JJ,BPS,GRU,Airbus,Narrow,A320,A320,320,47,"8,152","5,543,360","5,940"
2026-06,LA,JJ,BPS,GRU,Airbus,Narrow,A320,A321,321,40,"8,708","5,921,440","5,020"
2026-06,LA,JJ,BPS,SDU,Airbus,Narrow,A320,A319,319,19,"2,660","1,380,540","1,880"
2026-06,LA,JJ,BRC,GRU,Airbus,Narrow,A320,A321,321,16,"3,488","6,553,952","4,030"
2026-06,LA,JJ,BRU,GRU,Boeing,Wide,B787,B787-9,789,13,"3,874","23,178,142","9,375"
2026-06,LA,JJ,BSB,AJU,Airbus,Narrow,A320,A320,320,10,"1,724","1,386,096","1,300"
2026-06,LA,JJ,BSB,AJU,Airbus,Narrow,A320,A321,321,24,"5,238","4,211,352","3,120"
2026-06,LA,JJ,BSB,BEL,Airbus,Narrow,A320,A320,320,22,"3,836","3,820,656","3,375"
2026-06,LA,JJ,BSB,BEL,Airbus,Narrow,A320,A321,321,38,"8,294","8,260,824","5,740"
2026-06,LA,JJ,BSB,BPS,Airbus,Narrow,A320,A319,319,9,"1,238","727,944",900
2026-06,LA,JJ,BSB,BPS,Airbus,Narrow,A320,A320,320,16,"2,780","1,634,640","1,600"
2026-06,LA,JJ,BSB,BPS,Airbus,Narrow,A320,A321,321,8,"1,748","1,027,824",800
2026-06,LA,JJ,BSB,BVB,Airbus,Narrow,A320,A320,320,16,"2,792","4,335,976","3,460"
2026-06,LA,JJ,BSB,BVB,Airbus,Narrow,A320,A321,321,15,"3,286","5,103,158","3,230"
2026-06,LA,JJ,BSB,CGB,Airbus,Narrow,A320,A320,320,23,"4,006","2,187,276","2,415"
2026-06,LA,JJ,BSB,CGB,Airbus,Narrow,A320,A321,321,51,"11,174","6,101,004","5,355"
2026-06,LA,JJ,BSB,CGH,Airbus,Narrow,A320,A319,319,43,"5,832","3,149,280","4,480"
2026-06,LA,JJ,BSB,CGH,Airbus,Narrow,A320,A320,320,261,"44,786","24,184,440","27,275"
2026-06,LA,JJ,BSB,CGR,Airbus,Narrow,A320,A319,319,2,276,"150,420",210
2026-06,LA,JJ,BSB,CGR,Airbus,Narrow,A320,A320,320,47,"8,212","4,475,540","4,985"
2026-06,LA,JJ,BSB,CGR,Airbus,Narrow,A320,A321,321,10,"2,180","1,188,100","1,050"
2026-06,LA,JJ,BSB,CNF,Airbus,Narrow,A320,A320,320,49,"8,550","3,137,850","3,675"
2026-06,LA,JJ,BSB,CNF,Airbus,Narrow,A320,A321,321,38,"8,288","3,041,696","2,850"
2026-06,LA,JJ,BSB,CPV,Airbus,Narrow,A320,A319,319,19,"2,660","2,673,300","2,615"
2026-06,LA,JJ,BSB,CPV,Airbus,Narrow,A320,A320,320,11,"1,936","1,945,680","1,490"
2026-06,LA,JJ,BSB,CWB,Airbus,Narrow,A320,A319,319,2,280,"187,600",240
2026-06,LA,JJ,BSB,CWB,Airbus,Narrow,A320,A320,320,11,"1,930","1,293,100","1,310"
2026-06,LA,JJ,BSB,CWB,Airbus,Narrow,A320,A321,321,68,"14,856","9,953,520","8,015"
2026-06,LA,JJ,BSB,FLN,Airbus,Narrow,A320,A319,319,9,"1,234","1,003,242","1,215"
2026-06,LA,JJ,BSB,FLN,Airbus,Narrow,A320,A320,320,26,"4,510","3,666,630","3,510"
2026-06,LA,JJ,BSB,FLN,Airbus,Narrow,A320,A321,321,16,"3,488","2,835,744","2,160"
2026-06,LA,JJ,BSB,FOR,Airbus,Narrow,A320,A319,319,5,692,"724,524",795
2026-06,LA,JJ,BSB,FOR,Airbus,Narrow,A320,A320,320,54,"9,398","9,839,706","8,480"
2026-06,LA,JJ,BSB,FOR,Airbus,Narrow,A320,A321,321,25,"5,452","5,708,244","3,880"
2026-06,LA,JJ,BSB,GIG,Airbus,Narrow,A320,A319,319,2,272,"154,224",210
2026-06,LA,JJ,BSB,GIG,Airbus,Narrow,A320,A320,320,85,"14,754","8,365,518","8,775"
2026-06,LA,JJ,BSB,GIG,Airbus,Narrow,A320,A321,321,19,"4,136","2,345,112","1,975"
2026-06,LA,JJ,BSB,GRU,Airbus,Narrow,A320,A319,319,3,414,"219,006",300
2026-06,LA,JJ,BSB,GRU,Airbus,Narrow,A320,A320,320,70,"12,148","6,426,292","7,255"
2026-06,LA,JJ,BSB,GRU,Airbus,Narrow,A320,A321,321,114,"24,798","13,118,142","11,850"
2026-06,LA,JJ,BSB,GYN,Airbus,Narrow,A320,A319,319,11,"1,516","153,116",510
2026-06,LA,JJ,BSB,GYN,Airbus,Narrow,A320,A320,320,52,"9,034","912,434","2,400"
2026-06,LA,JJ,BSB,GYN,Airbus,Narrow,A320,A321,321,17,"3,708","374,508",790
2026-06,LA,JJ,BSB,IGU,Airbus,Narrow,A320,A321,321,30,"6,544","5,182,848","4,050"
2026-06,LA,JJ,BSB,IMP,Airbus,Narrow,A320,A319,319,8,"1,074","762,540",920
2026-06,LA,JJ,BSB,IMP,Airbus,Narrow,A320,A320,320,22,"3,760","2,669,600","2,525"
2026-06,LA,JJ,BSB,JPA,Airbus,Narrow,A320,A320,320,15,"2,638","2,804,194","2,360"
2026-06,LA,JJ,BSB,JPA,Airbus,Narrow,A320,A321,321,43,"9,446","10,041,098","6,780"
2026-06,LA,JJ,BSB,MAB,Airbus,Narrow,A320,A319,319,17,"2,344","1,701,744","1,945"
2026-06,LA,JJ,BSB,MAB,Airbus,Narrow,A320,A320,320,11,"1,910","1,386,660","1,265"
2026-06,LA,JJ,BSB,MAO,Airbus,Narrow,A320,A320,320,32,"5,588","6,750,304","5,755"
2026-06,LA,JJ,BSB,MAO,Airbus,Narrow,A320,A321,321,25,"5,370","6,486,960","4,500"
2026-06,LA,JJ,BSB,MCP,Airbus,Narrow,A320,A319,319,15,"2,100","2,339,400","2,475"
2026-06,LA,JJ,BSB,MCP,Airbus,Narrow,A320,A320,320,14,"2,464","2,744,896","2,310"
2026-06,LA,JJ,BSB,MCZ,Airbus,Narrow,A320,A319,319,6,812,"752,724",870
2026-06,LA,JJ,BSB,MCZ,Airbus,Narrow,A320,A320,320,12,"2,056","1,905,912","1,740"
2026-06,LA,JJ,BSB,MCZ,Airbus,Narrow,A320,A321,321,35,"7,640","7,082,280","5,080"
2026-06,LA,JJ,BSB,NAT,Airbus,Narrow,A320,A320,320,2,340,"373,320",330
2026-06,LA,JJ,BSB,NAT,Airbus,Narrow,A320,A321,321,56,"12,218","13,415,364","8,940"
2026-06,LA,JJ,BSB,OPS,Airbus,Narrow,A320,A319,319,1,138,"79,902",105
2026-06,LA,JJ,BSB,OPS,Airbus,Narrow,A320,A320,320,29,"5,046","2,921,634","3,045"
2026-06,LA,JJ,BSB,PMW,Airbus,Narrow,A320,A319,319,7,974,"374,016",530
2026-06,LA,JJ,BSB,PMW,Airbus,Narrow,A320,A320,320,13,"2,286","877,824",980
2026-06,LA,JJ,BSB,PMW,Airbus,Narrow,A320,A321,321,13,"2,816","1,081,344",975
2026-06,LA,JJ,BSB,POA,Airbus,Narrow,A320,A319,319,1,138,"137,172",160
2026-06,LA,JJ,BSB,POA,Airbus,Narrow,A320,A320,320,35,"6,020","5,983,880","5,565"
2026-06,LA,JJ,BSB,POA,Airbus,Narrow,A320,A321,321,47,"10,166","10,105,004","7,405"
2026-06,LA,JJ,BSB,PVH,Airbus,Narrow,A320,A319,319,2,280,"331,800",360
2026-06,LA,JJ,BSB,PVH,Airbus,Narrow,A320,A320,320,16,"2,816","3,336,960","2,880"
2026-06,LA,JJ,BSB,PVH,Airbus,Narrow,A320,A321,321,15,"3,300","3,910,500","2,700"
2026-06,LA,JJ,BSB,RBR,Airbus,Narrow,A320,A319,319,21,"2,910","4,074,000","4,305"
2026-06,LA,JJ,BSB,RBR,Airbus,Narrow,A320,A320,320,8,"1,386","1,940,400","1,640"
2026-06,LA,JJ,BSB,RBR,Airbus,Narrow,A320,A321,321,1,214,"299,600",205
2026-06,LA,JJ,BSB,REC,Airbus,Narrow,A320,A319,319,6,828,"850,356",930
2026-06,LA,JJ,BSB,REC,Airbus,Narrow,A320,A320,320,53,"9,210","9,458,670","8,215"
2026-06,LA,JJ,BSB,REC,Airbus,Narrow,A320,A321,321,32,"7,018","7,207,486","4,895"
2026-06,LA,JJ,BSB,SCL,Airbus,Narrow,A320,A320,320,6,"1,020","1,906,380","1,740"
2026-06,LA,JJ,BSB,SDU,Airbus,Narrow,A320,A319,319,144,"19,792","11,380,400","14,400"
2026-06,LA,JJ,BSB,SLZ,Airbus,Narrow,A320,A320,320,6,"1,046","989,516",870
2026-06,LA,JJ,BSB,SLZ,Airbus,Narrow,A320,A321,321,47,"10,170","9,620,820","6,815"
2026-06,LA,JJ,BSB,SSA,Airbus,Narrow,A320,A319,319,8,"1,098","738,954",910
2026-06,LA,JJ,BSB,SSA,Airbus,Narrow,A320,A320,320,52,"8,980","6,043,540","5,845"
2026-06,LA,JJ,BSB,SSA,Airbus,Narrow,A320,A321,321,42,"9,132","6,145,836","4,695"
2026-06,LA,JJ,BSB,STM,Airbus,Narrow,A320,A319,319,14,"1,934","1,993,954","2,170"
2026-06,LA,JJ,BSB,STM,Airbus,Narrow,A320,A320,320,11,"1,908","1,967,148","1,705"
2026-06,LA,JJ,BSB,THE,Airbus,Narrow,A320,A320,320,28,"4,848","3,970,512","3,640"
2026-06,LA,JJ,BSB,THE,Airbus,Narrow,A320,A321,321,32,"6,958","5,698,602","4,160"
2026-06,LA,JJ,BSB,VCP,Airbus,Narrow,A320,A319,319,12,"1,660","820,040","1,170"
2026-06,LA,JJ,BSB,VCP,Airbus,Narrow,A320,A320,320,64,"11,140","5,503,160","6,195"
2026-06,LA,JJ,BSB,VCP,Airbus,Narrow,A320,A321,321,5,"1,092","539,448",475
2026-06,LA,JJ,BSB,VIX,Airbus,Narrow,A320,A320,320,28,"4,818","2,823,348","2,940"
2026-06,LA,JJ,BSB,VIX,Airbus,Narrow,A320,A321,321,26,"5,640","3,305,040","2,730"
2026-06,LA,JJ,BVB,BSB,Airbus,Narrow,A320,A320,320,16,"2,810","4,363,930","3,440"
2026-06,LA,JJ,BVB,BSB,Airbus,Narrow,A320,A321,321,15,"3,298","5,121,794","3,225"
2026-06,LA,JJ,BVB,GRU,Airbus,Narrow,A320,A320,320,8,"1,402","2,864,286","2,320"
2026-06,LA,JJ,BVB,GRU,Airbus,Narrow,A320,A321,321,4,876,"1,789,668","1,160"
2026-06,LA,JJ,BYO,GRU,Airbus,Narrow,A320,A319,319,2,268,"176,076",230
2026-06,LA,JJ,BYO,GRU,Airbus,Narrow,A320,A320,320,6,"1,036","680,652",680
2026-06,LA,JJ,CAC,GRU,Airbus,Narrow,A320,A319,319,6,830,"379,310",590
2026-06,LA,JJ,CAC,GRU,Airbus,Narrow,A320,A320,320,44,"7,672","3,506,104","4,305"
2026-06,LA,JJ,CDG,GRU,Boeing,Wide,B787,B787-9,789,30,"9,000","52,461,000","21,300"
2026-06,LA,JJ,CGB,BSB,Airbus,Narrow,A320,A320,320,23,"4,002","2,185,092","2,300"
2026-06,LA,JJ,CGB,BSB,Airbus,Narrow,A320,A321,321,51,"11,120","6,071,520","5,100"
2026-06,LA,JJ,CGB,CGH,Airbus,Narrow,A320,A319,319,32,"4,400","3,630,000","4,315"
2026-06,LA,JJ,CGB,CGH,Airbus,Narrow,A320,A320,320,23,"3,988","3,290,100","3,125"
2026-06,LA,JJ,CGB,GRU,Airbus,Narrow,A320,A319,319,1,138,"113,850",135
2026-06,LA,JJ,CGB,GRU,Airbus,Narrow,A320,A320,320,46,"7,976","6,580,200","6,260"
2026-06,LA,JJ,CGB,GRU,Airbus,Narrow,A320,A321,321,91,"19,786","16,323,450","12,370"
2026-06,LA,JJ,CGH,AJU,Airbus,Narrow,A320,A319,319,3,420,"451,500",480
2026-06,LA,JJ,CGH,AJU,Airbus,Narrow,A320,A320,320,3,528,"567,600",480
2026-06,LA,JJ,CGH,BPS,Airbus,Narrow,A320,A319,319,11,"1,534","1,070,732","1,275"
2026-06,LA,JJ,CGH,BPS,Airbus,Narrow,A320,A320,320,65,"11,364","7,932,072","7,645"
2026-06,LA,JJ,CGH,BSB,Airbus,Narrow,A320,A319,319,54,"7,344","3,965,760","5,670"
2026-06,LA,JJ,CGH,BSB,Airbus,Narrow,A320,A320,320,249,"42,848","23,137,920","26,330"
2026-06,LA,JJ,CGH,CGB,Airbus,Narrow,A320,A319,319,30,"4,162","3,433,650","4,200"
2026-06,LA,JJ,CGH,CGB,Airbus,Narrow,A320,A320,320,25,"4,360","3,597,000","3,500"
2026-06,LA,JJ,CGH,CGR,Airbus,Narrow,A320,A319,319,1,136,"75,888",110
2026-06,LA,JJ,CGH,CGR,Airbus,Narrow,A320,A320,320,36,"6,190","3,454,020","3,960"
2026-06,LA,JJ,CGH,CNF,Airbus,Narrow,A320,A319,319,15,"2,058","668,850","1,125"
2026-06,LA,JJ,CGH,CNF,Airbus,Narrow,A320,A320,320,187,"32,464","10,550,800","14,020"
2026-06,LA,JJ,CGH,CWB,Airbus,Narrow,A320,A319,319,28,"3,826","788,156","1,680"
2026-06,LA,JJ,CGH,CWB,Airbus,Narrow,A320,A320,320,177,"30,558","6,294,948","10,600"
2026-06,LA,JJ,CGH,FLN,Airbus,Narrow,A320,A319,319,24,"3,310","999,620","1,715"
2026-06,LA,JJ,CGH,FLN,Airbus,Narrow,A320,A320,320,147,"25,576","7,723,952","10,725"
2026-06,LA,JJ,CGH,FOR,Airbus,Narrow,A320,A319,319,19,"2,632","3,866,408","3,905"
2026-06,LA,JJ,CGH,FOR,Airbus,Narrow,A320,A320,320,85,"14,832","21,788,208","17,555"
2026-06,LA,JJ,CGH,GYN,Airbus,Narrow,A320,A319,319,26,"3,562","1,809,496","2,600"
2026-06,LA,JJ,CGH,GYN,Airbus,Narrow,A320,A320,320,124,"21,402","10,872,216","12,400"
2026-06,LA,JJ,CGH,IGU,Airbus,Narrow,A320,A319,319,9,"1,260","650,160",945
2026-06,LA,JJ,CGH,IGU,Airbus,Narrow,A320,A320,320,56,"9,830","5,072,280","5,880"
2026-06,LA,JJ,CGH,IOS,Airbus,Narrow,A320,A319,319,16,"2,232","1,749,888","2,045"
2026-06,LA,JJ,CGH,IOS,Airbus,Narrow,A320,A320,320,13,"2,288","1,793,792","1,680"
2026-06,LA,JJ,CGH,JOI,Airbus,Narrow,A320,A319,319,11,"1,506","334,332",715
2026-06,LA,JJ,CGH,JOI,Airbus,Narrow,A320,A320,320,19,"3,288","729,936","1,235"
2026-06,LA,JJ,CGH,JPA,Airbus,Narrow,A320,A319,319,17,"2,352","3,231,648","3,315"
2026-06,LA,JJ,CGH,JPA,Airbus,Narrow,A320,A320,320,18,"3,136","4,308,864","3,510"
2026-06,LA,JJ,CGH,LDB,Airbus,Narrow,A320,A319,319,7,952,"271,320",525
2026-06,LA,JJ,CGH,LDB,Airbus,Narrow,A320,A320,320,30,"5,226","1,489,410","2,255"
2026-06,LA,JJ,CGH,MCZ,Airbus,Narrow,A320,A319,319,12,"1,680","2,027,760","2,100"
2026-06,LA,JJ,CGH,MCZ,Airbus,Narrow,A320,A320,320,39,"6,824","8,236,568","6,825"
2026-06,LA,JJ,CGH,MGF,Airbus,Narrow,A320,A319,319,5,700,"234,500",400
2026-06,LA,JJ,CGH,MGF,Airbus,Narrow,A320,A320,320,25,"4,392","1,471,320","2,000"
2026-06,LA,JJ,CGH,NAT,Airbus,Narrow,A320,A319,319,33,"4,542","6,535,938","6,600"
2026-06,LA,JJ,CGH,NAT,Airbus,Narrow,A320,A320,320,17,"2,936","4,224,904","3,400"
2026-06,LA,JJ,CGH,NVT,Airbus,Narrow,A320,A319,319,27,"3,702","947,712","1,755"
2026-06,LA,JJ,CGH,NVT,Airbus,Narrow,A320,A320,320,98,"17,000","4,352,000","6,370"
2026-06,LA,JJ,CGH,POA,Airbus,Narrow,A320,A319,319,40,"5,462","2,834,778","3,995"
2026-06,LA,JJ,CGH,POA,Airbus,Narrow,A320,A320,320,222,"38,232","19,842,408","22,195"
2026-06,LA,JJ,CGH,RAO,Airbus,Narrow,A320,A319,319,13,"1,792","333,312",780
2026-06,LA,JJ,CGH,RAO,Airbus,Narrow,A320,A320,320,27,"4,676","869,736","1,620"
2026-06,LA,JJ,CGH,REC,Airbus,Narrow,A320,A319,319,17,"2,352","3,102,288","3,145"
2026-06,LA,JJ,CGH,REC,Airbus,Narrow,A320,A320,320,113,"19,680","25,957,920","20,905"
2026-06,LA,JJ,CGH,SDU,Airbus,Narrow,A320,A319,319,542,"74,426","16,969,128","32,620"
2026-06,LA,JJ,CGH,SJP,Airbus,Narrow,A320,A319,319,3,410,"107,010",210
2026-06,LA,JJ,CGH,SJP,Airbus,Narrow,A320,A320,320,51,"8,850","2,309,850","3,570"
2026-06,LA,JJ,CGH,SLZ,Airbus,Narrow,A320,A320,320,22,"3,832","5,579,392","4,620"
2026-06,LA,JJ,CGH,SSA,Airbus,Narrow,A320,A319,319,34,"4,734","4,341,078","4,950"
2026-06,LA,JJ,CGH,SSA,Airbus,Narrow,A320,A320,320,171,"29,824","27,348,608","24,785"
2026-06,LA,JJ,CGH,THE,Airbus,Narrow,A320,A319,319,12,"1,680","2,185,680","2,520"
2026-06,LA,JJ,CGH,THE,Airbus,Narrow,A320,A320,320,4,704,"915,904",840
2026-06,LA,JJ,CGH,UDI,Airbus,Narrow,A320,A319,319,9,"1,244","424,204",720
2026-06,LA,JJ,CGH,UDI,Airbus,Narrow,A320,A320,320,43,"7,488","2,553,408","3,440"
2026-06,LA,JJ,CGH,VIX,Airbus,Narrow,A320,A319,319,27,"3,700","1,739,000","2,430"
2026-06,LA,JJ,CGH,VIX,Airbus,Narrow,A320,A320,320,76,"13,130","6,171,100","6,835"
2026-06,LA,JJ,CGR,BSB,Airbus,Narrow,A320,A319,319,1,138,"75,210",95
2026-06,LA,JJ,CGR,BSB,Airbus,Narrow,A320,A320,320,45,"7,826","4,265,170","4,355"
2026-06,LA,JJ,CGR,BSB,Airbus,Narrow,A320,A321,321,13,"2,834","1,544,530","1,300"
2026-06,LA,JJ,CGR,CGH,Airbus,Narrow,A320,A319,319,2,272,"151,776",200
2026-06,LA,JJ,CGR,CGH,Airbus,Narrow,A320,A320,320,34,"5,878","3,279,924","3,450"
2026-06,LA,JJ,CGR,GRU,Airbus,Narrow,A320,A319,319,3,414,"233,496",300
2026-06,LA,JJ,CGR,GRU,Airbus,Narrow,A320,A320,320,46,"7,974","4,497,336","4,695"
2026-06,LA,JJ,CGR,GRU,Airbus,Narrow,A320,A321,321,57,"12,364","6,973,296","5,865"
2026-06,LA,JJ,CLV,GRU,Airbus,Narrow,A320,A320,320,16,"2,816","1,171,456","1,385"
2026-06,LA,JJ,CNF,BSB,Airbus,Narrow,A320,A319,319,2,276,"101,292",170
2026-06,LA,JJ,CNF,BSB,Airbus,Narrow,A320,A320,320,36,"6,240","2,290,080","3,060"
2026-06,LA,JJ,CNF,BSB,Airbus,Narrow,A320,A321,321,49,"10,628","3,900,476","4,165"
2026-06,LA,JJ,CNF,CGH,Airbus,Narrow,A320,A319,319,15,"2,038","662,350","1,185"
2026-06,LA,JJ,CNF,CGH,Airbus,Narrow,A320,A320,320,188,"32,384","10,524,800","15,230"
2026-06,LA,JJ,CNF,FOR,Airbus,Narrow,A320,A320,320,4,704,"809,600",680
2026-06,LA,JJ,CNF,FOR,Airbus,Narrow,A320,A321,321,12,"2,640","3,036,000","2,035"
2026-06,LA,JJ,CNF,GRU,Airbus,Narrow,A320,A319,319,2,274,"84,118",155
2026-06,LA,JJ,CNF,GRU,Airbus,Narrow,A320,A320,320,83,"14,402","4,421,414","6,740"
2026-06,LA,JJ,CNF,GRU,Airbus,Narrow,A320,A321,321,84,"18,242","5,600,294","6,725"
2026-06,LA,JJ,CNF,POA,Airbus,Narrow,A320,A320,320,52,"9,032","7,623,008","7,020"
2026-06,LA,JJ,CNF,POA,Airbus,Narrow,A320,A321,321,1,214,"180,616",135
2026-06,LA,JJ,COR,GRU,Airbus,Narrow,A320,A320,320,30,"5,154","6,262,110","5,595"
2026-06,LA,JJ,CPV,BSB,Airbus,Narrow,A320,A319,319,19,"2,660","2,673,300","2,755"
2026-06,LA,JJ,CPV,BSB,Airbus,Narrow,A320,A320,320,11,"1,936","1,945,680","1,595"
2026-06,LA,JJ,CWB,BSB,Airbus,Narrow,A320,A319,319,2,274,"183,580",230
2026-06,LA,JJ,CWB,BSB,Airbus,Narrow,A320,A320,320,16,"2,770","1,855,900","1,840"
2026-06,LA,JJ,CWB,BSB,Airbus,Narrow,A320,A321,321,63,"13,684","9,168,280","7,245"
2026-06,LA,JJ,CWB,CGH,Airbus,Narrow,A320,A319,319,29,"3,930","809,580","1,885"
2026-06,LA,JJ,CWB,CGH,Airbus,Narrow,A320,A320,320,176,"30,150","6,210,900","11,345"
2026-06,LA,JJ,CWB,GIG,Airbus,Narrow,A320,A319,319,1,136,"56,984",85
2026-06,LA,JJ,CWB,GIG,Airbus,Narrow,A320,A320,320,50,"8,738","3,661,222","4,250"
2026-06,LA,JJ,CWB,GIG,Airbus,Narrow,A320,A321,321,6,"1,320","553,080",510
2026-06,LA,JJ,CWB,GRU,Airbus,Narrow,A320,A319,319,2,272,"60,656",150
2026-06,LA,JJ,CWB,GRU,Airbus,Narrow,A320,A320,320,84,"14,584","3,252,232","6,340"
2026-06,LA,JJ,CWB,GRU,Airbus,Narrow,A320,A321,321,90,"19,606","4,372,138","6,845"
2026-06,LA,JJ,CWB,IGU,Airbus,Narrow,A320,A320,320,40,"6,934","2,343,692","3,000"
2026-06,LA,JJ,CWB,POA,Airbus,Narrow,A320,A320,320,52,"8,976","2,971,056","3,900"
2026-06,LA,JJ,CWB,POA,Airbus,Narrow,A320,A321,321,1,220,"72,820",70
2026-06,LA,JJ,CXJ,GRU,Airbus,Narrow,A320,A319,319,3,406,"199,346",300
2026-06,LA,JJ,CXJ,GRU,Airbus,Narrow,A320,A320,320,27,"4,648","2,282,168","2,695"
2026-06,LA,JJ,DOU,GRU,Airbus,Narrow,A320,A319,319,7,980,"535,080",795
2026-06,LA,JJ,DOU,GRU,Airbus,Narrow,A320,A320,320,23,"4,048","2,210,208","2,435"
2026-06,LA,JJ,EZE,GRU,Airbus,Narrow,A320,A320,320,24,"4,132","4,417,108","3,840"
2026-06,LA,JJ,EZE,GRU,Airbus,Narrow,A320,A321,321,6,"1,300","1,389,700",960
2026-06,LA,JJ,EZE,REC,Airbus,Narrow,A320,A320,320,4,696,"1,649,520","1,240"
2026-06,LA,JJ,FCO,GRU,Boeing,Wide,B777,B777-300 Passenger,773,28,"11,480","67,146,520","20,150"
2026-06,LA,JJ,FCO,GRU,Boeing,Wide,B787,B787-9,789,2,600,"3,509,400","1,435"
2026-06,LA,JJ,FEN,GRU,Airbus,Narrow,A320,A319,319,21,"2,814","4,617,774","4,960"
2026-06,LA,JJ,FLN,BSB,Airbus,Narrow,A320,A319,319,9,"1,228","998,364","1,200"
2026-06,LA,JJ,FLN,BSB,Airbus,Narrow,A320,A320,320,26,"4,502","3,660,126","3,470"
2026-06,LA,JJ,FLN,BSB,Airbus,Narrow,A320,A321,321,16,"3,484","2,832,492","2,110"
2026-06,LA,JJ,FLN,CGH,Airbus,Narrow,A320,A319,319,25,"3,450","1,041,900","1,750"
2026-06,LA,JJ,FLN,CGH,Airbus,Narrow,A320,A320,320,147,"25,574","7,723,348","10,310"
2026-06,LA,JJ,FLN,GRU,Airbus,Narrow,A320,A319,319,3,404,"128,876",240
2026-06,LA,JJ,FLN,GRU,Airbus,Narrow,A320,A320,320,70,"12,146","3,874,574","6,210"
2026-06,LA,JJ,FLN,GRU,Airbus,Narrow,A320,A321,321,83,"18,082","5,768,158","7,050"
2026-06,LA,JJ,FLN,POA,Airbus,Narrow,A320,A319,319,1,140,"31,500",65
2026-06,LA,JJ,FLN,POA,Airbus,Narrow,A320,A320,320,29,"5,104","1,148,400","1,885"
2026-06,LA,JJ,FOR,BEL,Airbus,Narrow,A320,A321,321,30,"6,488","4,580,528","3,600"
2026-06,LA,JJ,FOR,BSB,Airbus,Narrow,A320,A319,319,4,558,"584,226",655
2026-06,LA,JJ,FOR,BSB,Airbus,Narrow,A320,A320,320,53,"9,258","9,693,126","8,615"
2026-06,LA,JJ,FOR,BSB,Airbus,Narrow,A320,A321,321,27,"5,902","6,179,394","4,440"
2026-06,LA,JJ,FOR,CGH,Airbus,Narrow,A320,A319,319,18,"2,468","3,625,492","3,955"
2026-06,LA,JJ,FOR,CGH,Airbus,Narrow,A320,A320,320,86,"14,940","21,946,860","18,910"
2026-06,LA,JJ,FOR,CNF,Airbus,Narrow,A320,A319,319,1,140,"161,000",170
2026-06,LA,JJ,FOR,CNF,Airbus,Narrow,A320,A320,320,3,528,"607,200",510
2026-06,LA,JJ,FOR,CNF,Airbus,Narrow,A320,A321,321,12,"2,640","3,036,000","2,040"
2026-06,LA,JJ,FOR,GIG,Airbus,Narrow,A320,A319,319,3,420,"565,320",605
2026-06,LA,JJ,FOR,GIG,Airbus,Narrow,A320,A320,320,76,"13,282","17,877,572","15,475"
2026-06,LA,JJ,FOR,GIG,Airbus,Narrow,A320,A321,321,6,"1,314","1,768,644","1,210"
2026-06,LA,JJ,FOR,GRU,Airbus,Narrow,A320,A319,319,2,272,"394,944",425
2026-06,LA,JJ,FOR,GRU,Airbus,Narrow,A320,A320,320,55,"9,518","13,820,136","11,715"
2026-06,LA,JJ,FOR,GRU,Airbus,Narrow,A320,A321,321,129,"27,806","40,374,312","27,185"
2026-06,LA,JJ,FOR,GRU,Boeing,Wide,B787,B787-9,789,13,"3,900","5,662,800","2,760"
2026-06,LA,JJ,FOR,JDO,Airbus,Narrow,A320,A319,319,1,136,"32,776",60
2026-06,LA,JJ,FOR,JDO,Airbus,Narrow,A320,A320,320,14,"2,428","585,148",840
2026-06,LA,JJ,FOR,JDO,Airbus,Narrow,A320,A321,321,1,220,"53,020",60
2026-06,LA,JJ,FOR,LIS,Boeing,Wide,B787,B787-9,789,10,"3,000","10,434,000","4,150"
2026-06,LA,JJ,FOR,MAO,Airbus,Narrow,A320,A320,320,18,"3,146","4,674,956","3,690"
2026-06,LA,JJ,FOR,MAO,Airbus,Narrow,A320,A321,321,27,"5,820","8,648,520","5,535"
2026-06,LA,JJ,FOR,MIA,Boeing,Wide,B787,B787-9,789,4,"1,184","4,094,272","1,720"
2026-06,LA,JJ,FOR,NAT,Airbus,Narrow,A320,A321,321,31,"6,672","1,714,704","1,860"
2026-06,LA,JJ,FOR,PHB,Airbus,Narrow,A320,A319,319,1,134,"30,686",55
2026-06,LA,JJ,FOR,PHB,Airbus,Narrow,A320,A320,320,7,"1,190","272,510",440
2026-06,LA,JJ,FOR,REC,Airbus,Narrow,A320,A319,319,5,696,"270,744",375
2026-06,LA,JJ,FOR,REC,Airbus,Narrow,A320,A320,320,36,"6,300","2,450,700","2,700"
2026-06,LA,JJ,FOR,REC,Airbus,Narrow,A320,A321,321,1,218,"84,802",75
2026-06,LA,JJ,FOR,SCL,Airbus,Narrow,A320,A320,320,4,680,"1,979,480","1,660"
2026-06,LA,JJ,FOR,SLZ,Airbus,Narrow,A320,A320,320,5,880,"353,760",400
2026-06,LA,JJ,FOR,SLZ,Airbus,Narrow,A320,A321,321,35,"7,620","3,063,240","2,800"
2026-06,LA,JJ,FOR,SSA,Airbus,Narrow,A320,A319,319,9,"1,250","785,000",945
2026-06,LA,JJ,FOR,SSA,Airbus,Narrow,A320,A320,320,33,"5,794","3,638,632","3,465"
2026-06,LA,JJ,FOR,SSA,Airbus,Narrow,A320,A321,321,2,440,"276,320",210
2026-06,LA,JJ,FOR,THE,Airbus,Narrow,A320,A319,319,1,134,"41,272",65
2026-06,LA,JJ,FOR,THE,Airbus,Narrow,A320,A320,320,17,"2,946","907,368","1,105"
2026-06,LA,JJ,FOR,THE,Airbus,Narrow,A320,A321,321,20,"4,338","1,336,104","1,300"
2026-06,LA,JJ,FRA,GRU,Boeing,Wide,B777,B777-300 Passenger,773,30,"12,300","74,722,500","21,750"
2026-06,LA,JJ,GIG,AEP,Airbus,Narrow,A320,A320,320,30,"5,220","6,389,280","5,850"
2026-06,LA,JJ,GIG,BPS,Airbus,Narrow,A320,A320,320,10,"1,760","906,400",950
2026-06,LA,JJ,GIG,BPS,Airbus,Narrow,A320,A321,321,4,878,"452,170",380
2026-06,LA,JJ,GIG,BSB,Airbus,Narrow,A320,A319,319,1,138,"78,246",110
2026-06,LA,JJ,GIG,BSB,Airbus,Narrow,A320,A320,320,79,"13,652","7,740,684","8,670"
2026-06,LA,JJ,GIG,BSB,Airbus,Narrow,A320,A321,321,27,"5,864","3,324,888","2,960"
2026-06,LA,JJ,GIG,CWB,Airbus,Narrow,A320,A319,319,1,140,"58,660",70
2026-06,LA,JJ,GIG,CWB,Airbus,Narrow,A320,A320,320,52,"9,090","3,808,710","3,640"
2026-06,LA,JJ,GIG,CWB,Airbus,Narrow,A320,A321,321,4,870,"364,530",280
2026-06,LA,JJ,GIG,FOR,Airbus,Narrow,A320,A319,319,3,408,"549,168",595
2026-06,LA,JJ,GIG,FOR,Airbus,Narrow,A320,A320,320,80,"13,918","18,733,628","15,720"
2026-06,LA,JJ,GIG,FOR,Airbus,Narrow,A320,A321,321,3,658,"885,668",590
2026-06,LA,JJ,GIG,GRU,Airbus,Narrow,A320,A319,319,4,556,"116,760",285
2026-06,LA,JJ,GIG,GRU,Airbus,Narrow,A320,A320,320,134,"23,380","4,909,800","9,630"
2026-06,LA,JJ,GIG,GRU,Airbus,Narrow,A320,A321,321,106,"23,140","4,859,400","7,545"
2026-06,LA,JJ,GIG,IGU,Airbus,Narrow,A320,A319,319,1,140,"103,600",135
2026-06,LA,JJ,GIG,IGU,Airbus,Narrow,A320,A320,320,14,"2,464","1,823,360","1,885"
2026-06,LA,JJ,GIG,IGU,Airbus,Narrow,A320,A321,321,30,"6,502","4,811,480","4,050"
2026-06,LA,JJ,GIG,JPA,Airbus,Narrow,A320,A320,320,6,"1,036","1,253,560","1,080"
2026-06,LA,JJ,GIG,JPA,Airbus,Narrow,A320,A321,321,6,"1,300","1,573,000","1,080"
2026-06,LA,JJ,GIG,MAO,Airbus,Narrow,A320,A320,320,14,"2,430","4,288,950","3,535"
2026-06,LA,JJ,GIG,MAO,Airbus,Narrow,A320,A321,321,1,214,"377,710",255
2026-06,LA,JJ,GIG,POA,Airbus,Narrow,A320,A320,320,93,"15,978","11,136,666","11,510"
2026-06,LA,JJ,GIG,POA,Airbus,Narrow,A320,A321,321,5,"1,076","749,972",640
2026-06,LA,JJ,GIG,SCL,Airbus,Narrow,A320,A320,320,10,"1,720","3,139,000","2,900"
2026-06,LA,JJ,GIG,SLZ,Airbus,Narrow,A320,A320,320,13,"2,270","3,159,840","2,510"
2026-06,LA,JJ,GIG,SLZ,Airbus,Narrow,A320,A321,321,2,434,"604,128",390
2026-06,LA,JJ,GIG,SSA,Airbus,Narrow,A320,A319,319,1,140,"105,420",120
2026-06,LA,JJ,GIG,SSA,Airbus,Narrow,A320,A320,320,49,"8,576","6,457,728","5,865"
2026-06,LA,JJ,GIG,SSA,Airbus,Narrow,A320,A321,321,6,"1,318","992,454",710
2026-06,LA,JJ,GIG,VIX,Airbus,Narrow,A320,A319,319,3,414,"106,812",195
2026-06,LA,JJ,GIG,VIX,Airbus,Narrow,A320,A320,320,76,"13,224","3,411,792","4,935"
2026-06,LA,JJ,GIG,VIX,Airbus,Narrow,A320,A321,321,2,436,"112,488",125
2026-06,LA,JJ,GRU,AEP,Airbus,Narrow,A320,A320,320,176,"30,292","31,867,184","31,945"
2026-06,LA,JJ,GRU,AJU,Airbus,Narrow,A320,A319,319,3,414,"438,012",465
2026-06,LA,JJ,GRU,AJU,Airbus,Narrow,A320,A320,320,34,"5,928","6,271,824","5,240"
2026-06,LA,JJ,GRU,AJU,Airbus,Narrow,A320,A321,321,53,"11,580","12,251,640","8,150"
2026-06,LA,JJ,GRU,AMS,Boeing,Wide,B787,B787-9,789,26,"7,800","47,260,200","18,600"
2026-06,LA,JJ,GRU,BCN,Boeing,Wide,B777,B777-300 Passenger,773,9,"3,690","20,047,770","5,670"
2026-06,LA,JJ,GRU,BCN,Boeing,Wide,B787,B787-9,789,16,"4,768","25,904,544","10,080"
2026-06,LA,JJ,GRU,BEL,Airbus,Narrow,A320,A320,320,31,"5,332","8,115,304","6,810"
2026-06,LA,JJ,GRU,BEL,Airbus,Narrow,A320,A321,321,123,"26,570","40,439,540","27,010"
2026-06,LA,JJ,GRU,BOS,Boeing,Wide,B787,B787-9,789,16,"4,768","22,838,720","9,360"
2026-06,LA,JJ,GRU,BPS,Airbus,Narrow,A320,A319,319,9,"1,246","847,280",990
2026-06,LA,JJ,GRU,BPS,Airbus,Narrow,A320,A320,320,45,"7,836","5,328,480","4,950"
2026-06,LA,JJ,GRU,BPS,Airbus,Narrow,A320,A321,321,42,"9,164","6,231,520","4,620"
2026-06,LA,JJ,GRU,BRC,Airbus,Narrow,A320,A321,321,16,"3,488","6,553,952","4,480"
2026-06,LA,JJ,GRU,BRU,Boeing,Wide,B787,B787-9,789,13,"3,874","23,178,142","9,120"
2026-06,LA,JJ,GRU,BSB,Airbus,Narrow,A320,A319,319,3,414,"219,006",300
2026-06,LA,JJ,GRU,BSB,Airbus,Narrow,A320,A320,320,80,"13,910","7,358,390","8,085"
2026-06,LA,JJ,GRU,BSB,Airbus,Narrow,A320,A321,321,105,"22,878","12,102,462","10,700"
2026-06,LA,JJ,GRU,BVB,Airbus,Narrow,A320,A320,320,8,"1,396","2,852,028","2,160"
2026-06,LA,JJ,GRU,BVB,Airbus,Narrow,A320,A321,321,4,872,"1,781,496","1,075"
2026-06,LA,JJ,GRU,BYO,Airbus,Narrow,A320,A319,319,2,276,"181,332",240
2026-06,LA,JJ,GRU,BYO,Airbus,Narrow,A320,A320,320,6,"1,044","685,908",720
2026-06,LA,JJ,GRU,CAC,Airbus,Narrow,A320,A319,319,6,830,"379,310",570
2026-06,LA,JJ,GRU,CAC,Airbus,Narrow,A320,A320,320,44,"7,676","3,507,932","4,180"
2026-06,LA,JJ,GRU,CDG,Boeing,Wide,B787,B787-9,789,30,"9,000","52,461,000","20,250"
2026-06,LA,JJ,GRU,CGB,Airbus,Narrow,A320,A319,319,4,552,"455,400",535
2026-06,LA,JJ,GRU,CGB,Airbus,Narrow,A320,A320,320,43,"7,434","6,133,050","5,800"
2026-06,LA,JJ,GRU,CGB,Airbus,Narrow,A320,A321,321,91,"19,758","16,300,350","12,280"
2026-06,LA,JJ,GRU,CGR,Airbus,Narrow,A320,A319,319,3,414,"233,496",330
2026-06,LA,JJ,GRU,CGR,Airbus,Narrow,A320,A320,320,43,"7,428","4,189,392","4,725"
2026-06,LA,JJ,GRU,CGR,Airbus,Narrow,A320,A321,321,60,"13,048","7,359,072","6,580"
2026-06,LA,JJ,GRU,CLV,Airbus,Narrow,A320,A320,320,16,"2,816","1,171,456","1,280"
2026-06,LA,JJ,GRU,CNF,Airbus,Narrow,A320,A319,319,3,414,"127,098",210
2026-06,LA,JJ,GRU,CNF,Airbus,Narrow,A320,A320,320,71,"12,356","3,793,292","4,970"
2026-06,LA,JJ,GRU,CNF,Airbus,Narrow,A320,A321,321,95,"20,716","6,359,812","6,655"
2026-06,LA,JJ,GRU,COR,Airbus,Narrow,A320,A320,320,30,"5,210","6,330,150","6,150"
2026-06,LA,JJ,GRU,CWB,Airbus,Narrow,A320,A319,319,2,276,"61,548",120
2026-06,LA,JJ,GRU,CWB,Airbus,Narrow,A320,A320,320,87,"15,156","3,379,788","5,435"
2026-06,LA,JJ,GRU,CWB,Airbus,Narrow,A320,A321,321,87,"19,012","4,239,676","5,565"
2026-06,LA,JJ,GRU,CXJ,Airbus,Narrow,A320,A319,319,3,410,"201,310",300
2026-06,LA,JJ,GRU,CXJ,Airbus,Narrow,A320,A320,320,27,"4,638","2,277,258","2,700"
2026-06,LA,JJ,GRU,DOU,Airbus,Narrow,A320,A319,319,7,972,"530,712",735
2026-06,LA,JJ,GRU,DOU,Airbus,Narrow,A320,A320,320,23,"4,032","2,201,472","2,415"
2026-06,LA,JJ,GRU,EZE,Airbus,Narrow,A320,A320,320,24,"4,132","4,417,108","4,320"
2026-06,LA,JJ,GRU,EZE,Airbus,Narrow,A320,A321,321,6,"1,296","1,385,424","1,080"
2026-06,LA,JJ,GRU,FCO,Boeing,Wide,B777,B777-300 Passenger,773,28,"11,480","67,146,520","19,180"
2026-06,LA,JJ,GRU,FCO,Boeing,Wide,B787,B787-9,789,2,600,"3,509,400","1,370"
2026-06,LA,JJ,GRU,FEN,Airbus,Narrow,A320,A319,319,21,"2,838","4,657,158","4,905"
2026-06,LA,JJ,GRU,FLN,Airbus,Narrow,A320,A319,319,3,420,"133,980",225
2026-06,LA,JJ,GRU,FLN,Airbus,Narrow,A320,A320,320,70,"12,202","3,892,438","5,185"
2026-06,LA,JJ,GRU,FLN,Airbus,Narrow,A320,A321,321,83,"18,150","5,789,850","6,200"
2026-06,LA,JJ,GRU,FOR,Airbus,Narrow,A320,A319,319,4,540,"784,080",820
2026-06,LA,JJ,GRU,FOR,Airbus,Narrow,A320,A320,320,49,"8,482","12,315,864","10,010"
2026-06,LA,JJ,GRU,FOR,Airbus,Narrow,A320,A321,321,136,"29,526","42,871,752","27,770"
2026-06,LA,JJ,GRU,FOR,Boeing,Wide,B787,B787-9,789,14,"4,200","6,098,400","2,785"
2026-06,LA,JJ,GRU,FRA,Boeing,Wide,B777,B777-300 Passenger,773,30,"12,300","74,722,500","21,000"
2026-06,LA,JJ,GRU,GIG,Airbus,Narrow,A320,A319,319,2,276,"57,960",120
2026-06,LA,JJ,GRU,GIG,Airbus,Narrow,A320,A320,320,129,"22,532","4,731,720","7,740"
2026-06,LA,JJ,GRU,GIG,Airbus,Narrow,A320,A321,321,113,"24,698","5,186,580","6,780"
2026-06,LA,JJ,GRU,GYN,Airbus,Narrow,A320,A319,319,2,276,"138,000",195
2026-06,LA,JJ,GRU,GYN,Airbus,Narrow,A320,A320,320,54,"9,400","4,700,000","5,310"
2026-06,LA,JJ,GRU,GYN,Airbus,Narrow,A320,A321,321,85,"18,530","9,265,000","8,435"
2026-06,LA,JJ,GRU,IGU,Airbus,Narrow,A320,A319,319,6,838,"444,978",630
2026-06,LA,JJ,GRU,IGU,Airbus,Narrow,A320,A320,320,54,"9,478","5,032,818","5,695"
2026-06,LA,JJ,GRU,IGU,Airbus,Narrow,A320,A321,321,67,"14,708","7,809,948","7,155"
2026-06,LA,JJ,GRU,IMP,Airbus,Narrow,A320,A319,319,5,688,"848,304",900
2026-06,LA,JJ,GRU,IMP,Airbus,Narrow,A320,A320,320,25,"4,294","5,294,502","4,500"
2026-06,LA,JJ,GRU,IOS,Airbus,Narrow,A320,A319,319,1,138,"105,846",120
2026-06,LA,JJ,GRU,IOS,Airbus,Narrow,A320,A320,320,56,"9,646","7,398,482","6,720"
2026-06,LA,JJ,GRU,IZA,Airbus,Narrow,A320,A319,319,4,560,"139,440",245
2026-06,LA,JJ,GRU,IZA,Airbus,Narrow,A320,A320,320,23,"4,048","1,007,952","1,390"
2026-06,LA,JJ,GRU,JDO,Airbus,Narrow,A320,A319,319,3,416,"504,608",525
2026-06,LA,JJ,GRU,JDO,Airbus,Narrow,A320,A320,320,23,"4,034","4,893,242","4,010"
2026-06,LA,JJ,GRU,JDO,Airbus,Narrow,A320,A321,321,20,"4,388","5,322,644","3,490"
2026-06,LA,JJ,GRU,JFK,Boeing,Wide,B787,B787-9,789,31,"9,238","43,834,310","18,145"
2026-06,LA,JJ,GRU,JJD,Airbus,Narrow,A320,A319,319,3,408,"599,352",615
2026-06,LA,JJ,GRU,JJD,Airbus,Narrow,A320,A320,320,32,"5,482","8,053,058","6,555"
2026-06,LA,JJ,GRU,JJD,Airbus,Narrow,A320,A321,321,11,"2,394","3,516,786","2,245"
2026-06,LA,JJ,GRU,JJG,Airbus,Narrow,A320,A319,319,4,542,"214,090",325
2026-06,LA,JJ,GRU,JJG,Airbus,Narrow,A320,A320,320,24,"4,134","1,632,930","2,040"
2026-06,LA,JJ,GRU,JNB,Boeing,Wide,B787,B787-9,789,21,"6,258","28,974,540","10,730"
2026-06,LA,JJ,GRU,JOI,Airbus,Narrow,A320,A319,319,8,"1,096","263,040",555
2026-06,LA,JJ,GRU,JOI,Airbus,Narrow,A320,A320,320,36,"6,216","1,491,840","2,500"
2026-06,LA,JJ,GRU,JPA,Airbus,Narrow,A320,A320,320,15,"2,626","3,563,482","2,850"
2026-06,LA,JJ,GRU,JPA,Airbus,Narrow,A320,A321,321,77,"16,840","22,851,880","14,615"
2026-06,LA,JJ,GRU,LAX,Boeing,Wide,B787,B787-9,789,21,"6,266","38,573,496","15,330"
2026-06,LA,JJ,GRU,LDB,Airbus,Narrow,A320,A319,319,10,"1,394","412,624",750
2026-06,LA,JJ,GRU,LDB,Airbus,Narrow,A320,A320,320,62,"10,862","3,215,152","4,640"
2026-06,LA,JJ,GRU,LDB,Airbus,Narrow,A320,A321,321,14,"3,064","906,944","1,045"
2026-06,LA,JJ,GRU,LHR,Boeing,Wide,B777,B777-300 Passenger,773,30,"12,300","72,114,900","20,250"
2026-06,LA,JJ,GRU,LIM,Airbus,Narrow,A320,A320,320,37,"6,308","13,625,280","11,710"
2026-06,LA,JJ,GRU,LIM,Airbus,Narrow,A320,A321,321,5,"1,070","2,311,200","1,595"
2026-06,LA,JJ,GRU,LIM,Boeing,Wide,B787,B787-9,789,12,"3,600","7,776,000","3,840"
2026-06,LA,JJ,GRU,LIS,Boeing,Wide,B777,B777-300 Passenger,773,37,"15,170","74,560,550","21,300"
2026-06,LA,JJ,GRU,LIS,Boeing,Wide,B787,B787-9,789,6,"1,800","8,847,000","3,425"
2026-06,LA,JJ,GRU,MAD,Boeing,Wide,B777,B777-300 Passenger,773,6,"2,460","12,769,860","3,600"
2026-06,LA,JJ,GRU,MAD,Boeing,Wide,B787,B787-9,789,14,"4,172","21,656,852","8,415"
2026-06,LA,JJ,GRU,MAO,Airbus,Narrow,A320,A320,320,29,"4,966","8,298,186","6,880"
2026-06,LA,JJ,GRU,MAO,Airbus,Narrow,A320,A321,321,92,"19,754","33,008,934","21,795"
2026-06,LA,JJ,GRU,MCO,Boeing,Wide,B787,B787-9,789,51,"15,300","65,116,800","26,955"
2026-06,LA,JJ,GRU,MCP,Airbus,Narrow,A320,A320,320,24,"4,224","6,944,256","5,640"
2026-06,LA,JJ,GRU,MCZ,Airbus,Narrow,A320,A319,319,6,816,"970,224","1,020"
2026-06,LA,JJ,GRU,MCZ,Airbus,Narrow,A320,A320,320,38,"6,544","7,780,816","6,460"
2026-06,LA,JJ,GRU,MCZ,Airbus,Narrow,A320,A321,321,103,"22,296","26,509,944","17,490"
2026-06,LA,JJ,GRU,MDZ,Airbus,Narrow,A320,A320,320,16,"2,752","4,139,008","3,825"
2026-06,LA,JJ,GRU,MDZ,Airbus,Narrow,A320,A321,321,1,218,"327,872",240
2026-06,LA,JJ,GRU,MEX,Boeing,Wide,B787,B787-9,789,29,"8,642","39,856,904","16,190"
2026-06,LA,JJ,GRU,MGF,Airbus,Narrow,A320,A319,319,9,"1,248","433,056",765
2026-06,LA,JJ,GRU,MGF,Airbus,Narrow,A320,A320,320,22,"3,822","1,326,234","1,885"
2026-06,LA,JJ,GRU,MGF,Airbus,Narrow,A320,A321,321,58,"12,684","4,401,348","5,055"
2026-06,LA,JJ,GRU,MIA,Boeing,Wide,B777,B777-300 Passenger,773,30,"12,300","50,085,600","15,125"
2026-06,LA,JJ,GRU,MIA,Boeing,Wide,B787,B787-9,789,34,"10,074","41,021,328","16,880"
2026-06,LA,JJ,GRU,MOC,Airbus,Narrow,A320,A319,319,9,"1,244","614,536",810
2026-06,LA,JJ,GRU,MOC,Airbus,Narrow,A320,A320,320,21,"3,654","1,805,076","1,890"
2026-06,LA,JJ,GRU,MVD,Airbus,Narrow,A320,A320,320,59,"10,156","9,891,944","9,355"
2026-06,LA,JJ,GRU,MVD,Airbus,Narrow,A320,A321,321,19,"4,106","3,999,244","3,035"
2026-06,LA,JJ,GRU,MXP,Boeing,Wide,B777,B777-300 Passenger,773,30,"12,300","72,336,300","20,175"
2026-06,LA,JJ,GRU,NAT,Airbus,Narrow,A320,A320,320,26,"4,530","6,441,660","5,025"
2026-06,LA,JJ,GRU,NAT,Airbus,Narrow,A320,A321,321,95,"20,706","29,443,932","18,415"
2026-06,LA,JJ,GRU,NVT,Airbus,Narrow,A320,A319,319,14,"1,922","526,628",985
2026-06,LA,JJ,GRU,NVT,Airbus,Narrow,A320,A320,320,103,"17,952","4,918,848","7,205"
2026-06,LA,JJ,GRU,OPS,Airbus,Narrow,A320,A319,319,1,138,"136,068",155
2026-06,LA,JJ,GRU,OPS,Airbus,Narrow,A320,A320,320,29,"5,046","4,975,356","4,495"
2026-06,LA,JJ,GRU,PET,Airbus,Narrow,A320,A319,319,12,"1,632","1,099,968","1,440"
2026-06,LA,JJ,GRU,PFB,Airbus,Narrow,A320,A319,319,2,278,"137,054",200
2026-06,LA,JJ,GRU,PFB,Airbus,Narrow,A320,A320,320,39,"6,840","3,372,120","3,875"
2026-06,LA,JJ,GRU,PMW,Airbus,Narrow,A320,A319,319,1,134,"122,208",145
2026-06,LA,JJ,GRU,PMW,Airbus,Narrow,A320,A320,320,40,"6,968","6,354,816","5,915"
2026-06,LA,JJ,GRU,PMW,Airbus,Narrow,A320,A321,321,32,"6,958","6,345,696","4,650"
2026-06,LA,JJ,GRU,PNZ,Airbus,Narrow,A320,A319,319,5,678,"707,154",775
2026-06,LA,JJ,GRU,PNZ,Airbus,Narrow,A320,A320,320,20,"3,476","3,625,468","3,080"
2026-06,LA,JJ,GRU,PNZ,Airbus,Narrow,A320,A321,321,35,"7,628","7,956,004","5,415"
2026-06,LA,JJ,GRU,POA,Airbus,Narrow,A320,A319,319,1,138,"74,106",105
2026-06,LA,JJ,GRU,POA,Airbus,Narrow,A320,A320,320,94,"16,328","8,768,136","9,855"
2026-06,LA,JJ,GRU,POA,Airbus,Narrow,A320,A321,321,135,"29,452","15,815,724","14,155"
2026-06,LA,JJ,GRU,PVH,Airbus,Narrow,A320,A320,320,11,"1,936","2,969,824","2,405"
2026-06,LA,JJ,GRU,PVH,Airbus,Narrow,A320,A321,321,19,"4,180","6,412,120","4,185"
2026-06,LA,JJ,GRU,RAO,Airbus,Narrow,A320,A319,319,21,"2,896","518,384","1,260"
2026-06,LA,JJ,GRU,RAO,Airbus,Narrow,A320,A320,320,5,872,"156,088",300
2026-06,LA,JJ,GRU,RBR,Airbus,Narrow,A320,A320,320,9,"1,542","2,599,812","2,165"
2026-06,LA,JJ,GRU,RBR,Airbus,Narrow,A320,A321,321,3,654,"1,102,644",720
2026-06,LA,JJ,GRU,REC,Airbus,Narrow,A320,A319,319,2,276,"359,352",360
2026-06,LA,JJ,GRU,REC,Airbus,Narrow,A320,A320,320,39,"6,778","8,824,956","7,045"
2026-06,LA,JJ,GRU,REC,Airbus,Narrow,A320,A321,321,135,"29,308","38,159,016","24,565"
2026-06,LA,JJ,GRU,ROS,Airbus,Narrow,A320,A320,320,17,"2,960","3,220,480","3,260"
2026-06,LA,JJ,GRU,SCL,Airbus,Narrow,A320,A320,320,46,"7,916","12,871,416","11,955"
2026-06,LA,JJ,GRU,SCL,Airbus,Narrow,A320,A321,321,16,"3,460","5,625,960","4,160"
2026-06,LA,JJ,GRU,SDU,Airbus,Narrow,A320,A319,319,62,"8,626","1,845,964","3,560"
2026-06,LA,JJ,GRU,SJP,Airbus,Narrow,A320,A319,319,3,416,"108,160",210
2026-06,LA,JJ,GRU,SJP,Airbus,Narrow,A320,A320,320,40,"7,006","1,821,560","2,800"
2026-06,LA,JJ,GRU,SLZ,Airbus,Narrow,A320,A319,319,1,138,"198,858",205
2026-06,LA,JJ,GRU,SLZ,Airbus,Narrow,A320,A320,320,13,"2,254","3,248,014","2,655"
2026-06,LA,JJ,GRU,SLZ,Airbus,Narrow,A320,A321,321,106,"23,110","33,301,510","21,650"
2026-06,LA,JJ,GRU,SSA,Airbus,Narrow,A320,A319,319,6,838,"753,362",840
2026-06,LA,JJ,GRU,SSA,Airbus,Narrow,A320,A320,320,85,"14,848","13,348,352","11,850"
2026-06,LA,JJ,GRU,SSA,Airbus,Narrow,A320,A321,321,91,"19,856","17,850,544","12,770"
2026-06,LA,JJ,GRU,THE,Airbus,Narrow,A320,A320,320,21,"3,600","4,629,600","3,895"
2026-06,LA,JJ,GRU,THE,Airbus,Narrow,A320,A321,321,69,"14,898","19,158,828","12,895"
2026-06,LA,JJ,GRU,UBA,Airbus,Narrow,A320,A319,319,2,280,"75,320",140
2026-06,LA,JJ,GRU,UBA,Airbus,Narrow,A320,A320,320,9,"1,584","426,096",625
2026-06,LA,JJ,GRU,UDI,Airbus,Narrow,A320,A319,319,9,"1,240","411,680",675
2026-06,LA,JJ,GRU,UDI,Airbus,Narrow,A320,A320,320,92,"15,980","5,305,360","6,900"
2026-06,LA,JJ,GRU,VDC,Airbus,Narrow,A320,A319,319,2,274,"189,060",225
2026-06,LA,JJ,GRU,VDC,Airbus,Narrow,A320,A320,320,21,"3,694","2,548,860","2,380"
2026-06,LA,JJ,GRU,VDC,Airbus,Narrow,A320,A321,321,37,"8,100","5,589,000","4,180"
2026-06,LA,JJ,GRU,VIX,Airbus,Narrow,A320,A319,319,7,964,"436,692",595
2026-06,LA,JJ,GRU,VIX,Airbus,Narrow,A320,A320,320,61,"10,598","4,800,894","5,180"
2026-06,LA,JJ,GRU,VIX,Airbus,Narrow,A320,A321,321,78,"16,968","7,686,504","6,615"
2026-06,LA,JJ,GRU,XAP,Airbus,Narrow,A320,A319,319,8,"1,084","498,640",800
2026-06,LA,JJ,GRU,XAP,Airbus,Narrow,A320,A320,320,76,"13,182","6,063,720","7,560"
2026-06,LA,JJ,GYN,BSB,Airbus,Narrow,A320,A319,319,6,828,"83,628",280
2026-06,LA,JJ,GYN,BSB,Airbus,Narrow,A320,A320,320,60,"10,438","1,054,238","2,810"
2026-06,LA,JJ,GYN,BSB,Airbus,Narrow,A320,A321,321,14,"3,052","308,252",660
2026-06,LA,JJ,GYN,CGH,Airbus,Narrow,A320,A319,319,31,"4,248","2,157,984","3,035"
2026-06,LA,JJ,GYN,CGH,Airbus,Narrow,A320,A320,320,119,"20,562","10,445,496","11,840"
2026-06,LA,JJ,GYN,GRU,Airbus,Narrow,A320,A319,319,3,412,"206,000",335
2026-06,LA,JJ,GYN,GRU,Airbus,Narrow,A320,A320,320,52,"9,008","4,504,000","5,405"
2026-06,LA,JJ,GYN,GRU,Airbus,Narrow,A320,A321,321,86,"18,676","9,338,000","8,870"
2026-06,LA,JJ,IGU,BSB,Airbus,Narrow,A320,A320,320,1,174,"137,808",120
2026-06,LA,JJ,IGU,BSB,Airbus,Narrow,A320,A321,321,29,"6,264","4,961,088","3,480"
2026-06,LA,JJ,IGU,CGH,Airbus,Narrow,A320,A319,319,10,"1,394","719,304",910
2026-06,LA,JJ,IGU,CGH,Airbus,Narrow,A320,A320,320,55,"9,656","4,982,496","5,155"
2026-06,LA,JJ,IGU,CWB,Airbus,Narrow,A320,A320,320,40,"6,936","2,344,368","2,800"
2026-06,LA,JJ,IGU,GIG,Airbus,Narrow,A320,A319,319,1,140,"103,600",120
2026-06,LA,JJ,IGU,GIG,Airbus,Narrow,A320,A320,320,15,"2,628","1,944,720","1,745"
2026-06,LA,JJ,IGU,GIG,Airbus,Narrow,A320,A321,321,30,"6,490","4,802,600","3,450"
2026-06,LA,JJ,IGU,GRU,Airbus,Narrow,A320,A319,319,5,696,"369,576",525
2026-06,LA,JJ,IGU,GRU,Airbus,Narrow,A320,A320,320,54,"9,450","5,017,950","5,605"
2026-06,LA,JJ,IGU,GRU,Airbus,Narrow,A320,A321,321,68,"14,936","7,931,016","6,965"
2026-06,LA,JJ,IMP,BSB,Airbus,Narrow,A320,A319,319,8,"1,082","768,220",920
2026-06,LA,JJ,IMP,BSB,Airbus,Narrow,A320,A320,320,22,"3,774","2,679,540","2,530"
2026-06,LA,JJ,IMP,GRU,Airbus,Narrow,A320,A319,319,5,676,"833,508",910
2026-06,LA,JJ,IMP,GRU,Airbus,Narrow,A320,A320,320,25,"4,272","5,267,376","4,595"
2026-06,LA,JJ,IOS,CGH,Airbus,Narrow,A320,A319,319,16,"2,240","1,756,160","2,240"
2026-06,LA,JJ,IOS,CGH,Airbus,Narrow,A320,A320,320,13,"2,288","1,793,792","1,820"
2026-06,LA,JJ,IOS,GRU,Airbus,Narrow,A320,A319,319,1,136,"104,312",130
2026-06,LA,JJ,IOS,GRU,Airbus,Narrow,A320,A320,320,56,"9,626","7,383,142","7,285"
2026-06,LA,JJ,IZA,GRU,Airbus,Narrow,A320,A319,319,4,560,"139,440",280
2026-06,LA,JJ,IZA,GRU,Airbus,Narrow,A320,A320,320,23,"4,048","1,007,952","1,610"
2026-06,LA,JJ,JDO,FOR,Airbus,Narrow,A320,A319,319,1,136,"32,776",60
2026-06,LA,JJ,JDO,FOR,Airbus,Narrow,A320,A320,320,9,"1,560","375,960",540
2026-06,LA,JJ,JDO,FOR,Airbus,Narrow,A320,A321,321,6,"1,304","314,264",360
2026-06,LA,JJ,JDO,GRU,Airbus,Narrow,A320,A319,319,3,416,"504,608",560
2026-06,LA,JJ,JDO,GRU,Airbus,Narrow,A320,A320,320,27,"4,728","5,735,064","4,975"
2026-06,LA,JJ,JDO,GRU,Airbus,Narrow,A320,A321,321,15,"3,288","3,988,344","2,795"
2026-06,LA,JJ,JFK,GRU,Boeing,Wide,B787,B787-9,789,31,"9,238","43,834,310","18,110"
2026-06,LA,JJ,JJD,GRU,Airbus,Narrow,A320,A319,319,3,408,"599,352",625
2026-06,LA,JJ,JJD,GRU,Airbus,Narrow,A320,A320,320,32,"5,452","8,008,988","6,720"
2026-06,LA,JJ,JJD,GRU,Airbus,Narrow,A320,A321,321,11,"2,390","3,510,910","2,310"
2026-06,LA,JJ,JJG,GRU,Airbus,Narrow,A320,A319,319,4,554,"218,830",400
2026-06,LA,JJ,JJG,GRU,Airbus,Narrow,A320,A320,320,24,"4,188","1,654,260","2,405"
2026-06,LA,JJ,JNB,GRU,Boeing,Wide,B787,B787-9,789,21,"6,258","28,974,540","13,045"
2026-06,LA,JJ,JOI,CGH,Airbus,Narrow,A320,A319,319,11,"1,490","330,780",715
2026-06,LA,JJ,JOI,CGH,Airbus,Narrow,A320,A320,320,19,"3,262","724,164","1,235"
2026-06,LA,JJ,JOI,GRU,Airbus,Narrow,A320,A319,319,8,"1,096","263,040",560
2026-06,LA,JJ,JOI,GRU,Airbus,Narrow,A320,A320,320,36,"6,204","1,488,960","2,520"
2026-06,LA,JJ,JPA,BSB,Airbus,Narrow,A320,A320,320,14,"2,448","2,602,224","2,340"
2026-06,LA,JJ,JPA,BSB,Airbus,Narrow,A320,A321,321,44,"9,640","10,247,320","7,375"
2026-06,LA,JJ,JPA,CGH,Airbus,Narrow,A320,A319,319,14,"1,948","2,676,552","2,940"
2026-06,LA,JJ,JPA,CGH,Airbus,Narrow,A320,A320,320,21,"3,676","5,050,824","4,410"
2026-06,LA,JJ,JPA,GIG,Airbus,Narrow,A320,A320,320,7,"1,232","1,490,720","1,255"
2026-06,LA,JJ,JPA,GIG,Airbus,Narrow,A320,A321,321,5,"1,100","1,331,000",895
2026-06,LA,JJ,JPA,GRU,Airbus,Narrow,A320,A319,319,3,418,"567,226",585
2026-06,LA,JJ,JPA,GRU,Airbus,Narrow,A320,A320,320,12,"2,094","2,841,558","2,415"
2026-06,LA,JJ,JPA,GRU,Airbus,Narrow,A320,A321,321,76,"16,570","22,485,490","15,675"
2026-06,LA,JJ,LAX,GRU,Boeing,Wide,B787,B787-9,789,21,"6,266","38,573,496","14,615"
2026-06,LA,JJ,LDB,CGH,Airbus,Narrow,A320,A319,319,7,944,"269,040",490
2026-06,LA,JJ,LDB,CGH,Airbus,Narrow,A320,A320,320,30,"5,222","1,488,270","2,085"
2026-06,LA,JJ,LDB,GRU,Airbus,Narrow,A320,A319,319,10,"1,378","407,888",715
2026-06,LA,JJ,LDB,GRU,Airbus,Narrow,A320,A320,320,62,"10,784","3,192,064","4,820"
2026-06,LA,JJ,LDB,GRU,Airbus,Narrow,A320,A321,321,14,"3,058","905,168","1,040"
2026-06,LA,JJ,LHR,GRU,Boeing,Wide,B777,B777-300 Passenger,773,30,"12,300","72,114,900","20,550"
2026-06,LA,JJ,LIM,GRU,Airbus,Narrow,A320,A320,320,37,"6,310","13,629,600","10,840"
2026-06,LA,JJ,LIM,GRU,Airbus,Narrow,A320,A321,321,5,"1,076","2,324,160","1,455"
2026-06,LA,JJ,LIM,GRU,Boeing,Wide,B787,B787-9,789,12,"3,600","7,776,000","3,300"
2026-06,LA,JJ,LIS,FOR,Boeing,Wide,B787,B787-9,789,10,"3,000","10,434,000","4,800"
2026-06,LA,JJ,LIS,GRU,Boeing,Wide,B777,B777-300 Passenger,773,37,"15,170","74,560,550","22,400"
2026-06,LA,JJ,LIS,GRU,Boeing,Wide,B787,B787-9,789,6,"1,796","8,827,340","3,640"
2026-06,LA,JJ,MAB,BSB,Airbus,Narrow,A320,A319,319,18,"2,456","1,783,056","2,250"
2026-06,LA,JJ,MAB,BSB,Airbus,Narrow,A320,A320,320,10,"1,724","1,251,624","1,250"
2026-06,LA,JJ,MAD,GRU,Boeing,Wide,B777,B777-300 Passenger,773,7,"2,870","14,898,170","4,445"
2026-06,LA,JJ,MAD,GRU,Boeing,Wide,B787,B787-9,789,13,"3,874","20,109,934","8,255"
2026-06,LA,JJ,MAO,BEL,Airbus,Narrow,A320,A320,320,5,880,"711,040",650
2026-06,LA,JJ,MAO,BEL,Airbus,Narrow,A320,A321,321,4,880,"711,040",520
2026-06,LA,JJ,MAO,BSB,Airbus,Narrow,A320,A320,320,32,"5,570","6,728,560","5,615"
2026-06,LA,JJ,MAO,BSB,Airbus,Narrow,A320,A321,321,25,"5,430","6,559,440","4,495"
2026-06,LA,JJ,MAO,FOR,Airbus,Narrow,A320,A320,320,17,"2,984","4,434,224","3,485"
2026-06,LA,JJ,MAO,FOR,Airbus,Narrow,A320,A321,321,27,"5,880","8,737,680","5,535"
2026-06,LA,JJ,MAO,GIG,Airbus,Narrow,A320,A320,320,13,"2,282","4,027,730","3,250"
2026-06,LA,JJ,MAO,GIG,Airbus,Narrow,A320,A321,321,2,438,"773,070",500
2026-06,LA,JJ,MAO,GRU,Airbus,Narrow,A320,A320,320,26,"4,472","7,472,712","6,120"
2026-06,LA,JJ,MAO,GRU,Airbus,Narrow,A320,A321,321,95,"20,502","34,258,842","22,345"
2026-06,LA,JJ,MCO,GRU,Boeing,Wide,B787,B787-9,789,51,"15,096","64,248,576","26,130"
2026-06,LA,JJ,MCP,BEL,Airbus,Narrow,A320,A320,320,34,"5,984","1,220,736","1,870"
2026-06,LA,JJ,MCP,BSB,Airbus,Narrow,A320,A319,319,15,"2,100","2,339,400","2,465"
2026-06,LA,JJ,MCP,BSB,Airbus,Narrow,A320,A320,320,14,"2,464","2,744,896","2,280"
2026-06,LA,JJ,MCP,GRU,Airbus,Narrow,A320,A320,320,24,"4,224","6,944,256","5,635"
2026-06,LA,JJ,MCZ,BSB,Airbus,Narrow,A320,A319,319,5,700,"648,900",750
2026-06,LA,JJ,MCZ,BSB,Airbus,Narrow,A320,A320,320,12,"2,112","1,957,824","1,800"
2026-06,LA,JJ,MCZ,BSB,Airbus,Narrow,A320,A321,321,35,"7,692","7,130,484","5,250"
2026-06,LA,JJ,MCZ,CGH,Airbus,Narrow,A320,A319,319,13,"1,820","2,196,740","2,460"
2026-06,LA,JJ,MCZ,CGH,Airbus,Narrow,A320,A320,320,41,"7,160","8,642,120","7,740"
2026-06,LA,JJ,MCZ,GRU,Airbus,Narrow,A320,A319,319,5,692,"822,788",920
2026-06,LA,JJ,MCZ,GRU,Airbus,Narrow,A320,A320,320,35,"6,068","7,214,852","6,465"
2026-06,LA,JJ,MCZ,GRU,Airbus,Narrow,A320,A321,321,103,"22,346","26,569,394","19,090"
2026-06,LA,JJ,MDZ,GRU,Airbus,Narrow,A320,A320,320,16,"2,752","4,139,008","3,280"
2026-06,LA,JJ,MDZ,GRU,Airbus,Narrow,A320,A321,321,1,218,"327,872",205
2026-06,LA,JJ,MEX,GRU,Boeing,Wide,B787,B787-9,789,29,"8,642","39,856,904","15,755"
2026-06,LA,JJ,MGF,CGH,Airbus,Narrow,A320,A319,319,5,686,"229,810",400
2026-06,LA,JJ,MGF,CGH,Airbus,Narrow,A320,A320,320,25,"4,308","1,443,180","2,000"
2026-06,LA,JJ,MGF,GRU,Airbus,Narrow,A320,A319,319,9,"1,254","435,138",880
2026-06,LA,JJ,MGF,GRU,Airbus,Narrow,A320,A320,320,22,"3,800","1,318,600","1,990"
2026-06,LA,JJ,MGF,GRU,Airbus,Narrow,A320,A321,321,58,"12,558","4,357,626","4,860"
2026-06,LA,JJ,MIA,FOR,Boeing,Wide,B787,B787-9,789,4,"1,184","4,094,272","1,640"
2026-06,LA,JJ,MIA,GRU,Boeing,Wide,B777,B777-300 Passenger,773,30,"12,300","50,085,600","14,990"
2026-06,LA,JJ,MIA,GRU,Boeing,Wide,B787,B787-9,789,34,"10,182","41,461,104","17,020"
2026-06,LA,JJ,MOC,GRU,Airbus,Narrow,A320,A319,319,9,"1,244","614,536",855
2026-06,LA,JJ,MOC,GRU,Airbus,Narrow,A320,A320,320,21,"3,648","1,802,112","1,995"
2026-06,LA,JJ,MVD,GRU,Airbus,Narrow,A320,A320,320,60,"10,324","10,055,576","9,575"
2026-06,LA,JJ,MVD,GRU,Airbus,Narrow,A320,A321,321,18,"3,888","3,786,912","2,820"
2026-06,LA,JJ,MXP,GRU,Boeing,Wide,B777,B777-300 Passenger,773,30,"12,300","72,336,300","21,600"
2026-06,LA,JJ,NAT,BSB,Airbus,Narrow,A320,A320,320,2,352,"386,496",340
2026-06,LA,JJ,NAT,BSB,Airbus,Narrow,A320,A321,321,56,"12,188","13,382,424","9,370"
2026-06,LA,JJ,NAT,CGH,Airbus,Narrow,A320,A319,319,32,"4,384","6,308,576","6,800"
2026-06,LA,JJ,NAT,CGH,Airbus,Narrow,A320,A320,320,17,"2,940","4,230,660","3,625"
2026-06,LA,JJ,NAT,FOR,Airbus,Narrow,A320,A321,321,31,"6,646","1,708,022","2,015"
2026-06,LA,JJ,NAT,GRU,Airbus,Narrow,A320,A320,320,25,"4,334","6,162,948","5,210"
2026-06,LA,JJ,NAT,GRU,Airbus,Narrow,A320,A321,321,95,"20,650","29,364,300","19,820"
2026-06,LA,JJ,NVT,CGH,Airbus,Narrow,A320,A319,319,27,"3,710","949,760","1,710"
2026-06,LA,JJ,NVT,CGH,Airbus,Narrow,A320,A320,320,98,"16,952","4,339,712","6,390"
2026-06,LA,JJ,NVT,GRU,Airbus,Narrow,A320,A319,319,16,"2,184","598,416","1,180"
2026-06,LA,JJ,NVT,GRU,Airbus,Narrow,A320,A320,320,101,"17,468","4,786,232","7,540"
2026-06,LA,JJ,OPS,BSB,Airbus,Narrow,A320,A319,319,1,138,"79,902",105
2026-06,LA,JJ,OPS,BSB,Airbus,Narrow,A320,A320,320,29,"5,048","2,922,792","3,045"
2026-06,LA,JJ,OPS,GRU,Airbus,Narrow,A320,A319,319,1,138,"136,068",150
2026-06,LA,JJ,OPS,GRU,Airbus,Narrow,A320,A320,320,29,"5,046","4,975,356","4,355"
2026-06,LA,JJ,PET,GRU,Airbus,Narrow,A320,A319,319,12,"1,662","1,120,188","1,440"
2026-06,LA,JJ,PFB,GRU,Airbus,Narrow,A320,A319,319,2,280,"138,040",185
2026-06,LA,JJ,PFB,GRU,Airbus,Narrow,A320,A320,320,39,"6,838","3,371,134","3,695"
2026-06,LA,JJ,PHB,FOR,Airbus,Narrow,A320,A319,319,1,134,"30,686",65
2026-06,LA,JJ,PHB,FOR,Airbus,Narrow,A320,A320,320,7,"1,190","272,510",435
2026-06,LA,JJ,PMW,BSB,Airbus,Narrow,A320,A319,319,7,980,"376,320",525
2026-06,LA,JJ,PMW,BSB,Airbus,Narrow,A320,A320,320,13,"2,284","877,056",975
2026-06,LA,JJ,PMW,BSB,Airbus,Narrow,A320,A321,321,13,"2,856","1,096,704",975
2026-06,LA,JJ,PMW,GRU,Airbus,Narrow,A320,A319,319,1,134,"122,208",140
2026-06,LA,JJ,PMW,GRU,Airbus,Narrow,A320,A320,320,41,"7,068","6,446,016","5,895"
2026-06,LA,JJ,PMW,GRU,Airbus,Narrow,A320,A321,321,31,"6,744","6,150,528","4,430"
2026-06,LA,JJ,PNZ,GRU,Airbus,Narrow,A320,A319,319,5,700,"730,100",820
2026-06,LA,JJ,PNZ,GRU,Airbus,Narrow,A320,A320,320,21,"3,666","3,823,638","3,455"
2026-06,LA,JJ,PNZ,GRU,Airbus,Narrow,A320,A321,321,34,"7,356","7,672,308","5,605"
2026-06,LA,JJ,POA,AEP,Airbus,Narrow,A320,A320,320,13,"2,240","1,182,720","1,430"
2026-06,LA,JJ,POA,BSB,Airbus,Narrow,A320,A319,319,1,138,"137,172",150
2026-06,LA,JJ,POA,BSB,Airbus,Narrow,A320,A320,320,56,"9,712","9,653,728","8,420"
2026-06,LA,JJ,POA,BSB,Airbus,Narrow,A320,A321,321,26,"5,656","5,622,064","4,015"
2026-06,LA,JJ,POA,CGH,Airbus,Narrow,A320,A319,319,40,"5,454","2,830,626","3,800"
2026-06,LA,JJ,POA,CGH,Airbus,Narrow,A320,A320,320,223,"38,262","19,857,978","21,180"
2026-06,LA,JJ,POA,CNF,Airbus,Narrow,A320,A320,320,52,"8,936","7,541,984","6,690"
2026-06,LA,JJ,POA,CNF,Airbus,Narrow,A320,A321,321,1,220,"185,680",130
2026-06,LA,JJ,POA,CWB,Airbus,Narrow,A320,A319,319,1,134,"44,354",70
2026-06,LA,JJ,POA,CWB,Airbus,Narrow,A320,A320,320,51,"8,790","2,909,490","3,570"
2026-06,LA,JJ,POA,CWB,Airbus,Narrow,A320,A321,321,1,220,"72,820",70
2026-06,LA,JJ,POA,FLN,Airbus,Narrow,A320,A319,319,1,140,"31,500",50
2026-06,LA,JJ,POA,FLN,Airbus,Narrow,A320,A320,320,29,"5,104","1,148,400","1,450"
2026-06,LA,JJ,POA,GIG,Airbus,Narrow,A320,A320,320,94,"16,168","11,269,096","10,810"
2026-06,LA,JJ,POA,GIG,Airbus,Narrow,A320,A321,321,4,864,"602,208",460
2026-06,LA,JJ,POA,GRU,Airbus,Narrow,A320,A320,320,71,"12,342","6,627,654","7,435"
2026-06,LA,JJ,POA,GRU,Airbus,Narrow,A320,A321,321,158,"34,270","18,402,990","16,585"
2026-06,LA,JJ,POA,SSA,Airbus,Narrow,A320,A320,320,8,"1,408","2,019,072","1,360"
2026-06,LA,JJ,PVH,BSB,Airbus,Narrow,A320,A319,319,2,280,"331,800",320
2026-06,LA,JJ,PVH,BSB,Airbus,Narrow,A320,A320,320,15,"2,640","3,128,400","2,425"
2026-06,LA,JJ,PVH,BSB,Airbus,Narrow,A320,A321,321,16,"3,520","4,171,200","2,585"
2026-06,LA,JJ,PVH,GRU,Airbus,Narrow,A320,A320,320,11,"1,932","2,963,688","2,415"
2026-06,LA,JJ,PVH,GRU,Airbus,Narrow,A320,A321,321,18,"3,946","6,053,164","3,965"
2026-06,LA,JJ,RAO,CGH,Airbus,Narrow,A320,A319,319,13,"1,792","333,312",845
2026-06,LA,JJ,RAO,CGH,Airbus,Narrow,A320,A320,320,27,"4,678","870,108","1,735"
2026-06,LA,JJ,RAO,GRU,Airbus,Narrow,A320,A319,319,20,"2,756","493,324","1,600"
2026-06,LA,JJ,RAO,GRU,Airbus,Narrow,A320,A320,320,5,868,"155,372",400
2026-06,LA,JJ,RBR,BSB,Airbus,Narrow,A320,A319,319,21,"2,916","4,082,400","3,985"
2026-06,LA,JJ,RBR,BSB,Airbus,Narrow,A320,A320,320,8,"1,396","1,954,400","1,510"
2026-06,LA,JJ,RBR,BSB,Airbus,Narrow,A320,A321,321,1,216,"302,400",190
2026-06,LA,JJ,RBR,GRU,Airbus,Narrow,A320,A320,320,9,"1,542","2,599,812","2,120"
2026-06,LA,JJ,RBR,GRU,Airbus,Narrow,A320,A321,321,3,654,"1,102,644",705
2026-06,LA,JJ,REC,BSB,Airbus,Narrow,A320,A319,319,4,554,"568,958",655
2026-06,LA,JJ,REC,BSB,Airbus,Narrow,A320,A320,320,49,"8,596","8,828,092","8,025"
2026-06,LA,JJ,REC,BSB,Airbus,Narrow,A320,A321,321,38,"8,288","8,511,776","6,270"
2026-06,LA,JJ,REC,CGH,Airbus,Narrow,A320,A319,319,18,"2,470","3,257,930","3,735"
2026-06,LA,JJ,REC,CGH,Airbus,Narrow,A320,A320,320,108,"18,680","24,638,920","22,545"
2026-06,LA,JJ,REC,EZE,Airbus,Narrow,A320,A320,320,4,696,"1,649,520","1,320"
2026-06,LA,JJ,REC,FOR,Airbus,Narrow,A320,A319,319,8,"1,090","424,010",680
2026-06,LA,JJ,REC,FOR,Airbus,Narrow,A320,A320,320,32,"5,544","2,156,616","2,720"
2026-06,LA,JJ,REC,FOR,Airbus,Narrow,A320,A321,321,2,434,"168,826",170
2026-06,LA,JJ,REC,GRU,Airbus,Narrow,A320,A320,320,51,"8,824","11,488,848","10,165"
2026-06,LA,JJ,REC,GRU,Airbus,Narrow,A320,A321,321,129,"28,052","36,523,704","25,545"
2026-06,LA,JJ,REC,SCL,Airbus,Narrow,A320,A320,320,2,340,"976,820",800
2026-06,LA,JJ,ROS,GRU,Airbus,Narrow,A320,A320,320,17,"2,960","3,220,480","2,880"
2026-06,LA,JJ,SCL,BSB,Airbus,Narrow,A320,A320,320,6,"1,028","1,921,332","1,500"
2026-06,LA,JJ,SCL,FOR,Airbus,Narrow,A320,A320,320,4,680,"1,979,480","1,460"
2026-06,LA,JJ,SCL,GIG,Airbus,Narrow,A320,A320,320,10,"1,700","3,102,500","2,400"
2026-06,LA,JJ,SCL,GRU,Airbus,Narrow,A320,A320,320,47,"8,092","13,157,592","11,730"
2026-06,LA,JJ,SCL,GRU,Airbus,Narrow,A320,A321,321,15,"3,240","5,268,240","3,750"
2026-06,LA,JJ,SCL,REC,Airbus,Narrow,A320,A320,320,2,340,"976,820",760
2026-06,LA,JJ,SDU,BPS,Airbus,Narrow,A320,A319,319,19,"2,660","1,380,540","2,005"
2026-06,LA,JJ,SDU,BSB,Airbus,Narrow,A320,A319,319,144,"19,760","11,362,000","15,250"
2026-06,LA,JJ,SDU,CGH,Airbus,Narrow,A320,A319,319,543,"74,202","16,918,056","37,100"
2026-06,LA,JJ,SDU,GRU,Airbus,Narrow,A320,A319,319,61,"8,466","1,811,724","4,270"
2026-06,LA,JJ,SDU,SSA,Airbus,Narrow,A320,A319,319,23,"3,220","2,437,540","2,645"
2026-06,LA,JJ,SJP,CGH,Airbus,Narrow,A320,A319,319,3,406,"105,966",195
2026-06,LA,JJ,SJP,CGH,Airbus,Narrow,A320,A320,320,51,"8,786","2,293,146","3,315"
2026-06,LA,JJ,SJP,GRU,Airbus,Narrow,A320,A319,319,3,416,"108,160",230
2026-06,LA,JJ,SJP,GRU,Airbus,Narrow,A320,A320,320,40,"6,954","1,808,040","2,875"
2026-06,LA,JJ,SLZ,BSB,Airbus,Narrow,A320,A320,320,3,528,"499,488",450
2026-06,LA,JJ,SLZ,BSB,Airbus,Narrow,A320,A321,321,49,"10,588","10,016,248","7,350"
2026-06,LA,JJ,SLZ,CGH,Airbus,Narrow,A320,A320,320,22,"3,846","5,599,776","4,620"
2026-06,LA,JJ,SLZ,FOR,Airbus,Narrow,A320,A320,320,7,"1,226","492,852",560
2026-06,LA,JJ,SLZ,FOR,Airbus,Narrow,A320,A321,321,32,"6,918","2,781,036","2,560"
2026-06,LA,JJ,SLZ,GIG,Airbus,Narrow,A320,A320,320,13,"2,288","3,184,896","2,600"
2026-06,LA,JJ,SLZ,GIG,Airbus,Narrow,A320,A321,321,2,440,"612,480",400
2026-06,LA,JJ,SLZ,GRU,Airbus,Narrow,A320,A319,319,1,138,"198,858",210
2026-06,LA,JJ,SLZ,GRU,Airbus,Narrow,A320,A320,320,13,"2,270","3,271,070","2,730"
2026-06,LA,JJ,SLZ,GRU,Airbus,Narrow,A320,A321,321,106,"23,128","33,327,448","22,240"
2026-06,LA,JJ,SSA,BSB,Airbus,Narrow,A320,A319,319,3,406,"273,238",360
2026-06,LA,JJ,SSA,BSB,Airbus,Narrow,A320,A320,320,59,"10,108","6,802,684","7,010"
2026-06,LA,JJ,SSA,BSB,Airbus,Narrow,A320,A321,321,40,"8,660","5,828,180","4,715"
2026-06,LA,JJ,SSA,CGH,Airbus,Narrow,A320,A319,319,42,"5,818","5,335,106","6,540"
2026-06,LA,JJ,SSA,CGH,Airbus,Narrow,A320,A320,320,163,"28,144","25,808,048","25,460"
2026-06,LA,JJ,SSA,FOR,Airbus,Narrow,A320,A319,319,4,558,"350,424",440
2026-06,LA,JJ,SSA,FOR,Airbus,Narrow,A320,A320,320,39,"6,858","4,306,824","4,290"
2026-06,LA,JJ,SSA,FOR,Airbus,Narrow,A320,A321,321,1,220,"138,160",110
2026-06,LA,JJ,SSA,GIG,Airbus,Narrow,A320,A319,319,2,278,"209,334",260
2026-06,LA,JJ,SSA,GIG,Airbus,Narrow,A320,A320,320,51,"8,970","6,754,410","6,630"
2026-06,LA,JJ,SSA,GIG,Airbus,Narrow,A320,A321,321,3,660,"496,980",390
2026-06,LA,JJ,SSA,GRU,Airbus,Narrow,A320,A319,319,7,948,"852,252","1,050"
2026-06,LA,JJ,SSA,GRU,Airbus,Narrow,A320,A320,320,79,"13,662","12,282,138","11,820"
2026-06,LA,JJ,SSA,GRU,Airbus,Narrow,A320,A321,321,95,"20,542","18,467,258","14,225"
2026-06,LA,JJ,SSA,POA,Airbus,Narrow,A320,A320,320,6,"1,056","1,514,304","1,150"
2026-06,LA,JJ,SSA,POA,Airbus,Narrow,A320,A321,321,2,440,"630,960",380
2026-06,LA,JJ,SSA,SDU,Airbus,Narrow,A320,A319,319,23,"3,220","2,437,540","2,645"
2026-06,LA,JJ,STM,BSB,Airbus,Narrow,A320,A319,319,14,"1,942","2,002,202","2,170"
2026-06,LA,JJ,STM,BSB,Airbus,Narrow,A320,A320,320,11,"1,924","1,983,644","1,705"
2026-06,LA,JJ,THE,BSB,Airbus,Narrow,A320,A319,319,1,140,"114,660",130
2026-06,LA,JJ,THE,BSB,Airbus,Narrow,A320,A320,320,26,"4,490","3,677,310","3,460"
2026-06,LA,JJ,THE,BSB,Airbus,Narrow,A320,A321,321,33,"7,164","5,867,316","4,360"
2026-06,LA,JJ,THE,CGH,Airbus,Narrow,A320,A319,319,10,"1,400","1,821,400","1,900"
2026-06,LA,JJ,THE,CGH,Airbus,Narrow,A320,A320,320,5,880,"1,144,880",950
2026-06,LA,JJ,THE,FOR,Airbus,Narrow,A320,A320,320,18,"3,144","968,352","1,260"
2026-06,LA,JJ,THE,FOR,Airbus,Narrow,A320,A321,321,19,"4,094","1,260,952","1,330"
2026-06,LA,JJ,THE,GRU,Airbus,Narrow,A320,A319,319,1,138,"177,468",185
2026-06,LA,JJ,THE,GRU,Airbus,Narrow,A320,A320,320,19,"3,268","4,202,648","3,565"
2026-06,LA,JJ,THE,GRU,Airbus,Narrow,A320,A321,321,70,"15,122","19,446,892","13,200"
2026-06,LA,JJ,UBA,GRU,Airbus,Narrow,A320,A319,319,2,280,"75,320",160
2026-06,LA,JJ,UBA,GRU,Airbus,Narrow,A320,A320,320,9,"1,584","426,096",720
2026-06,LA,JJ,UDI,CGH,Airbus,Narrow,A320,A319,319,9,"1,234","420,794",690
2026-06,LA,JJ,UDI,CGH,Airbus,Narrow,A320,A320,320,43,"7,444","2,538,404","3,270"
2026-06,LA,JJ,UDI,GRU,Airbus,Narrow,A320,A319,319,10,"1,372","455,504",815
2026-06,LA,JJ,UDI,GRU,Airbus,Narrow,A320,A320,320,91,"15,798","5,244,936","7,545"
2026-06,LA,JJ,VCP,BSB,Airbus,Narrow,A320,A319,319,12,"1,658","819,052","1,160"
2026-06,LA,JJ,VCP,BSB,Airbus,Narrow,A320,A320,320,64,"11,140","5,503,160","6,190"
2026-06,LA,JJ,VCP,BSB,Airbus,Narrow,A320,A321,321,5,"1,092","539,448",490
2026-06,LA,JJ,VDC,GRU,Airbus,Narrow,A320,A319,319,2,274,"189,060",240
2026-06,LA,JJ,VDC,GRU,Airbus,Narrow,A320,A320,320,21,"3,682","2,540,580","2,520"
2026-06,LA,JJ,VDC,GRU,Airbus,Narrow,A320,A321,321,37,"8,070","5,568,300","4,435"
2026-06,LA,JJ,VIX,BSB,Airbus,Narrow,A320,A320,320,29,"5,020","2,941,720","3,190"
2026-06,LA,JJ,VIX,BSB,Airbus,Narrow,A320,A321,321,25,"5,424","3,178,464","2,750"
2026-06,LA,JJ,VIX,CGH,Airbus,Narrow,A320,A319,319,22,"3,016","1,417,520","2,200"
2026-06,LA,JJ,VIX,CGH,Airbus,Narrow,A320,A320,320,81,"13,990","6,575,300","8,100"
2026-06,LA,JJ,VIX,GIG,Airbus,Narrow,A320,A319,319,3,414,"106,812",205
2026-06,LA,JJ,VIX,GIG,Airbus,Narrow,A320,A320,320,76,"13,150","3,392,700","5,070"
2026-06,LA,JJ,VIX,GIG,Airbus,Narrow,A320,A321,321,2,432,"111,456",135
2026-06,LA,JJ,VIX,GRU,Airbus,Narrow,A320,A319,319,12,"1,654","749,262","1,105"
2026-06,LA,JJ,VIX,GRU,Airbus,Narrow,A320,A320,320,55,"9,540","4,321,620","5,380"
2026-06,LA,JJ,VIX,GRU,Airbus,Narrow,A320,A321,321,79,"17,160","7,773,480","7,840"
2026-06,LA,JJ,XAP,GRU,Airbus,Narrow,A320,A319,319,8,"1,092","502,320",765
2026-06,LA,JJ,XAP,GRU,Airbus,Narrow,A320,A320,320,76,"13,142","6,045,320","7,380"
2026-06,LA,LA,AEP,SCL,Airbus,Narrow,A320,A320,320,98,"16,876","12,049,464","14,098"
2026-06,LA,LA,AKL,SCL,Boeing,Wide,B787,B787-8,788,6,"1,626","9,773,886","3,930"
2026-06,LA,LA,AKL,SCL,Boeing,Wide,B787,B787-9,789,7,"2,100","12,623,100","4,585"
2026-06,LA,LA,ANF,CCP,Airbus,Narrow,A320,A320,320,14,"2,466","2,298,312","2,038"
2026-06,LA,LA,ANF,CCP,Airbus,Narrow,A320,A321,321,27,"5,978","5,571,496","3,939"
2026-06,LA,LA,ANF,SCL,Airbus,Narrow,A320,A320,320,82,"14,232","9,748,920","9,422"
2026-06,LA,LA,ANF,SCL,Airbus,Narrow,A320,A321,321,149,"32,484","22,251,540","17,120"
2026-06,LA,LA,ARI,SCL,Airbus,Narrow,A320,A320,320,23,"4,006","4,154,222","3,524"
2026-06,LA,LA,ARI,SCL,Airbus,Narrow,A320,A321,321,45,"9,858","10,222,746","6,889"
2026-06,LA,LA,BBA,PMC,Airbus,Narrow,A320,A320,320,2,348,"110,316",136
2026-06,LA,LA,BBA,SCL,Airbus,Narrow,A320,A320,320,10,"1,724","1,492,984","1,430"
2026-06,LA,LA,BOG,SCL,Boeing,Wide,B787,B787-8,788,29,"7,859","20,661,311","10,180"
2026-06,LA,LA,BOG,SCL,Boeing,Wide,B787,B787-9,789,7,"2,128","5,594,512","2,480"
2026-06,LA,LA,BSB,SCL,Airbus,Narrow,A320,A320,320,15,"2,558","4,780,902","4,350"
2026-06,LA,LA,BSB,SCL,Airbus,Narrow,A320,A321,321,1,214,"399,966",290
2026-06,LA,LA,CCP,ANF,Airbus,Narrow,A320,A320,320,14,"2,472","2,303,904","2,015"
2026-06,LA,LA,CCP,ANF,Airbus,Narrow,A320,A321,321,27,"5,996","5,588,272","3,880"
2026-06,LA,LA,CCP,CJC,Airbus,Narrow,A320,A320,320,1,176,"178,640",152
2026-06,LA,LA,CCP,CJC,Airbus,Narrow,A320,A321,321,27,"5,934","6,023,010","4,114"
2026-06,LA,LA,CCP,SCL,Airbus,Narrow,A320,A320,320,38,"6,626","1,769,142","2,584"
2026-06,LA,LA,CCP,SCL,Airbus,Narrow,A320,A321,321,109,"23,800","6,354,600","7,435"
2026-06,LA,LA,CJC,ANF,Airbus,Narrow,A320,A321,321,6,"1,344","157,248",294
2026-06,LA,LA,CJC,CCP,Airbus,Narrow,A320,A320,320,1,174,"176,610",156
2026-06,LA,LA,CJC,CCP,Airbus,Narrow,A320,A321,321,27,"5,938","6,027,070","4,268"
2026-06,LA,LA,CJC,SCL,Airbus,Narrow,A320,A320,320,55,"9,704","7,365,336","6,881"
2026-06,LA,LA,CJC,SCL,Airbus,Narrow,A320,A321,321,179,"39,198","29,751,282","22,430"
2026-06,LA,LA,CNF,SCL,Airbus,Narrow,A320,A320,320,21,"3,642","6,930,726","6,300"
2026-06,LA,LA,COR,SCL,Airbus,Narrow,A320,A320,320,30,"5,192","2,133,912","2,599"
2026-06,LA,LA,CPO,SCL,Airbus,Narrow,A320,A320,320,35,"6,056","2,543,520","2,726"
2026-06,LA,LA,CPO,SCL,Airbus,Narrow,A320,A321,321,59,"12,806","5,378,520","4,586"
2026-06,LA,LA,CUN,MIA,Boeing,Wide,B787,B787-8,788,4,"1,084","575,604",420
2026-06,LA,LA,CUN,SCL,Boeing,Wide,B787,B787-8,788,3,813,"3,162,570","1,380"
2026-06,LA,LA,CUN,SCL,Boeing,Wide,B787,B787-9,789,1,300,"1,167,000",460
2026-06,LA,LA,CWB,SCL,Airbus,Narrow,A320,A320,320,15,"2,582","3,632,874","3,450"
2026-06,LA,LA,EZE,MIA,Boeing,Wide,B787,B787-8,788,38,"10,298","45,362,690","20,610"
2026-06,LA,LA,EZE,MIA,Boeing,Wide,B787,B787-9,789,3,900,"3,964,500","1,625"
2026-06,LA,LA,EZE,SCL,Airbus,Narrow,A320,A320,320,3,516,"365,844",429
2026-06,LA,LA,EZE,SCL,Airbus,Narrow,A320,A321,321,1,216,"153,144",143
2026-06,LA,LA,EZE,SCL,Boeing,Wide,B787,B787-8,788,38,"10,298","7,301,282","4,990"
2026-06,LA,LA,EZE,SCL,Boeing,Wide,B787,B787-9,789,3,912,"646,608",395
2026-06,LA,LA,FLN,SCL,Airbus,Narrow,A320,A320,320,42,"7,348","10,140,240","9,425"
2026-06,LA,LA,FLN,SCL,Airbus,Narrow,A320,A321,321,8,"1,748","2,412,240","1,770"
2026-06,LA,LA,GIG,SCL,Airbus,Narrow,A320,A320,320,76,"13,164","24,024,300","22,010"
2026-06,LA,LA,GRU,MAD,Boeing,Wide,B787,B787-9,789,30,"8,932","46,366,012","18,150"
2026-06,LA,LA,GRU,MVD,Airbus,Narrow,A320,A320,320,2,344,"335,056",320
2026-06,LA,LA,GRU,MVD,Airbus,Narrow,A320,A321,321,28,"6,048","5,890,752","4,480"
2026-06,LA,LA,GRU,SCL,Airbus,Narrow,A320,A320,320,73,"12,556","20,416,056","18,980"
2026-06,LA,LA,GRU,SCL,Airbus,Narrow,A320,A321,321,92,"19,872","32,311,872","23,920"
2026-06,LA,LA,GRU,SCL,Boeing,Wide,B787,B787-9,789,30,"9,120","14,829,120","7,815"
2026-06,LA,LA,IPC,SCL,Boeing,Wide,B787,B787-8,788,21,"5,691","13,294,176","5,750"
2026-06,LA,LA,IPC,SCL,Boeing,Wide,B787,B787-9,789,30,"9,000","21,024,000","8,250"
2026-06,LA,LA,IQQ,SCL,Airbus,Narrow,A320,A320,320,109,"18,998","17,231,186","14,739"
2026-06,LA,LA,IQQ,SCL,Airbus,Narrow,A320,A321,321,71,"15,456","14,018,592","9,586"
2026-06,LA,LA,JFK,SCL,Boeing,Wide,B787,B787-8,788,23,"6,233","31,763,368","14,605"
2026-06,LA,LA,JFK,SCL,Boeing,Wide,B787,B787-9,789,7,"2,100","10,701,600","4,445"
2026-06,LA,LA,LAX,SCL,Boeing,Wide,B787,B787-8,788,20,"5,420","30,183,980","12,800"
2026-06,LA,LA,LAX,SCL,Boeing,Wide,B787,B787-9,789,1,300,"1,670,700",640
2026-06,LA,LA,LIM,SCL,Airbus,Narrow,A320,A320,320,158,"26,980","41,117,520","33,830"
2026-06,LA,LA,LIM,SCL,Airbus,Narrow,A320,A321,321,9,"1,928","2,938,272","1,925"
2026-06,LA,LA,LPB,VVI,Airbus,Narrow,A320,A320,320,8,"1,376","473,344",584
2026-06,LA,LA,LSC,ANF,Airbus,Narrow,A320,A321,321,2,448,"200,704",156
2026-06,LA,LA,LSC,SCL,Airbus,Narrow,A320,A320,320,62,"10,796","2,601,836","3,456"
2026-06,LA,LA,LSC,SCL,Airbus,Narrow,A320,A321,321,62,"13,518","3,257,838","3,457"
2026-06,LA,LA,MAD,GRU,Boeing,Wide,B787,B787-9,789,30,"8,932","46,366,012","19,050"
2026-06,LA,LA,MAD,SCL,Boeing,Wide,B787,B787-8,788,11,"2,981","19,814,707","8,800"
2026-06,LA,LA,MAD,SCL,Boeing,Wide,B787,B787-9,789,40,"12,000","79,764,000","32,150"
2026-06,LA,LA,MDZ,SCL,Airbus,Narrow,A320,A320,320,43,"7,392","901,824","2,554"
2026-06,LA,LA,MEL,SCL,Boeing,Wide,B787,B787-9,789,25,"7,500","52,755,000","18,875"
2026-06,LA,LA,MHC,SCL,Airbus,Narrow,A320,A320,320,13,"2,282","1,455,916","1,409"
2026-06,LA,LA,MHC,SCL,Airbus,Narrow,A320,A321,321,4,880,"561,440",432
2026-06,LA,LA,MIA,CUN,Boeing,Wide,B787,B787-8,788,3,813,"431,703",375
2026-06,LA,LA,MIA,CUN,Boeing,Wide,B787,B787-9,789,1,300,"159,300",125
2026-06,LA,LA,MIA,EZE,Boeing,Wide,B787,B787-8,788,38,"10,298","45,362,690","20,170"
2026-06,LA,LA,MIA,EZE,Boeing,Wide,B787,B787-9,789,3,900,"3,964,500","1,585"
2026-06,LA,LA,MIA,PUJ,Boeing,Wide,B787,B787-8,788,4,"1,084","986,440",580
2026-06,LA,LA,MIA,PUJ,Boeing,Wide,B787,B787-9,789,4,"1,200","1,092,000",580
2026-06,LA,LA,MIA,SCL,Boeing,Wide,B787,B787-8,788,22,"5,962","24,545,554","10,780"
2026-06,LA,LA,MIA,SCL,Boeing,Wide,B787,B787-9,789,25,"7,500","30,877,500","12,245"
2026-06,LA,LA,MPN,PUQ,Airbus,Narrow,A320,A320,320,3,516,"274,512",298
2026-06,LA,LA,MPN,RGL,Airbus,Narrow,A320,A320,320,1,172,"80,496",89
2026-06,LA,LA,MVD,GRU,Airbus,Narrow,A320,A320,320,2,344,"335,056",320
2026-06,LA,LA,MVD,GRU,Airbus,Narrow,A320,A321,321,28,"6,048","5,890,752","4,480"
2026-06,LA,LA,MVD,SCL,Airbus,Narrow,A320,A320,320,37,"6,372","5,422,572","5,832"
2026-06,LA,LA,MVD,SCL,Airbus,Narrow,A320,A321,321,15,"3,240","2,757,240","2,362"
2026-06,LA,LA,NQN,SCL,Airbus,Narrow,A320,A320,320,17,"2,960","1,216,560","1,394"
2026-06,LA,LA,PMC,BBA,Airbus,Narrow,A320,A320,320,2,348,"110,316",132
2026-06,LA,LA,PMC,SCL,Airbus,Narrow,A320,A320,320,31,"5,398","3,071,462","3,226"
2026-06,LA,LA,PMC,SCL,Airbus,Narrow,A320,A321,321,58,"12,646","7,195,574","6,033"
2026-06,LA,LA,POA,SCL,Airbus,Narrow,A320,A320,320,16,"2,744","3,229,688","3,360"
2026-06,LA,LA,POA,SCL,Airbus,Narrow,A320,A321,321,4,860,"1,012,220",840
2026-06,LA,LA,PUJ,MIA,Boeing,Wide,B787,B787-8,788,8,"2,168","1,972,880","1,240"
2026-06,LA,LA,PUJ,SCL,Boeing,Wide,B787,B787-8,788,4,"1,084","3,876,384","1,760"
2026-06,LA,LA,PUJ,SCL,Boeing,Wide,B787,B787-9,789,4,"1,200","4,291,200","1,760"
2026-06,LA,LA,PUQ,MPN,Airbus,Narrow,A320,A320,320,3,516,"274,512",297
2026-06,LA,LA,PUQ,PMC,Airbus,Narrow,A320,A320,320,3,522,"424,908",399
2026-06,LA,LA,PUQ,PMC,Airbus,Narrow,A320,A321,321,5,"1,090","887,260",665
2026-06,LA,LA,PUQ,RGL,Airbus,Narrow,A320,A320,320,1,172,"21,156",62
2026-06,LA,LA,PUQ,SCL,Airbus,Narrow,A320,A320,320,30,"5,182","7,063,066","6,234"
2026-06,LA,LA,PUQ,SCL,Airbus,Narrow,A320,A321,321,50,"10,830","14,761,290","10,408"
2026-06,LA,LA,REC,SCL,Airbus,Narrow,A320,A320,320,7,"1,218","3,499,314","2,800"
2026-06,LA,LA,RGL,MPN,Airbus,Narrow,A320,A320,320,1,174,"81,432",83
2026-06,LA,LA,RGL,PUQ,Airbus,Narrow,A320,A320,320,1,172,"21,156",55
2026-06,LA,LA,SCL,AEP,Airbus,Narrow,A320,A320,320,98,"16,856","12,035,184","12,054"
2026-06,LA,LA,SCL,AKL,Boeing,Wide,B787,B787-8,788,6,"1,626","9,773,886","4,560"
2026-06,LA,LA,SCL,AKL,Boeing,Wide,B787,B787-9,789,7,"2,100","12,623,100","5,320"
2026-06,LA,LA,SCL,ANF,Airbus,Narrow,A320,A320,320,85,"14,678","10,054,430","10,455"
2026-06,LA,LA,SCL,ANF,Airbus,Narrow,A320,A321,321,155,"33,732","23,106,420","19,065"
2026-06,LA,LA,SCL,ARI,Airbus,Narrow,A320,A320,320,25,"4,356","4,517,172","4,000"
2026-06,LA,LA,SCL,ARI,Airbus,Narrow,A320,A321,321,49,"10,712","11,108,344","7,837"
2026-06,LA,LA,SCL,BBA,Airbus,Narrow,A320,A320,320,10,"1,716","1,486,056","1,440"
2026-06,LA,LA,SCL,BOG,Boeing,Wide,B787,B787-8,788,29,"7,859","20,661,311","10,645"
2026-06,LA,LA,SCL,BOG,Boeing,Wide,B787,B787-9,789,6,"1,824","4,795,296","2,230"
2026-06,LA,LA,SCL,BSB,Airbus,Narrow,A320,A320,320,16,"2,784","5,203,296","4,000"
2026-06,LA,LA,SCL,BSB,Airbus,Narrow,A320,A321,321,1,218,"407,442",250
2026-06,LA,LA,SCL,CCP,Airbus,Narrow,A320,A320,320,51,"8,908","2,378,436","3,539"
2026-06,LA,LA,SCL,CCP,Airbus,Narrow,A320,A321,321,117,"25,588","6,831,996","8,114"
2026-06,LA,LA,SCL,CJC,Airbus,Narrow,A320,A320,320,54,"9,526","7,230,234","6,986"
2026-06,LA,LA,SCL,CJC,Airbus,Narrow,A320,A321,321,196,"42,788","32,476,092","25,367"
2026-06,LA,LA,SCL,CNF,Airbus,Narrow,A320,A320,320,22,"3,800","7,231,400","5,744"
2026-06,LA,LA,SCL,COR,Airbus,Narrow,A320,A320,320,30,"5,204","2,138,844","2,807"
2026-06,LA,LA,SCL,CPO,Airbus,Narrow,A320,A320,320,38,"6,640","2,788,800","3,476"
2026-06,LA,LA,SCL,CPO,Airbus,Narrow,A320,A321,321,65,"14,194","5,961,480","5,948"
2026-06,LA,LA,SCL,CUN,Boeing,Wide,B787,B787-8,788,4,"1,084","4,216,760","1,980"
2026-06,LA,LA,SCL,CWB,Airbus,Narrow,A320,A320,320,15,"2,582","3,632,874","2,925"
2026-06,LA,LA,SCL,EZE,Airbus,Narrow,A320,A320,320,3,516,"365,844",363
2026-06,LA,LA,SCL,EZE,Airbus,Narrow,A320,A321,321,1,216,"153,144",121
2026-06,LA,LA,SCL,EZE,Boeing,Wide,B787,B787-8,788,38,"10,298","7,301,282","4,560"
2026-06,LA,LA,SCL,EZE,Boeing,Wide,B787,B787-9,789,3,912,"646,608",360
2026-06,LA,LA,SCL,FLN,Airbus,Narrow,A320,A320,320,42,"7,344","10,134,720","8,380"
2026-06,LA,LA,SCL,FLN,Airbus,Narrow,A320,A321,321,8,"1,738","2,398,440","1,580"
2026-06,LA,LA,SCL,GIG,Airbus,Narrow,A320,A320,320,77,"13,266","24,210,450","19,250"
2026-06,LA,LA,SCL,GRU,Airbus,Narrow,A320,A320,320,75,"12,908","20,988,408","17,600"
2026-06,LA,LA,SCL,GRU,Airbus,Narrow,A320,A321,321,91,"19,660","31,967,160","21,510"
2026-06,LA,LA,SCL,GRU,Boeing,Wide,B787,B787-9,789,30,"9,120","14,829,120","6,750"
2026-06,LA,LA,SCL,IPC,Boeing,Wide,B787,B787-8,788,21,"5,691","13,294,176","7,010"
2026-06,LA,LA,SCL,IPC,Boeing,Wide,B787,B787-9,789,30,"9,000","21,024,000","10,050"
2026-06,LA,LA,SCL,IQQ,Airbus,Narrow,A320,A320,320,109,"18,976","17,211,232","15,934"
2026-06,LA,LA,SCL,IQQ,Airbus,Narrow,A320,A321,321,67,"14,578","13,222,246","9,783"
2026-06,LA,LA,SCL,JFK,Boeing,Wide,B787,B787-8,788,23,"6,233","31,763,368","14,605"
2026-06,LA,LA,SCL,JFK,Boeing,Wide,B787,B787-9,789,7,"2,100","10,701,600","4,445"
2026-06,LA,LA,SCL,LAX,Boeing,Wide,B787,B787-8,788,19,"5,149","28,674,781","12,920"
2026-06,LA,LA,SCL,LAX,Boeing,Wide,B787,B787-9,789,1,300,"1,670,700",680
2026-06,LA,LA,SCL,LIM,Airbus,Narrow,A320,A320,320,158,"26,974","41,108,376","37,130"
2026-06,LA,LA,SCL,LIM,Airbus,Narrow,A320,A321,321,9,"1,940","2,956,560","2,115"
2026-06,LA,LA,SCL,LPB,Airbus,Narrow,A320,A320,320,8,"1,376","1,614,048","1,432"
2026-06,LA,LA,SCL,LSC,Airbus,Narrow,A320,A320,320,62,"10,790","2,600,390","4,232"
2026-06,LA,LA,SCL,LSC,Airbus,Narrow,A320,A321,321,64,"13,960","3,364,360","4,378"
2026-06,LA,LA,SCL,MAD,Boeing,Wide,B787,B787-8,788,13,"3,523","23,417,381","10,075"
2026-06,LA,LA,SCL,MAD,Boeing,Wide,B787,B787-9,789,39,"11,700","77,769,900","30,225"
2026-06,LA,LA,SCL,MDZ,Airbus,Narrow,A320,A320,320,43,"7,450","908,900","2,821"
2026-06,LA,LA,SCL,MEL,Boeing,Wide,B787,B787-9,789,25,"7,500","52,755,000","21,875"
2026-06,LA,LA,SCL,MHC,Airbus,Narrow,A320,A320,320,13,"2,270","1,448,260","1,520"
2026-06,LA,LA,SCL,MHC,Airbus,Narrow,A320,A321,321,4,880,"561,440",470
2026-06,LA,LA,SCL,MIA,Boeing,Wide,B787,B787-8,788,16,"4,336","17,851,312","8,240"
2026-06,LA,LA,SCL,MIA,Boeing,Wide,B787,B787-9,789,31,"9,348","38,485,716","15,965"
2026-06,LA,LA,SCL,MVD,Airbus,Narrow,A320,A320,320,37,"6,368","5,419,168","5,106"
2026-06,LA,LA,SCL,MVD,Airbus,Narrow,A320,A321,321,15,"3,240","2,757,240","2,070"
2026-06,LA,LA,SCL,NQN,Airbus,Narrow,A320,A320,320,17,"2,958","1,215,738","1,513"
2026-06,LA,LA,SCL,PMC,Airbus,Narrow,A320,A320,320,29,"5,052","2,874,588","3,074"
2026-06,LA,LA,SCL,PMC,Airbus,Narrow,A320,A321,321,50,"10,900","6,202,100","5,300"
2026-06,LA,LA,SCL,POA,Airbus,Narrow,A320,A320,320,16,"2,784","3,276,768","3,200"
2026-06,LA,LA,SCL,POA,Airbus,Narrow,A320,A321,321,4,872,"1,026,344",800
2026-06,LA,LA,SCL,PUJ,Boeing,Wide,B787,B787-8,788,8,"2,168","7,752,768","3,680"
2026-06,LA,LA,SCL,PUQ,Airbus,Narrow,A320,A320,320,33,"5,684","7,747,292","6,854"
2026-06,LA,LA,SCL,PUQ,Airbus,Narrow,A320,A321,321,49,"10,596","14,442,348","10,181"
2026-06,LA,LA,SCL,REC,Airbus,Narrow,A320,A320,320,7,"1,218","3,499,314","2,765"
2026-06,LA,LA,SCL,SYD,Boeing,Wide,B787,B787-9,789,30,"9,000","63,549,000","27,450"
2026-06,LA,LA,SCL,VVI,Airbus,Narrow,A320,A320,320,4,696,"823,368",800
2026-06,LA,LA,SCL,ZAL,Airbus,Narrow,A320,A320,320,5,878,"405,636",479
2026-06,LA,LA,SCL,ZAL,Airbus,Narrow,A320,A321,321,12,"2,634","1,216,908","1,157"
2026-06,LA,LA,SCL,ZCO,Airbus,Narrow,A320,A320,320,70,"12,196","4,695,460","6,011"
2026-06,LA,LA,SCL,ZCO,Airbus,Narrow,A320,A321,321,100,"21,790","8,389,150","8,567"
2026-06,LA,LA,SCL,ZOS,Airbus,Narrow,A320,A320,320,11,"1,918","983,934","1,111"
2026-06,LA,LA,SCL,ZOS,Airbus,Narrow,A320,A321,321,8,"1,746","895,698",808
2026-06,LA,LA,SYD,SCL,Boeing,Wide,B787,B787-9,789,30,"9,000","63,549,000","22,950"
2026-06,LA,LA,VVI,SCL,Airbus,Narrow,A320,A320,320,12,"2,072","2,451,176","2,268"
2026-06,LA,LA,ZAL,SCL,Airbus,Narrow,A320,A320,320,5,870,"401,940",453
2026-06,LA,LA,ZAL,SCL,Airbus,Narrow,A320,A321,321,12,"2,624","1,212,288","1,096"
2026-06,LA,LA,ZCO,SCL,Airbus,Narrow,A320,A320,320,64,"11,134","4,286,590","5,323"
2026-06,LA,LA,ZCO,SCL,Airbus,Narrow,A320,A321,321,99,"21,580","8,308,300","8,231"
2026-06,LA,LA,ZOS,SCL,Airbus,Narrow,A320,A320,320,11,"1,902","975,726","1,087"
2026-06,LA,LA,ZOS,SCL,Airbus,Narrow,A320,A321,321,8,"1,750","897,750",789
2026-07,LA,JJ,AEP,GIG,Airbus,Narrow,A320,A320,320,31,5344,6541056,5270
2026-07,LA,JJ,AEP,GRU,Airbus,Narrow,A320,A320,320,182,31404,33037008,29275
2026-07,LA,JJ,AEP,POA,Airbus,Narrow,A320,A320,320,14,2438,1287264,1260
2026-07,LA,JJ,AJU,BSB,Airbus,Narrow,A320,A320,320,9,1556,1251024,1215
2026-07,LA,JJ,AJU,BSB,Airbus,Narrow,A320,A321,321,26,5674,4561896,3510
2026-07,LA,JJ,AJU,CGH,Airbus,Narrow,A320,A319,319,2,274,294550,340
2026-07,LA,JJ,AJU,CGH,Airbus,Narrow,A320,A320,320,6,1050,1128750,1020
2026-07,LA,JJ,AJU,GRU,Airbus,Narrow,A320,A319,319,1,136,143888,160
2026-07,LA,JJ,AJU,GRU,Airbus,Narrow,A320,A320,320,20,3470,3671260,3310
2026-07,LA,JJ,AJU,GRU,Airbus,Narrow,A320,A321,321,66,14384,15218272,10995
2026-07,LA,JJ,AMS,GRU,Boeing,Wide,B787,B787-9,789,26,7800,47260200,19385
2026-07,LA,JJ,BCN,GRU,Boeing,Wide,B777,B777-300 Passenger,773,12,4920,26730360,7920
2026-07,LA,JJ,BCN,GRU,Boeing,Wide,B787,B787-9,789,18,5400,29338200,11830
2026-07,LA,JJ,BEL,BSB,Airbus,Narrow,A320,A320,320,17,2930,2918280,2710
2026-07,LA,JJ,BEL,BSB,Airbus,Narrow,A320,A321,321,45,9816,9776736,7055
2026-07,LA,JJ,BEL,FOR,Airbus,Narrow,A320,A321,321,31,6780,4786680,3720
2026-07,LA,JJ,BEL,GRU,Airbus,Narrow,A320,A320,320,49,8440,12845680,10790
2026-07,LA,JJ,BEL,GRU,Airbus,Narrow,A320,A321,321,98,21178,32232916,21660
2026-07,LA,JJ,BEL,MAO,Airbus,Narrow,A320,A320,320,4,694,560752,520
2026-07,LA,JJ,BEL,MAO,Airbus,Narrow,A320,A321,321,4,866,699728,520
2026-07,LA,JJ,BEL,MCP,Airbus,Narrow,A320,A320,320,37,6456,1317024,2035
2026-07,LA,JJ,BOS,GRU,Boeing,Wide,B787,B787-9,789,18,5400,25866000,10455
2026-07,LA,JJ,BPS,BSB,Airbus,Narrow,A320,A319,319,5,692,406896,510
2026-07,LA,JJ,BPS,BSB,Airbus,Narrow,A320,A320,320,16,2786,1638168,1760
2026-07,LA,JJ,BPS,BSB,Airbus,Narrow,A320,A321,321,14,3062,1800456,1540
2026-07,LA,JJ,BPS,CGH,Airbus,Narrow,A320,A319,319,7,962,671476,855
2026-07,LA,JJ,BPS,CGH,Airbus,Narrow,A320,A320,320,82,14300,9981400,10440
2026-07,LA,JJ,BPS,CNF,Airbus,Narrow,A320,A320,320,1,180,70020,75
2026-07,LA,JJ,BPS,GIG,Airbus,Narrow,A320,A319,319,1,138,71070,95
2026-07,LA,JJ,BPS,GIG,Airbus,Narrow,A320,A320,320,25,4322,2225830,2375
2026-07,LA,JJ,BPS,GIG,Airbus,Narrow,A320,A321,321,5,1070,551050,475
2026-07,LA,JJ,BPS,GRU,Airbus,Narrow,A320,A319,319,2,274,186320,250
2026-07,LA,JJ,BPS,GRU,Airbus,Narrow,A320,A320,320,46,7974,5422320,5840
2026-07,LA,JJ,BPS,GRU,Airbus,Narrow,A320,A321,321,59,12800,8704000,7405
2026-07,LA,JJ,BPS,POA,Airbus,Narrow,A320,A320,320,4,720,869040,720
2026-07,LA,JJ,BPS,SDU,Airbus,Narrow,A320,A319,319,31,4268,2215092,3060
2026-07,LA,JJ,BRC,GRU,Airbus,Narrow,A320,A321,321,44,9578,17997062,11120
2026-07,LA,JJ,BRU,GRU,Boeing,Wide,B787,B787-9,789,13,3900,23333700,9360
2026-07,LA,JJ,BSB,AJU,Airbus,Narrow,A320,A320,320,9,1566,1259064,1170
2026-07,LA,JJ,BSB,AJU,Airbus,Narrow,A320,A321,321,26,5660,4550640,3380
2026-07,LA,JJ,BSB,BEL,Airbus,Narrow,A320,A320,320,14,2424,2414304,2170
2026-07,LA,JJ,BSB,BEL,Airbus,Narrow,A320,A321,321,48,10532,10489872,7285
2026-07,LA,JJ,BSB,BPS,Airbus,Narrow,A320,A319,319,5,696,409248,500
2026-07,LA,JJ,BSB,BPS,Airbus,Narrow,A320,A320,320,16,2796,1644048,1600
2026-07,LA,JJ,BSB,BPS,Airbus,Narrow,A320,A321,321,14,3066,1802808,1400
2026-07,LA,JJ,BSB,BVB,Airbus,Narrow,A320,A319,319,1,134,208102,220
2026-07,LA,JJ,BSB,BVB,Airbus,Narrow,A320,A320,320,7,1232,1913296,1505
2026-07,LA,JJ,BSB,BVB,Airbus,Narrow,A320,A321,321,23,5050,7842650,4960
2026-07,LA,JJ,BSB,CGB,Airbus,Narrow,A320,A320,320,14,2436,1330056,1470
2026-07,LA,JJ,BSB,CGB,Airbus,Narrow,A320,A321,321,79,17278,9433788,8295
2026-07,LA,JJ,BSB,CGH,Airbus,Narrow,A320,A319,319,29,3898,2104920,3025
2026-07,LA,JJ,BSB,CGH,Airbus,Narrow,A320,A320,320,286,48864,26386560,29835
2026-07,LA,JJ,BSB,CGR,Airbus,Narrow,A320,A319,319,30,4156,2265020,3150
2026-07,LA,JJ,BSB,CGR,Airbus,Narrow,A320,A320,320,30,5232,2851440,3150
2026-07,LA,JJ,BSB,CGR,Airbus,Narrow,A320,A321,321,2,440,239800,210
2026-07,LA,JJ,BSB,CNF,Airbus,Narrow,A320,A320,320,42,7320,2686440,3150
2026-07,LA,JJ,BSB,CNF,Airbus,Narrow,A320,A321,321,51,11150,4092050,3825
2026-07,LA,JJ,BSB,CPV,Airbus,Narrow,A320,A319,319,6,816,820080,825
2026-07,LA,JJ,BSB,CPV,Airbus,Narrow,A320,A320,320,25,4352,4373760,3400
2026-07,LA,JJ,BSB,CWB,Airbus,Narrow,A320,A320,320,17,2976,1993920,2005
2026-07,LA,JJ,BSB,CWB,Airbus,Narrow,A320,A321,321,76,16600,11122000,9000
2026-07,LA,JJ,BSB,FLN,Airbus,Narrow,A320,A319,319,14,1950,1585350,1890
2026-07,LA,JJ,BSB,FLN,Airbus,Narrow,A320,A320,320,30,5236,4256868,4050
2026-07,LA,JJ,BSB,FLN,Airbus,Narrow,A320,A321,321,15,3272,2660136,2025
2026-07,LA,JJ,BSB,FOR,Airbus,Narrow,A320,A319,319,4,544,569568,635
2026-07,LA,JJ,BSB,FOR,Airbus,Narrow,A320,A320,320,36,6228,6520716,5665
2026-07,LA,JJ,BSB,FOR,Airbus,Narrow,A320,A321,321,46,10028,10499316,7160
2026-07,LA,JJ,BSB,GIG,Airbus,Narrow,A320,A319,319,7,976,553392,735
2026-07,LA,JJ,BSB,GIG,Airbus,Narrow,A320,A320,320,71,12340,6996780,7325
2026-07,LA,JJ,BSB,GIG,Airbus,Narrow,A320,A321,321,16,3496,1982232,1640
2026-07,LA,JJ,BSB,GRU,Airbus,Narrow,A320,A319,319,6,818,432722,605
2026-07,LA,JJ,BSB,GRU,Airbus,Narrow,A320,A320,320,68,11758,6219982,7020
2026-07,LA,JJ,BSB,GRU,Airbus,Narrow,A320,A321,321,105,22738,12028402,10945
2026-07,LA,JJ,BSB,GYN,Airbus,Narrow,A320,A319,319,21,2906,293506,1000
2026-07,LA,JJ,BSB,GYN,Airbus,Narrow,A320,A320,320,54,9388,948188,2495
2026-07,LA,JJ,BSB,GYN,Airbus,Narrow,A320,A321,321,15,3252,328452,695
2026-07,LA,JJ,BSB,IGU,Airbus,Narrow,A320,A321,321,31,6800,5385600,4185
2026-07,LA,JJ,BSB,IMP,Airbus,Narrow,A320,A319,319,1,138,97980,115
2026-07,LA,JJ,BSB,IMP,Airbus,Narrow,A320,A320,320,30,5228,3711880,3450
2026-07,LA,JJ,BSB,JPA,Airbus,Narrow,A320,A320,320,4,692,735596,635
2026-07,LA,JJ,BSB,JPA,Airbus,Narrow,A320,A321,321,54,11824,12568912,8490
2026-07,LA,JJ,BSB,MAB,Airbus,Narrow,A320,A319,319,1,140,101640,115
2026-07,LA,JJ,BSB,MAB,Airbus,Narrow,A320,A320,320,30,5208,3781008,3450
2026-07,LA,JJ,BSB,MAO,Airbus,Narrow,A320,A320,320,33,5708,6895264,5850
2026-07,LA,JJ,BSB,MAO,Airbus,Narrow,A320,A321,321,27,5778,6979824,4860
2026-07,LA,JJ,BSB,MCP,Airbus,Narrow,A320,A319,319,7,966,1076124,1155
2026-07,LA,JJ,BSB,MCP,Airbus,Narrow,A320,A320,320,24,4162,4636468,3960
2026-07,LA,JJ,BSB,MCZ,Airbus,Narrow,A320,A319,319,5,686,635922,725
2026-07,LA,JJ,BSB,MCZ,Airbus,Narrow,A320,A320,320,27,4692,4349484,3915
2026-07,LA,JJ,BSB,MCZ,Airbus,Narrow,A320,A321,321,26,5638,5226426,3770
2026-07,LA,JJ,BSB,NAT,Airbus,Narrow,A320,A320,320,1,176,193248,165
2026-07,LA,JJ,BSB,NAT,Airbus,Narrow,A320,A321,321,60,13058,14337684,9590
2026-07,LA,JJ,BSB,OPS,Airbus,Narrow,A320,A320,320,31,5408,3131232,3255
2026-07,LA,JJ,BSB,PMW,Airbus,Narrow,A320,A319,319,18,2482,953088,1350
2026-07,LA,JJ,BSB,PMW,Airbus,Narrow,A320,A320,320,11,1924,738816,825
2026-07,LA,JJ,BSB,PMW,Airbus,Narrow,A320,A321,321,2,440,168960,145
2026-07,LA,JJ,BSB,POA,Airbus,Narrow,A320,A320,320,45,7724,7677656,7115
2026-07,LA,JJ,BSB,POA,Airbus,Narrow,A320,A321,321,42,9126,9071244,6635
2026-07,LA,JJ,BSB,PVH,Airbus,Narrow,A320,A319,319,2,278,329430,360
2026-07,LA,JJ,BSB,PVH,Airbus,Narrow,A320,A320,320,22,3844,4555140,3960
2026-07,LA,JJ,BSB,PVH,Airbus,Narrow,A320,A321,321,7,1528,1810680,1260
2026-07,LA,JJ,BSB,RBR,Airbus,Narrow,A320,A319,319,8,1106,1548400,1640
2026-07,LA,JJ,BSB,RBR,Airbus,Narrow,A320,A320,320,17,2986,4180400,3485
2026-07,LA,JJ,BSB,RBR,Airbus,Narrow,A320,A321,321,6,1320,1848000,1230
2026-07,LA,JJ,BSB,REC,Airbus,Narrow,A320,A319,319,5,686,704522,775
2026-07,LA,JJ,BSB,REC,Airbus,Narrow,A320,A320,320,40,6942,7129434,6185
2026-07,LA,JJ,BSB,REC,Airbus,Narrow,A320,A321,321,48,10462,10744474,7440
2026-07,LA,JJ,BSB,SDU,Airbus,Narrow,A320,A319,319,180,24944,14342800,17965
2026-07,LA,JJ,BSB,SLZ,Airbus,Narrow,A320,A320,320,9,1564,1479544,1305
2026-07,LA,JJ,BSB,SLZ,Airbus,Narrow,A320,A321,321,53,11602,10975492,7685
2026-07,LA,JJ,BSB,SSA,Airbus,Narrow,A320,A319,319,5,682,458986,555
2026-07,LA,JJ,BSB,SSA,Airbus,Narrow,A320,A320,320,54,9402,6327546,6070
2026-07,LA,JJ,BSB,SSA,Airbus,Narrow,A320,A321,321,65,14162,9531026,7325
2026-07,LA,JJ,BSB,STM,Airbus,Narrow,A320,A319,319,30,4078,4204418,4650
2026-07,LA,JJ,BSB,STM,Airbus,Narrow,A320,A320,320,1,170,175270,155
2026-07,LA,JJ,BSB,THE,Airbus,Narrow,A320,A319,319,3,406,332514,390
2026-07,LA,JJ,BSB,THE,Airbus,Narrow,A320,A320,320,16,2792,2286648,2080
2026-07,LA,JJ,BSB,THE,Airbus,Narrow,A320,A321,321,43,9386,7687134,5590
2026-07,LA,JJ,BSB,UDI,Airbus,Narrow,A320,A319,319,22,3044,639240,1320
2026-07,LA,JJ,BSB,UDI,Airbus,Narrow,A320,A320,320,9,1574,330540,540
2026-07,LA,JJ,BSB,VCP,Airbus,Narrow,A320,A319,319,7,972,480168,680
2026-07,LA,JJ,BSB,VCP,Airbus,Narrow,A320,A320,320,66,11424,5643456,6370
2026-07,LA,JJ,BSB,VCP,Airbus,Narrow,A320,A321,321,17,3692,1823848,1615
2026-07,LA,JJ,BSB,VIX,Airbus,Narrow,A320,A319,319,3,416,243776,310
2026-07,LA,JJ,BSB,VIX,Airbus,Narrow,A320,A320,320,33,5732,3358952,3460
2026-07,LA,JJ,BSB,VIX,Airbus,Narrow,A320,A321,321,18,3936,2306496,1880
2026-07,LA,JJ,BVB,BSB,Airbus,Narrow,A320,A319,319,1,134,208102,215
2026-07,LA,JJ,BVB,BSB,Airbus,Narrow,A320,A320,320,6,1052,1633756,1290
2026-07,LA,JJ,BVB,BSB,Airbus,Narrow,A320,A321,321,24,5256,8162568,5160
2026-07,LA,JJ,BVB,GRU,Airbus,Narrow,A320,A320,320,10,1758,3591594,2860
2026-07,LA,JJ,BVB,GRU,Airbus,Narrow,A320,A321,321,7,1540,3146220,1930
2026-07,LA,JJ,BYO,GRU,Airbus,Narrow,A320,A320,320,9,1580,1038060,1020
2026-07,LA,JJ,CAC,GRU,Airbus,Narrow,A320,A319,319,5,682,311674,495
2026-07,LA,JJ,CAC,GRU,Airbus,Narrow,A320,A320,320,49,8538,3901866,4790
2026-07,LA,JJ,CDG,GRU,Boeing,Wide,B787,B787-9,789,30,9000,52461000,21240
2026-07,LA,JJ,CGB,BSB,Airbus,Narrow,A320,A320,320,16,2788,1522248,1600
2026-07,LA,JJ,CGB,BSB,Airbus,Narrow,A320,A321,321,77,16846,9197916,7700
2026-07,LA,JJ,CGB,CGH,Airbus,Narrow,A320,A319,319,26,3570,2945250,3440
2026-07,LA,JJ,CGB,CGH,Airbus,Narrow,A320,A320,320,35,6116,5045700,4625
2026-07,LA,JJ,CGB,GRU,Airbus,Narrow,A320,A319,319,6,828,683100,790
2026-07,LA,JJ,CGB,GRU,Airbus,Narrow,A320,A320,320,59,10208,8421600,7925
2026-07,LA,JJ,CGB,GRU,Airbus,Narrow,A320,A321,321,82,17794,14680050,11075
2026-07,LA,JJ,CGH,AJU,Airbus,Narrow,A320,A319,319,2,278,298850,320
2026-07,LA,JJ,CGH,AJU,Airbus,Narrow,A320,A320,320,6,1048,1126600,960
2026-07,LA,JJ,CGH,BPS,Airbus,Narrow,A320,A319,319,7,976,681248,805
2026-07,LA,JJ,CGH,BPS,Airbus,Narrow,A320,A320,320,82,14306,9985588,9630
2026-07,LA,JJ,CGH,BSB,Airbus,Narrow,A320,A319,319,52,7070,3817800,5465
2026-07,LA,JJ,CGH,BSB,Airbus,Narrow,A320,A320,320,263,45318,24471720,27810
2026-07,LA,JJ,CGH,CGB,Airbus,Narrow,A320,A319,319,21,2906,2397450,2945
2026-07,LA,JJ,CGH,CGB,Airbus,Narrow,A320,A320,320,40,6986,5763450,5600
2026-07,LA,JJ,CGH,CGR,Airbus,Narrow,A320,A319,319,3,414,231012,330
2026-07,LA,JJ,CGH,CGR,Airbus,Narrow,A320,A320,320,41,7156,3993048,4510
2026-07,LA,JJ,CGH,CNF,Airbus,Narrow,A320,A319,319,23,3154,1025050,1725
2026-07,LA,JJ,CGH,CNF,Airbus,Narrow,A320,A320,320,193,33486,10882950,14475
2026-07,LA,JJ,CGH,CWB,Airbus,Narrow,A320,A319,319,56,7666,1579196,3360
2026-07,LA,JJ,CGH,CWB,Airbus,Narrow,A320,A320,320,169,29218,6018908,10140
2026-07,LA,JJ,CGH,FLN,Airbus,Narrow,A320,A319,319,29,3978,1201356,2070
2026-07,LA,JJ,CGH,FLN,Airbus,Narrow,A320,A320,320,145,25208,7612816,10545
2026-07,LA,JJ,CGH,FOR,Airbus,Narrow,A320,A319,319,23,3152,4630288,4715
2026-07,LA,JJ,CGH,FOR,Airbus,Narrow,A320,A320,320,97,16840,24737960,20040
2026-07,LA,JJ,CGH,GYN,Airbus,Narrow,A320,A319,319,33,4556,2314448,3300
2026-07,LA,JJ,CGH,GYN,Airbus,Narrow,A320,A320,320,126,21922,11136376,12600
2026-07,LA,JJ,CGH,IGU,Airbus,Narrow,A320,A319,319,15,2086,1076376,1575
2026-07,LA,JJ,CGH,IGU,Airbus,Narrow,A320,A320,320,55,9570,4938120,5775
2026-07,LA,JJ,CGH,IOS,Airbus,Narrow,A320,A319,319,16,2206,1729504,2120
2026-07,LA,JJ,CGH,IOS,Airbus,Narrow,A320,A320,320,23,4030,3159520,2965
2026-07,LA,JJ,CGH,JOI,Airbus,Narrow,A320,A319,319,4,560,124320,260
2026-07,LA,JJ,CGH,JOI,Airbus,Narrow,A320,A320,320,27,4722,1048284,1755
2026-07,LA,JJ,CGH,JPA,Airbus,Narrow,A320,A319,319,10,1392,1912608,1950
2026-07,LA,JJ,CGH,JPA,Airbus,Narrow,A320,A320,320,29,5072,6968928,5655
2026-07,LA,JJ,CGH,LDB,Airbus,Narrow,A320,A319,319,12,1678,478230,900
2026-07,LA,JJ,CGH,LDB,Airbus,Narrow,A320,A320,320,28,4906,1398210,2100
2026-07,LA,JJ,CGH,MCZ,Airbus,Narrow,A320,A319,319,11,1532,1849124,1925
2026-07,LA,JJ,CGH,MCZ,Airbus,Narrow,A320,A320,320,51,8944,10795408,8925
2026-07,LA,JJ,CGH,MGF,Airbus,Narrow,A320,A319,319,7,974,326290,560
2026-07,LA,JJ,CGH,MGF,Airbus,Narrow,A320,A320,320,24,4212,1411020,1920
2026-07,LA,JJ,CGH,NAT,Airbus,Narrow,A320,A319,319,19,2610,3755790,3800
2026-07,LA,JJ,CGH,NAT,Airbus,Narrow,A320,A320,320,43,7518,10818402,8600
2026-07,LA,JJ,CGH,NVT,Airbus,Narrow,A320,A319,319,11,1524,390144,715
2026-07,LA,JJ,CGH,NVT,Airbus,Narrow,A320,A320,320,129,22422,5740032,8385
2026-07,LA,JJ,CGH,POA,Airbus,Narrow,A320,A319,319,32,4394,2280486,3200
2026-07,LA,JJ,CGH,POA,Airbus,Narrow,A320,A320,320,241,41634,21608046,24090
2026-07,LA,JJ,CGH,RAO,Airbus,Narrow,A320,A319,319,12,1664,309504,720
2026-07,LA,JJ,CGH,RAO,Airbus,Narrow,A320,A320,320,39,6832,1270752,2340
2026-07,LA,JJ,CGH,REC,Airbus,Narrow,A320,A319,319,20,2774,3658906,3700
2026-07,LA,JJ,CGH,REC,Airbus,Narrow,A320,A320,320,131,22770,30033630,24170
2026-07,LA,JJ,CGH,SDU,Airbus,Narrow,A320,A319,319,589,80436,18339408,35415
2026-07,LA,JJ,CGH,SJP,Airbus,Narrow,A320,A319,319,3,416,108576,210
2026-07,LA,JJ,CGH,SJP,Airbus,Narrow,A320,A320,320,59,10350,2701350,4130
2026-07,LA,JJ,CGH,SLZ,Airbus,Narrow,A320,A320,320,23,4034,5873504,4830
2026-07,LA,JJ,CGH,SSA,Airbus,Narrow,A320,A319,319,56,7688,7049896,8120
2026-07,LA,JJ,CGH,SSA,Airbus,Narrow,A320,A320,320,169,29088,26673696,24505
2026-07,LA,JJ,CGH,THE,Airbus,Narrow,A320,A319,319,6,840,1092840,1260
2026-07,LA,JJ,CGH,THE,Airbus,Narrow,A320,A320,320,14,2430,3161430,2940
2026-07,LA,JJ,CGH,UDI,Airbus,Narrow,A320,A319,319,4,556,189596,320
2026-07,LA,JJ,CGH,UDI,Airbus,Narrow,A320,A320,320,53,9228,3146748,4240
2026-07,LA,JJ,CGH,UNA,Airbus,Narrow,A320,A320,320,1,180,136260,120
2026-07,LA,JJ,CGH,VIX,Airbus,Narrow,A320,A319,319,44,6116,2874520,3955
2026-07,LA,JJ,CGH,VIX,Airbus,Narrow,A320,A320,320,68,11938,5610860,6115
2026-07,LA,JJ,CGR,BSB,Airbus,Narrow,A320,A319,319,16,2226,1213170,1600
2026-07,LA,JJ,CGR,BSB,Airbus,Narrow,A320,A320,320,41,7150,3896750,3945
2026-07,LA,JJ,CGR,BSB,Airbus,Narrow,A320,A321,321,5,1088,592960,500
2026-07,LA,JJ,CGR,CGH,Airbus,Narrow,A320,A319,319,10,1384,772272,970
2026-07,LA,JJ,CGR,CGH,Airbus,Narrow,A320,A320,320,34,5934,3311172,3365
2026-07,LA,JJ,CGR,GRU,Airbus,Narrow,A320,A319,319,9,1236,697104,940
2026-07,LA,JJ,CGR,GRU,Airbus,Narrow,A320,A320,320,68,11768,6637152,6960
2026-07,LA,JJ,CGR,GRU,Airbus,Narrow,A320,A321,321,58,12602,7107528,5910
2026-07,LA,JJ,CLV,GRU,Airbus,Narrow,A320,A320,320,31,5412,2251392,2635
2026-07,LA,JJ,CNF,BPS,Airbus,Narrow,A320,A320,320,1,180,70020,75
2026-07,LA,JJ,CNF,BSB,Airbus,Narrow,A320,A319,319,1,140,51380,85
2026-07,LA,JJ,CNF,BSB,Airbus,Narrow,A320,A320,320,27,4712,1729304,2280
2026-07,LA,JJ,CNF,BSB,Airbus,Narrow,A320,A321,321,65,14230,5222410,5520
2026-07,LA,JJ,CNF,CGH,Airbus,Narrow,A320,A319,319,22,3036,986700,1750
2026-07,LA,JJ,CNF,CGH,Airbus,Narrow,A320,A320,320,194,33650,10936250,15730
2026-07,LA,JJ,CNF,FOR,Airbus,Narrow,A320,A320,320,3,518,595700,510
2026-07,LA,JJ,CNF,FOR,Airbus,Narrow,A320,A321,321,28,6118,7035700,4730
2026-07,LA,JJ,CNF,GRU,Airbus,Narrow,A320,A319,319,3,408,125256,240
2026-07,LA,JJ,CNF,GRU,Airbus,Narrow,A320,A320,320,105,18272,5609504,8535
2026-07,LA,JJ,CNF,GRU,Airbus,Narrow,A320,A321,321,72,15672,4811304,5810
2026-07,LA,JJ,CNF,POA,Airbus,Narrow,A320,A320,320,54,9440,7967360,7290
2026-07,LA,JJ,CNF,POA,Airbus,Narrow,A320,A321,321,8,1758,1483752,1080
2026-07,LA,JJ,COR,GRU,Airbus,Narrow,A320,A319,319,1,134,162810,185
2026-07,LA,JJ,COR,GRU,Airbus,Narrow,A320,A320,320,30,5172,6283980,5465
2026-07,LA,JJ,CPT,GRU,Boeing,Wide,B787,B787-9,789,13,3900,15416700,7020
2026-07,LA,JJ,CPV,BSB,Airbus,Narrow,A320,A319,319,6,828,832140,870
2026-07,LA,JJ,CPV,BSB,Airbus,Narrow,A320,A320,320,25,4340,4361700,3625
2026-07,LA,JJ,CWB,BSB,Airbus,Narrow,A320,A320,320,15,2620,1755400,1725
2026-07,LA,JJ,CWB,BSB,Airbus,Narrow,A320,A321,321,78,17048,11422160,8970
2026-07,LA,JJ,CWB,CGH,Airbus,Narrow,A320,A319,319,56,7706,1587436,3640
2026-07,LA,JJ,CWB,CGH,Airbus,Narrow,A320,A320,320,169,29290,6033740,10865
2026-07,LA,JJ,CWB,GIG,Airbus,Narrow,A320,A320,320,48,8330,3490270,4080
2026-07,LA,JJ,CWB,GIG,Airbus,Narrow,A320,A321,321,14,3042,1274598,1190
2026-07,LA,JJ,CWB,GRU,Airbus,Narrow,A320,A319,319,7,958,213634,505
2026-07,LA,JJ,CWB,GRU,Airbus,Narrow,A320,A320,320,81,13966,3114418,5970
2026-07,LA,JJ,CWB,GRU,Airbus,Narrow,A320,A321,321,95,20592,4592016,7085
2026-07,LA,JJ,CWB,IGU,Airbus,Narrow,A320,A319,319,3,418,141284,225
2026-07,LA,JJ,CWB,IGU,Airbus,Narrow,A320,A320,320,45,7750,2619500,3355
2026-07,LA,JJ,CWB,POA,Airbus,Narrow,A320,A320,320,57,9900,3276900,4275
2026-07,LA,JJ,CWB,POA,Airbus,Narrow,A320,A321,321,5,1088,360128,370
2026-07,LA,JJ,CXJ,GRU,Airbus,Narrow,A320,A319,319,3,412,202292,285
2026-07,LA,JJ,CXJ,GRU,Airbus,Narrow,A320,A320,320,28,4860,2386260,2685
2026-07,LA,JJ,DOU,GRU,Airbus,Narrow,A320,A319,319,4,554,302484,425
2026-07,LA,JJ,DOU,GRU,Airbus,Narrow,A320,A320,320,27,4740,2588040,2885
2026-07,LA,JJ,EZE,GRU,Airbus,Narrow,A320,A320,320,22,3810,4072890,3520
2026-07,LA,JJ,EZE,GRU,Airbus,Narrow,A320,A321,321,9,1948,2082412,1440
2026-07,LA,JJ,EZE,REC,Airbus,Narrow,A320,A320,320,4,686,1625820,1240
2026-07,LA,JJ,FCO,GRU,Boeing,Wide,B777,B777-300 Passenger,773,27,11070,64748430,19440
2026-07,LA,JJ,FCO,GRU,Boeing,Wide,B787,B787-9,789,3,900,5264100,2145
2026-07,LA,JJ,FEN,GRU,Airbus,Narrow,A320,A319,319,23,3120,5119920,5415
2026-07,LA,JJ,FLN,BSB,Airbus,Narrow,A320,A319,319,15,2084,1694292,2020
2026-07,LA,JJ,FLN,BSB,Airbus,Narrow,A320,A320,320,30,5240,4260120,3945
2026-07,LA,JJ,FLN,BSB,Airbus,Narrow,A320,A321,321,14,3070,2495910,1855
2026-07,LA,JJ,FLN,CGH,Airbus,Narrow,A320,A319,319,28,3862,1166324,1960
2026-07,LA,JJ,FLN,CGH,Airbus,Narrow,A320,A320,320,146,25408,7673216,10225
2026-07,LA,JJ,FLN,GRU,Airbus,Narrow,A320,A319,319,3,412,131428,265
2026-07,LA,JJ,FLN,GRU,Airbus,Narrow,A320,A320,320,84,14550,4641450,7305
2026-07,LA,JJ,FLN,GRU,Airbus,Narrow,A320,A321,321,73,15838,5052322,6175
2026-07,LA,JJ,FLN,POA,Airbus,Narrow,A320,A319,319,2,280,63000,130
2026-07,LA,JJ,FLN,POA,Airbus,Narrow,A320,A320,320,29,5080,1143000,1885
2026-07,LA,JJ,FOR,BEL,Airbus,Narrow,A320,A320,320,1,176,124256,120
2026-07,LA,JJ,FOR,BEL,Airbus,Narrow,A320,A321,321,30,6572,4639832,3600
2026-07,LA,JJ,FOR,BSB,Airbus,Narrow,A320,A319,319,4,556,582132,640
2026-07,LA,JJ,FOR,BSB,Airbus,Narrow,A320,A320,320,41,7156,7492332,6645
2026-07,LA,JJ,FOR,BSB,Airbus,Narrow,A320,A321,321,41,8960,9381120,6750
2026-07,LA,JJ,FOR,CGH,Airbus,Narrow,A320,A319,319,23,3174,4662606,5060
2026-07,LA,JJ,FOR,CGH,Airbus,Narrow,A320,A320,320,96,16620,24414780,21120
2026-07,LA,JJ,FOR,CNF,Airbus,Narrow,A320,A320,320,9,1572,1807800,1530
2026-07,LA,JJ,FOR,CNF,Airbus,Narrow,A320,A321,321,22,4802,5522300,3740
2026-07,LA,JJ,FOR,GIG,Airbus,Narrow,A320,A319,319,1,140,188440,205
2026-07,LA,JJ,FOR,GIG,Airbus,Narrow,A320,A320,320,60,10438,14049548,12175
2026-07,LA,JJ,FOR,GIG,Airbus,Narrow,A320,A321,321,32,6986,9403156,6525
2026-07,LA,JJ,FOR,GRU,Airbus,Narrow,A320,A319,319,1,140,203280,215
2026-07,LA,JJ,FOR,GRU,Airbus,Narrow,A320,A320,320,85,14694,21335688,18105
2026-07,LA,JJ,FOR,GRU,Airbus,Narrow,A320,A321,321,116,25092,36433584,24415
2026-07,LA,JJ,FOR,GRU,Boeing,Wide,B787,B787-9,789,14,4200,6098400,2965
2026-07,LA,JJ,FOR,JDO,Airbus,Narrow,A320,A320,320,12,2108,508028,710
2026-07,LA,JJ,FOR,JDO,Airbus,Narrow,A320,A321,321,6,1308,315228,360
2026-07,LA,JJ,FOR,LIS,Boeing,Wide,B787,B787-9,789,8,2400,8347200,3320
2026-07,LA,JJ,FOR,MAO,Airbus,Narrow,A320,A320,320,22,3810,5661660,4510
2026-07,LA,JJ,FOR,MAO,Airbus,Narrow,A320,A321,321,39,8484,12607224,7995
2026-07,LA,JJ,FOR,MIA,Boeing,Wide,B787,B787-9,789,5,1500,5187000,2150
2026-07,LA,JJ,FOR,NAT,Airbus,Narrow,A320,A320,320,1,174,44718,60
2026-07,LA,JJ,FOR,NAT,Airbus,Narrow,A320,A321,321,30,6548,1682836,1800
2026-07,LA,JJ,FOR,PHB,Airbus,Narrow,A320,A320,320,9,1564,358156,560
2026-07,LA,JJ,FOR,REC,Airbus,Narrow,A320,A319,319,9,1250,486250,675
2026-07,LA,JJ,FOR,REC,Airbus,Narrow,A320,A320,320,42,7306,2842034,3150
2026-07,LA,JJ,FOR,REC,Airbus,Narrow,A320,A321,321,11,2394,931266,825
2026-07,LA,JJ,FOR,SCL,Airbus,Narrow,A320,A320,320,4,696,2026056,1660
2026-07,LA,JJ,FOR,SLZ,Airbus,Narrow,A320,A320,320,17,2960,1189920,1360
2026-07,LA,JJ,FOR,SLZ,Airbus,Narrow,A320,A321,321,35,7660,3079320,2800
2026-07,LA,JJ,FOR,SSA,Airbus,Narrow,A320,A319,319,14,1944,1220832,1470
2026-07,LA,JJ,FOR,SSA,Airbus,Narrow,A320,A320,320,36,6292,3951376,3780
2026-07,LA,JJ,FOR,SSA,Airbus,Narrow,A320,A321,321,12,2618,1644104,1260
2026-07,LA,JJ,FOR,THE,Airbus,Narrow,A320,A319,319,2,268,82544,130
2026-07,LA,JJ,FOR,THE,Airbus,Narrow,A320,A320,320,13,2262,696696,845
2026-07,LA,JJ,FOR,THE,Airbus,Narrow,A320,A321,321,39,8474,2609992,2535
2026-07,LA,JJ,FRA,GRU,Boeing,Wide,B777,B777-300 Passenger,773,31,12710,77213250,22475
2026-07,LA,JJ,GIG,AEP,Airbus,Narrow,A320,A320,320,31,5346,6543504,6045
2026-07,LA,JJ,GIG,BPS,Airbus,Narrow,A320,A319,319,3,408,210120,285
2026-07,LA,JJ,GIG,BPS,Airbus,Narrow,A320,A320,320,22,3812,1963180,2090
2026-07,LA,JJ,GIG,BPS,Airbus,Narrow,A320,A321,321,6,1294,666410,570
2026-07,LA,JJ,GIG,BSB,Airbus,Narrow,A320,A319,319,5,692,392364,550
2026-07,LA,JJ,GIG,BSB,Airbus,Narrow,A320,A320,320,60,10450,5925150,6515
2026-07,LA,JJ,GIG,BSB,Airbus,Narrow,A320,A321,321,28,6114,3466638,3040
2026-07,LA,JJ,GIG,CWB,Airbus,Narrow,A320,A320,320,41,7188,3011772,3250
2026-07,LA,JJ,GIG,CWB,Airbus,Narrow,A320,A321,321,21,4592,1924048,1705
2026-07,LA,JJ,GIG,FOR,Airbus,Narrow,A320,A320,320,74,12884,17341864,14540
2026-07,LA,JJ,GIG,FOR,Airbus,Narrow,A320,A321,321,19,4148,5583208,3740
2026-07,LA,JJ,GIG,GRU,Airbus,Narrow,A320,A319,319,2,272,57120,150
2026-07,LA,JJ,GIG,GRU,Airbus,Narrow,A320,A320,320,150,25906,5440260,10710
2026-07,LA,JJ,GIG,GRU,Airbus,Narrow,A320,A321,321,86,18664,3919440,6250
2026-07,LA,JJ,GIG,IGU,Airbus,Narrow,A320,A321,321,31,6784,5020160,4185
2026-07,LA,JJ,GIG,JPA,Airbus,Narrow,A320,A320,320,10,1722,2083620,1800
2026-07,LA,JJ,GIG,JPA,Airbus,Narrow,A320,A321,321,3,656,793760,540
2026-07,LA,JJ,GIG,MAO,Airbus,Narrow,A320,A320,320,13,2258,3985370,3280
2026-07,LA,JJ,GIG,MAO,Airbus,Narrow,A320,A321,321,9,1962,3462930,2265
2026-07,LA,JJ,GIG,POA,Airbus,Narrow,A320,A320,320,92,15982,11139454,11410
2026-07,LA,JJ,GIG,POA,Airbus,Narrow,A320,A321,321,15,3290,2293130,1880
2026-07,LA,JJ,GIG,SLZ,Airbus,Narrow,A320,A320,320,18,3154,4390368,3490
2026-07,LA,JJ,GIG,SLZ,Airbus,Narrow,A320,A321,321,5,1096,1525632,975
2026-07,LA,JJ,GIG,SSA,Airbus,Narrow,A320,A320,320,58,10004,7533012,6985
2026-07,LA,JJ,GIG,SSA,Airbus,Narrow,A320,A321,321,4,860,647580,475
2026-07,LA,JJ,GIG,VIX,Airbus,Narrow,A320,A320,320,80,13946,3598068,5200
2026-07,LA,JJ,GIG,VIX,Airbus,Narrow,A320,A321,321,13,2848,734784,805
2026-07,LA,JJ,GRU,AEP,Airbus,Narrow,A320,A320,320,182,31398,33030696,32980
2026-07,LA,JJ,GRU,AJU,Airbus,Narrow,A320,A319,319,1,134,141772,155
2026-07,LA,JJ,GRU,AJU,Airbus,Narrow,A320,A320,320,20,3462,3662796,3095
2026-07,LA,JJ,GRU,AJU,Airbus,Narrow,A320,A321,321,65,14178,15000324,10065
2026-07,LA,JJ,GRU,AMS,Boeing,Wide,B787,B787-9,789,26,7800,47260200,18540
2026-07,LA,JJ,GRU,BCN,Boeing,Wide,B777,B777-300 Passenger,773,12,4920,26730360,7560
2026-07,LA,JJ,GRU,BCN,Boeing,Wide,B787,B787-9,789,18,5400,29338200,11275
2026-07,LA,JJ,GRU,BEL,Airbus,Narrow,A320,A320,320,50,8658,13177476,10945
2026-07,LA,JJ,GRU,BEL,Airbus,Narrow,A320,A321,321,97,20918,31837196,21315
2026-07,LA,JJ,GRU,BOS,Boeing,Wide,B787,B787-9,789,18,5400,25866000,10620
2026-07,LA,JJ,GRU,BPS,Airbus,Narrow,A320,A320,320,49,8536,5804480,5385
2026-07,LA,JJ,GRU,BPS,Airbus,Narrow,A320,A321,321,58,12622,8582960,6380
2026-07,LA,JJ,GRU,BRC,Airbus,Narrow,A320,A321,321,44,9582,18004578,12320
2026-07,LA,JJ,GRU,BRU,Boeing,Wide,B787,B787-9,789,13,3900,23333700,9120
2026-07,LA,JJ,GRU,BSB,Airbus,Narrow,A320,A319,319,9,1226,648554,910
2026-07,LA,JJ,GRU,BSB,Airbus,Narrow,A320,A320,320,75,12908,6828332,7595
2026-07,LA,JJ,GRU,BSB,Airbus,Narrow,A320,A321,321,94,20354,10767266,9575
2026-07,LA,JJ,GRU,BVB,Airbus,Narrow,A320,A320,320,10,1752,3579336,2670
2026-07,LA,JJ,GRU,BVB,Airbus,Narrow,A320,A321,321,8,1758,3591594,2120
2026-07,LA,JJ,GRU,BYO,Airbus,Narrow,A320,A320,320,9,1580,1038060,1080
2026-07,LA,JJ,GRU,CAC,Airbus,Narrow,A320,A319,319,5,696,318072,475
2026-07,LA,JJ,GRU,CAC,Airbus,Narrow,A320,A320,320,49,8542,3903694,4670
2026-07,LA,JJ,GRU,CDG,Boeing,Wide,B787,B787-9,789,30,9000,52461000,20250
2026-07,LA,JJ,GRU,CGB,Airbus,Narrow,A320,A319,319,10,1376,1135200,1350
2026-07,LA,JJ,GRU,CGB,Airbus,Narrow,A320,A320,320,57,9872,8144400,7680
2026-07,LA,JJ,GRU,CGB,Airbus,Narrow,A320,A321,321,81,17578,14501850,10920
2026-07,LA,JJ,GRU,CGR,Airbus,Narrow,A320,A319,319,3,418,235752,330
2026-07,LA,JJ,GRU,CGR,Airbus,Narrow,A320,A320,320,71,12362,6972168,7785
2026-07,LA,JJ,GRU,CGR,Airbus,Narrow,A320,A321,321,61,13316,7510224,6650
2026-07,LA,JJ,GRU,CLV,Airbus,Narrow,A320,A320,320,31,5404,2248064,2480
2026-07,LA,JJ,GRU,CNF,Airbus,Narrow,A320,A319,319,3,416,127712,200
2026-07,LA,JJ,GRU,CNF,Airbus,Narrow,A320,A320,320,86,14966,4594562,5990
2026-07,LA,JJ,GRU,CNF,Airbus,Narrow,A320,A321,321,91,19896,6108072,6330
2026-07,LA,JJ,GRU,COR,Airbus,Narrow,A320,A319,319,1,140,170100,205
2026-07,LA,JJ,GRU,COR,Airbus,Narrow,A320,A320,320,30,5138,6242670,6150
2026-07,LA,JJ,GRU,CPT,Boeing,Wide,B787,B787-9,789,14,4200,16602600,6045
2026-07,LA,JJ,GRU,CWB,Airbus,Narrow,A320,A319,319,6,814,181522,350
2026-07,LA,JJ,GRU,CWB,Airbus,Narrow,A320,A320,320,85,14680,3273640,5320
2026-07,LA,JJ,GRU,CWB,Airbus,Narrow,A320,A321,321,92,19924,4443052,5690
2026-07,LA,JJ,GRU,CXJ,Airbus,Narrow,A320,A319,319,3,410,201310,300
2026-07,LA,JJ,GRU,CXJ,Airbus,Narrow,A320,A320,320,28,4840,2376440,2800
2026-07,LA,JJ,GRU,DOU,Airbus,Narrow,A320,A319,319,4,560,305760,420
2026-07,LA,JJ,GRU,DOU,Airbus,Narrow,A320,A320,320,27,4718,2576028,2835
2026-07,LA,JJ,GRU,EZE,Airbus,Narrow,A320,A320,320,22,3804,4066476,3885
2026-07,LA,JJ,GRU,EZE,Airbus,Narrow,A320,A321,321,9,1948,2082412,1620
2026-07,LA,JJ,GRU,FCO,Boeing,Wide,B777,B777-300 Passenger,773,27,11070,64748430,18495
2026-07,LA,JJ,GRU,FCO,Boeing,Wide,B787,B787-9,789,3,900,5264100,2055
2026-07,LA,JJ,GRU,FEN,Airbus,Narrow,A320,A319,319,23,3122,5123202,5405
2026-07,LA,JJ,GRU,FLN,Airbus,Narrow,A320,A319,319,3,414,132066,220
2026-07,LA,JJ,GRU,FLN,Airbus,Narrow,A320,A320,320,85,14670,4679730,6200
2026-07,LA,JJ,GRU,FLN,Airbus,Narrow,A320,A321,321,72,15674,5000006,5385
2026-07,LA,JJ,GRU,FOR,Airbus,Narrow,A320,A319,319,2,276,400752,410
2026-07,LA,JJ,GRU,FOR,Airbus,Narrow,A320,A320,320,83,14340,20821680,16970
2026-07,LA,JJ,GRU,FOR,Airbus,Narrow,A320,A321,321,117,25324,36770448,23870
2026-07,LA,JJ,GRU,FOR,Boeing,Wide,B787,B787-9,789,13,3900,5662800,2575
2026-07,LA,JJ,GRU,FRA,Boeing,Wide,B777,B777-300 Passenger,773,31,12710,77213250,21700
2026-07,LA,JJ,GRU,GIG,Airbus,Narrow,A320,A319,319,1,136,28560,60
2026-07,LA,JJ,GRU,GIG,Airbus,Narrow,A320,A320,320,151,26098,5480580,9065
2026-07,LA,JJ,GRU,GIG,Airbus,Narrow,A320,A321,321,86,18750,3937500,5160
2026-07,LA,JJ,GRU,GYN,Airbus,Narrow,A320,A319,319,9,1228,614000,895
2026-07,LA,JJ,GRU,GYN,Airbus,Narrow,A320,A320,320,60,10474,5237000,5925
2026-07,LA,JJ,GRU,GYN,Airbus,Narrow,A320,A321,321,92,20056,10028000,9080
2026-07,LA,JJ,GRU,IGU,Airbus,Narrow,A320,A319,319,1,136,72216,105
2026-07,LA,JJ,GRU,IGU,Airbus,Narrow,A320,A320,320,49,8538,4533678,5170
2026-07,LA,JJ,GRU,IGU,Airbus,Narrow,A320,A321,321,82,17940,9526140,8740
2026-07,LA,JJ,GRU,IMP,Airbus,Narrow,A320,A319,319,3,414,510462,540
2026-07,LA,JJ,GRU,IMP,Airbus,Narrow,A320,A320,320,27,4700,5795100,4860
2026-07,LA,JJ,GRU,IOS,Airbus,Narrow,A320,A319,319,4,558,427986,480
2026-07,LA,JJ,GRU,IOS,Airbus,Narrow,A320,A320,320,63,10950,8398650,7655
2026-07,LA,JJ,GRU,IZA,Airbus,Narrow,A320,A319,319,2,274,68226,120
2026-07,LA,JJ,GRU,IZA,Airbus,Narrow,A320,A320,320,29,5034,1253466,1780
2026-07,LA,JJ,GRU,JDO,Airbus,Narrow,A320,A319,319,1,138,167394,175
2026-07,LA,JJ,GRU,JDO,Airbus,Narrow,A320,A320,320,32,5578,6766114,5590
2026-07,LA,JJ,GRU,JDO,Airbus,Narrow,A320,A321,321,29,6328,7675864,5055
2026-07,LA,JJ,GRU,JFK,Boeing,Wide,B787,B787-9,789,33,9900,46975500,19470
2026-07,LA,JJ,GRU,JJD,Airbus,Narrow,A320,A319,319,1,138,202722,205
2026-07,LA,JJ,GRU,JJD,Airbus,Narrow,A320,A320,320,39,6820,10018580,7995
2026-07,LA,JJ,GRU,JJD,Airbus,Narrow,A320,A321,321,22,4790,7036510,4510
2026-07,LA,JJ,GRU,JJG,Airbus,Narrow,A320,A319,319,4,554,218830,335
2026-07,LA,JJ,GRU,JJG,Airbus,Narrow,A320,A320,320,18,3142,1241090,1510
2026-07,LA,JJ,GRU,JNB,Boeing,Wide,B787,B787-9,789,13,3900,18057000,6635
2026-07,LA,JJ,GRU,JOI,Airbus,Narrow,A320,A320,320,31,5404,1296960,2215
2026-07,LA,JJ,GRU,JPA,Airbus,Narrow,A320,A320,320,22,3820,5183740,4175
2026-07,LA,JJ,GRU,JPA,Airbus,Narrow,A320,A321,321,79,17188,23324116,15000
2026-07,LA,JJ,GRU,LAX,Boeing,Wide,B787,B787-9,789,23,6900,42476400,17095
2026-07,LA,JJ,GRU,LDB,Airbus,Narrow,A320,A319,319,10,1380,408480,750
2026-07,LA,JJ,GRU,LDB,Airbus,Narrow,A320,A320,320,68,11864,3511744,5045
2026-07,LA,JJ,GRU,LDB,Airbus,Narrow,A320,A321,321,11,2402,710992,795
2026-07,LA,JJ,GRU,LHR,Boeing,Wide,B777,B777-300 Passenger,773,31,12710,74518730,20925
2026-07,LA,JJ,GRU,LIM,Airbus,Narrow,A320,A320,320,42,7278,15720480,13225
2026-07,LA,JJ,GRU,LIM,Airbus,Narrow,A320,A321,321,6,1298,2803680,1920
2026-07,LA,JJ,GRU,LIM,Boeing,Wide,B787,B787-9,789,3,900,1944000,960
2026-07,LA,JJ,GRU,LIS,Boeing,Wide,B777,B777-300 Passenger,773,31,12710,62469650,17645
2026-07,LA,JJ,GRU,LIS,Boeing,Wide,B787,B787-9,789,5,1500,7372500,2825
2026-07,LA,JJ,GRU,MAD,Boeing,Wide,B777,B777-300 Passenger,773,9,3690,19154790,5400
2026-07,LA,JJ,GRU,MAD,Boeing,Wide,B787,B787-9,789,49,14700,76307700,29535
2026-07,LA,JJ,GRU,MAO,Airbus,Narrow,A320,A320,320,57,9736,16268856,13500
2026-07,LA,JJ,GRU,MAO,Airbus,Narrow,A320,A321,321,73,15660,26167860,17310
2026-07,LA,JJ,GRU,MCO,Boeing,Wide,B787,B787-9,789,49,14700,62563200,25885
2026-07,LA,JJ,GRU,MCP,Airbus,Narrow,A320,A320,320,27,4688,7707072,6325
2026-07,LA,JJ,GRU,MCZ,Airbus,Narrow,A320,A319,319,18,2478,2946342,3060
2026-07,LA,JJ,GRU,MCZ,Airbus,Narrow,A320,A320,320,56,9698,11530922,9515
2026-07,LA,JJ,GRU,MCZ,Airbus,Narrow,A320,A321,321,76,16464,19575696,12905
2026-07,LA,JJ,GRU,MDZ,Airbus,Narrow,A320,A320,320,31,5370,8076480,7420
2026-07,LA,JJ,GRU,MEX,Boeing,Wide,B787,B787-9,789,30,9000,41508000,16765
2026-07,LA,JJ,GRU,MGF,Airbus,Narrow,A320,A319,319,3,414,143658,255
2026-07,LA,JJ,GRU,MGF,Airbus,Narrow,A320,A320,320,36,6292,2183324,3055
2026-07,LA,JJ,GRU,MGF,Airbus,Narrow,A320,A321,321,54,11802,4095294,4590
2026-07,LA,JJ,GRU,MIA,Boeing,Wide,B777,B777-300 Passenger,773,35,14350,58433200,17760
2026-07,LA,JJ,GRU,MIA,Boeing,Wide,B787,B787-9,789,36,10800,43977600,18340
2026-07,LA,JJ,GRU,MOC,Airbus,Narrow,A320,A319,319,6,812,401128,540
2026-07,LA,JJ,GRU,MOC,Airbus,Narrow,A320,A320,320,25,4326,2137044,2250
2026-07,LA,JJ,GRU,MVD,Airbus,Narrow,A320,A320,320,70,12066,11752284,11095
2026-07,LA,JJ,GRU,MVD,Airbus,Narrow,A320,A321,321,10,2164,2107736,1550
2026-07,LA,JJ,GRU,MXP,Boeing,Wide,B777,B777-300 Passenger,773,31,12710,74747510,20815
2026-07,LA,JJ,GRU,NAT,Airbus,Narrow,A320,A320,320,26,4542,6458724,5045
2026-07,LA,JJ,GRU,NAT,Airbus,Narrow,A320,A321,321,99,21684,30834648,19135
2026-07,LA,JJ,GRU,NVT,Airbus,Narrow,A320,A319,319,11,1522,417028,760
2026-07,LA,JJ,GRU,NVT,Airbus,Narrow,A320,A320,320,109,18972,5198328,7625
2026-07,LA,JJ,GRU,OPS,Airbus,Narrow,A320,A320,320,31,5408,5332288,4805
2026-07,LA,JJ,GRU,PET,Airbus,Narrow,A320,A319,319,14,1940,1307560,1680
2026-07,LA,JJ,GRU,PFB,Airbus,Narrow,A320,A319,319,1,140,69020,95
2026-07,LA,JJ,GRU,PFB,Airbus,Narrow,A320,A320,320,53,9252,4561236,5255
2026-07,LA,JJ,GRU,PMW,Airbus,Narrow,A320,A319,319,2,276,251712,290
2026-07,LA,JJ,GRU,PMW,Airbus,Narrow,A320,A320,320,16,2804,2557248,2320
2026-07,LA,JJ,GRU,PMW,Airbus,Narrow,A320,A321,321,57,12488,11389056,8255
2026-07,LA,JJ,GRU,PNZ,Airbus,Narrow,A320,A319,319,6,810,844830,930
2026-07,LA,JJ,GRU,PNZ,Airbus,Narrow,A320,A320,320,30,5220,5444460,4645
2026-07,LA,JJ,GRU,PNZ,Airbus,Narrow,A320,A321,321,26,5678,5922154,4020
2026-07,LA,JJ,GRU,POA,Airbus,Narrow,A320,A320,320,84,14502,7787574,8800
2026-07,LA,JJ,GRU,POA,Airbus,Narrow,A320,A321,321,156,33946,18229002,16375
2026-07,LA,JJ,GRU,PUJ,Airbus,Narrow,A320,A320,320,22,3822,12398568,8800
2026-07,LA,JJ,GRU,PVH,Airbus,Narrow,A320,A320,320,12,2106,3230604,2635
2026-07,LA,JJ,GRU,PVH,Airbus,Narrow,A320,A321,321,19,4156,6375304,4180
2026-07,LA,JJ,GRU,RAO,Airbus,Narrow,A320,A319,319,3,420,75180,180
2026-07,LA,JJ,GRU,RAO,Airbus,Narrow,A320,A320,320,28,4880,873520,1680
2026-07,LA,JJ,GRU,RBR,Airbus,Narrow,A320,A319,319,2,274,461964,480
2026-07,LA,JJ,GRU,RBR,Airbus,Narrow,A320,A320,320,4,680,1146480,960
2026-07,LA,JJ,GRU,RBR,Airbus,Narrow,A320,A321,321,7,1516,2555976,1680
2026-07,LA,JJ,GRU,REC,Airbus,Narrow,A320,A319,319,6,814,1059828,1080
2026-07,LA,JJ,GRU,REC,Airbus,Narrow,A320,A320,320,36,6216,8093232,6515
2026-07,LA,JJ,GRU,REC,Airbus,Narrow,A320,A321,321,140,30400,39580800,25445
2026-07,LA,JJ,GRU,ROS,Airbus,Narrow,A320,A320,320,18,3100,3372800,3390
2026-07,LA,JJ,GRU,SCL,Airbus,Narrow,A320,A321,321,84,18160,29528160,21840
2026-07,LA,JJ,GRU,SDU,Airbus,Narrow,A320,A319,319,93,12874,2755036,5250
2026-07,LA,JJ,GRU,SJP,Airbus,Narrow,A320,A320,320,44,7702,2002520,3035
2026-07,LA,JJ,GRU,SLZ,Airbus,Narrow,A320,A319,319,1,136,195976,205
2026-07,LA,JJ,GRU,SLZ,Airbus,Narrow,A320,A320,320,34,5842,8418322,6995
2026-07,LA,JJ,GRU,SLZ,Airbus,Narrow,A320,A321,321,89,19242,27727722,18245
2026-07,LA,JJ,GRU,SSA,Airbus,Narrow,A320,A319,319,13,1780,1600220,1820
2026-07,LA,JJ,GRU,SSA,Airbus,Narrow,A320,A320,320,110,19068,17142132,15310
2026-07,LA,JJ,GRU,SSA,Airbus,Narrow,A320,A321,321,72,15634,14054966,9970
2026-07,LA,JJ,GRU,THE,Airbus,Narrow,A320,A319,319,3,404,519544,555
2026-07,LA,JJ,GRU,THE,Airbus,Narrow,A320,A320,320,11,1912,2458832,2055
2026-07,LA,JJ,GRU,THE,Airbus,Narrow,A320,A321,321,79,17262,22198932,14750
2026-07,LA,JJ,GRU,UBA,Airbus,Narrow,A320,A319,319,3,412,110828,210
2026-07,LA,JJ,GRU,UBA,Airbus,Narrow,A320,A320,320,11,1926,518094,770
2026-07,LA,JJ,GRU,UDI,Airbus,Narrow,A320,A319,319,27,3722,1235704,2020
2026-07,LA,JJ,GRU,UDI,Airbus,Narrow,A320,A320,320,89,15538,5158616,6640
2026-07,LA,JJ,GRU,UNA,Airbus,Narrow,A320,A320,320,3,540,399060,355
2026-07,LA,JJ,GRU,USH,Airbus,Narrow,A320,A321,321,18,3914,9546246,6140
2026-07,LA,JJ,GRU,VDC,Airbus,Narrow,A320,A320,320,26,4532,3127080,2975
2026-07,LA,JJ,GRU,VDC,Airbus,Narrow,A320,A321,321,36,7840,5409600,4070
2026-07,LA,JJ,GRU,VIX,Airbus,Narrow,A320,A319,319,1,140,63420,85
2026-07,LA,JJ,GRU,VIX,Airbus,Narrow,A320,A320,320,54,9432,4272696,4590
2026-07,LA,JJ,GRU,VIX,Airbus,Narrow,A320,A321,321,115,25194,11412882,9785
2026-07,LA,JJ,GRU,XAP,Airbus,Narrow,A320,A319,319,8,1108,509680,800
2026-07,LA,JJ,GRU,XAP,Airbus,Narrow,A320,A320,320,84,14624,6727040,8400
2026-07,LA,JJ,GYN,BSB,Airbus,Narrow,A320,A319,319,14,1932,195132,640
2026-07,LA,JJ,GYN,BSB,Airbus,Narrow,A320,A320,320,58,10062,1016262,2690
2026-07,LA,JJ,GYN,BSB,Airbus,Narrow,A320,A321,321,18,3914,395314,875
2026-07,LA,JJ,GYN,CGH,Airbus,Narrow,A320,A319,319,42,5816,2954528,4130
2026-07,LA,JJ,GYN,CGH,Airbus,Narrow,A320,A320,320,117,20326,10325608,11610
2026-07,LA,JJ,GYN,GRU,Airbus,Narrow,A320,A319,319,6,824,412000,655
2026-07,LA,JJ,GYN,GRU,Airbus,Narrow,A320,A320,320,66,11452,5726000,7100
2026-07,LA,JJ,GYN,GRU,Airbus,Narrow,A320,A321,321,89,19336,9668000,9095
2026-07,LA,JJ,IGU,BSB,Airbus,Narrow,A320,A321,321,31,6804,5388768,3720
2026-07,LA,JJ,IGU,CGH,Airbus,Narrow,A320,A319,319,13,1792,924672,1205
2026-07,LA,JJ,IGU,CGH,Airbus,Narrow,A320,A320,320,57,9940,5129040,5305
2026-07,LA,JJ,IGU,CWB,Airbus,Narrow,A320,A319,319,4,560,189280,280
2026-07,LA,JJ,IGU,CWB,Airbus,Narrow,A320,A320,320,44,7622,2576236,3075
2026-07,LA,JJ,IGU,GIG,Airbus,Narrow,A320,A321,321,31,6776,5014240,3565
2026-07,LA,JJ,IGU,GRU,Airbus,Narrow,A320,A319,319,2,276,146556,205
2026-07,LA,JJ,IGU,GRU,Airbus,Narrow,A320,A320,320,48,8336,4426416,4990
2026-07,LA,JJ,IGU,GRU,Airbus,Narrow,A320,A321,321,82,17886,9497466,8510
2026-07,LA,JJ,IMP,BSB,Airbus,Narrow,A320,A319,319,1,138,97980,115
2026-07,LA,JJ,IMP,BSB,Airbus,Narrow,A320,A320,320,30,5208,3697680,3450
2026-07,LA,JJ,IMP,GRU,Airbus,Narrow,A320,A319,319,3,410,505530,545
2026-07,LA,JJ,IMP,GRU,Airbus,Narrow,A320,A320,320,28,4904,6046632,5165
2026-07,LA,JJ,IOS,CGH,Airbus,Narrow,A320,A319,319,16,2220,1740480,2240
2026-07,LA,JJ,IOS,CGH,Airbus,Narrow,A320,A320,320,23,4026,3156384,3220
2026-07,LA,JJ,IOS,GRU,Airbus,Narrow,A320,A319,319,4,550,421850,525
2026-07,LA,JJ,IOS,GRU,Airbus,Narrow,A320,A320,320,63,10968,8412456,8140
2026-07,LA,JJ,IZA,GRU,Airbus,Narrow,A320,A319,319,2,274,68226,140
2026-07,LA,JJ,IZA,GRU,Airbus,Narrow,A320,A320,320,29,5050,1257450,2030
2026-07,LA,JJ,JDO,FOR,Airbus,Narrow,A320,A320,320,10,1756,423196,590
2026-07,LA,JJ,JDO,FOR,Airbus,Narrow,A320,A321,321,8,1750,421750,480
2026-07,LA,JJ,JDO,GRU,Airbus,Narrow,A320,A319,319,1,134,162542,190
2026-07,LA,JJ,JDO,GRU,Airbus,Narrow,A320,A320,320,35,6088,7384744,6535
2026-07,LA,JJ,JDO,GRU,Airbus,Narrow,A320,A321,321,26,5690,6901970,4810
2026-07,LA,JJ,JFK,GRU,Boeing,Wide,B787,B787-9,789,33,9900,46975500,19295
2026-07,LA,JJ,JJD,GRU,Airbus,Narrow,A320,A319,319,1,138,202722,210
2026-07,LA,JJ,JJD,GRU,Airbus,Narrow,A320,A320,320,39,6782,9962758,8150
2026-07,LA,JJ,JJD,GRU,Airbus,Narrow,A320,A321,321,22,4790,7036510,4545
2026-07,LA,JJ,JJG,GRU,Airbus,Narrow,A320,A319,319,4,552,218040,360
2026-07,LA,JJ,JJG,GRU,Airbus,Narrow,A320,A320,320,18,3140,1240300,1650
2026-07,LA,JJ,JNB,GRU,Boeing,Wide,B787,B787-9,789,13,3900,18057000,8045
2026-07,LA,JJ,JOI,CGH,Airbus,Narrow,A320,A319,319,4,554,122988,260
2026-07,LA,JJ,JOI,CGH,Airbus,Narrow,A320,A320,320,27,4686,1040292,1755
2026-07,LA,JJ,JOI,GRU,Airbus,Narrow,A320,A320,320,31,5450,1308000,2145
2026-07,LA,JJ,JPA,BSB,Airbus,Narrow,A320,A320,320,3,520,552760,505
2026-07,LA,JJ,JPA,BSB,Airbus,Narrow,A320,A321,321,55,12018,12775134,9200
2026-07,LA,JJ,JPA,CGH,Airbus,Narrow,A320,A319,319,9,1244,1709256,1890
2026-07,LA,JJ,JPA,CGH,Airbus,Narrow,A320,A320,320,30,5244,7205256,6300
2026-07,LA,JJ,JPA,GIG,Airbus,Narrow,A320,A320,320,11,1912,2313520,1975
2026-07,LA,JJ,JPA,GIG,Airbus,Narrow,A320,A321,321,2,434,525140,360
2026-07,LA,JJ,JPA,GRU,Airbus,Narrow,A320,A320,320,22,3812,5172884,4575
2026-07,LA,JJ,JPA,GRU,Airbus,Narrow,A320,A321,321,80,17404,23617228,16665
2026-07,LA,JJ,LAX,GRU,Boeing,Wide,B787,B787-9,789,23,6900,42476400,15985
2026-07,LA,JJ,LDB,CGH,Airbus,Narrow,A320,A319,319,12,1672,476520,840
2026-07,LA,JJ,LDB,CGH,Airbus,Narrow,A320,A320,320,28,4928,1404480,1955
2026-07,LA,JJ,LDB,GRU,Airbus,Narrow,A320,A319,319,10,1400,414400,725
2026-07,LA,JJ,LDB,GRU,Airbus,Narrow,A320,A320,320,68,11834,3502864,5185
2026-07,LA,JJ,LDB,GRU,Airbus,Narrow,A320,A321,321,11,2412,713952,785
2026-07,LA,JJ,LHR,GRU,Boeing,Wide,B777,B777-300 Passenger,773,31,12710,74518730,21235
2026-07,LA,JJ,LIM,GRU,Airbus,Narrow,A320,A320,320,42,7252,15664320,12315
2026-07,LA,JJ,LIM,GRU,Airbus,Narrow,A320,A321,321,6,1296,2799360,1740
2026-07,LA,JJ,LIM,GRU,Boeing,Wide,B787,B787-9,789,3,900,1944000,825
2026-07,LA,JJ,LIS,FOR,Boeing,Wide,B787,B787-9,789,8,2400,8347200,3840
2026-07,LA,JJ,LIS,GRU,Boeing,Wide,B777,B777-300 Passenger,773,31,12710,62469650,18925
2026-07,LA,JJ,LIS,GRU,Boeing,Wide,B787,B787-9,789,5,1500,7372500,3025
2026-07,LA,JJ,MAB,BSB,Airbus,Narrow,A320,A319,319,1,138,100188,125
2026-07,LA,JJ,MAB,BSB,Airbus,Narrow,A320,A320,320,30,5218,3788268,3730
2026-07,LA,JJ,MAD,GRU,Boeing,Wide,B777,B777-300 Passenger,773,9,3690,19154790,5715
2026-07,LA,JJ,MAD,GRU,Boeing,Wide,B787,B787-9,789,48,14400,74750400,30480
2026-07,LA,JJ,MAO,BEL,Airbus,Narrow,A320,A320,320,5,854,690032,650
2026-07,LA,JJ,MAO,BEL,Airbus,Narrow,A320,A321,321,3,648,523584,390
2026-07,LA,JJ,MAO,BSB,Airbus,Narrow,A320,A320,320,33,5686,6868688,5785
2026-07,LA,JJ,MAO,BSB,Airbus,Narrow,A320,A321,321,27,5830,7042640,4860
2026-07,LA,JJ,MAO,FOR,Airbus,Narrow,A320,A320,320,26,4510,6701860,5330
2026-07,LA,JJ,MAO,FOR,Airbus,Narrow,A320,A321,321,35,7632,11341152,7175
2026-07,LA,JJ,MAO,GIG,Airbus,Narrow,A320,A320,320,14,2414,4260710,3500
2026-07,LA,JJ,MAO,GIG,Airbus,Narrow,A320,A321,321,8,1726,3046390,2000
2026-07,LA,JJ,MAO,GRU,Airbus,Narrow,A320,A320,320,50,8576,14330496,11600
2026-07,LA,JJ,MAO,GRU,Airbus,Narrow,A320,A321,321,79,16964,28346844,18230
2026-07,LA,JJ,MCO,GRU,Boeing,Wide,B787,B787-9,789,49,14700,62563200,25340
2026-07,LA,JJ,MCP,BEL,Airbus,Narrow,A320,A320,320,37,6464,1318656,2035
2026-07,LA,JJ,MCP,BSB,Airbus,Narrow,A320,A319,319,8,1118,1245452,1320
2026-07,LA,JJ,MCP,BSB,Airbus,Narrow,A320,A320,320,23,4002,4458228,3795
2026-07,LA,JJ,MCP,GRU,Airbus,Narrow,A320,A320,320,27,4682,7697208,6325
2026-07,LA,JJ,MCZ,BSB,Airbus,Narrow,A320,A319,319,2,272,252144,300
2026-07,LA,JJ,MCZ,BSB,Airbus,Narrow,A320,A320,320,30,5208,4827816,4500
2026-07,LA,JJ,MCZ,BSB,Airbus,Narrow,A320,A321,321,26,5656,5243112,3900
2026-07,LA,JJ,MCZ,CGH,Airbus,Narrow,A320,A319,319,16,2208,2665056,3040
2026-07,LA,JJ,MCZ,CGH,Airbus,Narrow,A320,A320,320,51,8926,10773682,9670
2026-07,LA,JJ,MCZ,GRU,Airbus,Narrow,A320,A319,319,16,2196,2611044,2955
2026-07,LA,JJ,MCZ,GRU,Airbus,Narrow,A320,A320,320,54,9394,11169466,10000
2026-07,LA,JJ,MCZ,GRU,Airbus,Narrow,A320,A321,321,75,16350,19440150,13890
2026-07,LA,JJ,MDZ,GRU,Airbus,Narrow,A320,A320,320,31,5336,8025344,6375
2026-07,LA,JJ,MEX,GRU,Boeing,Wide,B787,B787-9,789,30,9000,41508000,16245
2026-07,LA,JJ,MGF,CGH,Airbus,Narrow,A320,A319,319,7,980,328300,560
2026-07,LA,JJ,MGF,CGH,Airbus,Narrow,A320,A320,320,24,4190,1403650,1920
2026-07,LA,JJ,MGF,GRU,Airbus,Narrow,A320,A319,319,3,414,143658,290
2026-07,LA,JJ,MGF,GRU,Airbus,Narrow,A320,A320,320,35,6112,2120864,3230
2026-07,LA,JJ,MGF,GRU,Airbus,Narrow,A320,A321,321,55,12030,4174410,4480
2026-07,LA,JJ,MIA,FOR,Boeing,Wide,B787,B787-9,789,5,1500,5187000,2050
2026-07,LA,JJ,MIA,GRU,Boeing,Wide,B777,B777-300 Passenger,773,35,14350,58433200,17385
2026-07,LA,JJ,MIA,GRU,Boeing,Wide,B787,B787-9,789,36,10800,43977600,17940
2026-07,LA,JJ,MOC,GRU,Airbus,Narrow,A320,A319,319,6,828,409032,570
2026-07,LA,JJ,MOC,GRU,Airbus,Narrow,A320,A320,320,25,4332,2140008,2370
2026-07,LA,JJ,MVD,GRU,Airbus,Narrow,A320,A320,320,70,12080,11765920,10910
2026-07,LA,JJ,MVD,GRU,Airbus,Narrow,A320,A321,321,10,2168,2111632,1485
2026-07,LA,JJ,MXP,GRU,Boeing,Wide,B777,B777-300 Passenger,773,31,12710,74747510,22320
2026-07,LA,JJ,NAT,BSB,Airbus,Narrow,A320,A320,320,3,520,570960,505
2026-07,LA,JJ,NAT,BSB,Airbus,Narrow,A320,A321,321,58,12600,13834800,9710
2026-07,LA,JJ,NAT,CGH,Airbus,Narrow,A320,A319,319,19,2620,3770180,4085
2026-07,LA,JJ,NAT,CGH,Airbus,Narrow,A320,A320,320,43,7536,10844304,9130
2026-07,LA,JJ,NAT,FOR,Airbus,Narrow,A320,A321,321,31,6782,1742974,2015
2026-07,LA,JJ,NAT,GRU,Airbus,Narrow,A320,A320,320,24,4164,5921208,5005
2026-07,LA,JJ,NAT,GRU,Airbus,Narrow,A320,A321,321,102,22188,31551336,21215
2026-07,LA,JJ,NVT,CGH,Airbus,Narrow,A320,A319,319,11,1528,391168,670
2026-07,LA,JJ,NVT,CGH,Airbus,Narrow,A320,A320,320,129,22442,5745152,8350
2026-07,LA,JJ,NVT,GRU,Airbus,Narrow,A320,A319,319,11,1504,412096,820
2026-07,LA,JJ,NVT,GRU,Airbus,Narrow,A320,A320,320,109,18906,5180244,8020
2026-07,LA,JJ,OPS,BSB,Airbus,Narrow,A320,A320,320,31,5412,3133548,3255
2026-07,LA,JJ,OPS,GRU,Airbus,Narrow,A320,A320,320,31,5390,5314540,4780
2026-07,LA,JJ,PET,GRU,Airbus,Narrow,A320,A319,319,14,1942,1308908,1680
2026-07,LA,JJ,PFB,GRU,Airbus,Narrow,A320,A319,319,1,140,69020,95
2026-07,LA,JJ,PFB,GRU,Airbus,Narrow,A320,A320,320,53,9236,4553348,5055
2026-07,LA,JJ,PHB,FOR,Airbus,Narrow,A320,A320,320,9,1578,361362,565
2026-07,LA,JJ,PMW,BSB,Airbus,Narrow,A320,A319,319,18,2492,956928,1350
2026-07,LA,JJ,PMW,BSB,Airbus,Narrow,A320,A320,320,11,1922,738048,825
2026-07,LA,JJ,PMW,BSB,Airbus,Narrow,A320,A321,321,2,438,168192,150
2026-07,LA,JJ,PMW,GRU,Airbus,Narrow,A320,A319,319,2,280,255360,290
2026-07,LA,JJ,PMW,GRU,Airbus,Narrow,A320,A320,320,15,2636,2404032,2175
2026-07,LA,JJ,PMW,GRU,Airbus,Narrow,A320,A321,321,58,12704,11586048,8410
2026-07,LA,JJ,PNZ,GRU,Airbus,Narrow,A320,A319,319,6,830,865690,990
2026-07,LA,JJ,PNZ,GRU,Airbus,Narrow,A320,A320,320,29,5056,5273408,4750
2026-07,LA,JJ,PNZ,GRU,Airbus,Narrow,A320,A321,321,27,5892,6145356,4460
2026-07,LA,JJ,POA,AEP,Airbus,Narrow,A320,A320,320,14,2436,1286208,1540
2026-07,LA,JJ,POA,BPS,Airbus,Narrow,A320,A320,320,4,720,869040,720
2026-07,LA,JJ,POA,BSB,Airbus,Narrow,A320,A320,320,60,10326,10264044,9010
2026-07,LA,JJ,POA,BSB,Airbus,Narrow,A320,A321,321,27,5848,5812912,4165
2026-07,LA,JJ,POA,CGH,Airbus,Narrow,A320,A319,319,32,4388,2277372,3040
2026-07,LA,JJ,POA,CGH,Airbus,Narrow,A320,A320,320,241,41724,21654756,22900
2026-07,LA,JJ,POA,CNF,Airbus,Narrow,A320,A320,320,54,9434,7962296,6930
2026-07,LA,JJ,POA,CNF,Airbus,Narrow,A320,A321,321,8,1750,1477000,1015
2026-07,LA,JJ,POA,CWB,Airbus,Narrow,A320,A320,320,60,10436,3454316,4195
2026-07,LA,JJ,POA,CWB,Airbus,Narrow,A320,A321,321,2,434,143654,135
2026-07,LA,JJ,POA,FLN,Airbus,Narrow,A320,A319,319,2,276,62100,100
2026-07,LA,JJ,POA,FLN,Airbus,Narrow,A320,A320,320,29,5060,1138500,1450
2026-07,LA,JJ,POA,GIG,Airbus,Narrow,A320,A320,320,89,15396,10731012,10235
2026-07,LA,JJ,POA,GIG,Airbus,Narrow,A320,A321,321,18,3930,2739210,2070
2026-07,LA,JJ,POA,GRU,Airbus,Narrow,A320,A319,319,2,274,147138,210
2026-07,LA,JJ,POA,GRU,Airbus,Narrow,A320,A320,320,60,10348,5556876,6300
2026-07,LA,JJ,POA,GRU,Airbus,Narrow,A320,A321,321,179,38808,20839896,18790
2026-07,LA,JJ,POA,SSA,Airbus,Narrow,A320,A320,320,13,2268,3252312,2210
2026-07,LA,JJ,PUJ,GRU,Airbus,Narrow,A320,A320,320,22,3814,12372616,8800
2026-07,LA,JJ,PVH,BSB,Airbus,Narrow,A320,A319,319,2,280,331800,330
2026-07,LA,JJ,PVH,BSB,Airbus,Narrow,A320,A320,320,23,4030,4775550,3775
2026-07,LA,JJ,PVH,BSB,Airbus,Narrow,A320,A321,321,6,1312,1554720,980
2026-07,LA,JJ,PVH,GRU,Airbus,Narrow,A320,A320,320,12,2092,3209128,2640
2026-07,LA,JJ,PVH,GRU,Airbus,Narrow,A320,A321,321,19,4138,6347692,4180
2026-07,LA,JJ,RAO,CGH,Airbus,Narrow,A320,A319,319,12,1666,309876,780
2026-07,LA,JJ,RAO,CGH,Airbus,Narrow,A320,A320,320,39,6814,1267404,2515
2026-07,LA,JJ,RAO,GRU,Airbus,Narrow,A320,A319,319,4,546,97734,290
2026-07,LA,JJ,RAO,GRU,Airbus,Narrow,A320,A320,320,28,4880,873520,1970
2026-07,LA,JJ,RBR,BSB,Airbus,Narrow,A320,A319,319,9,1236,1730400,1710
2026-07,LA,JJ,RBR,BSB,Airbus,Narrow,A320,A320,320,17,2968,4155200,3230
2026-07,LA,JJ,RBR,BSB,Airbus,Narrow,A320,A321,321,5,1090,1526000,950
2026-07,LA,JJ,RBR,GRU,Airbus,Narrow,A320,A319,319,2,274,461964,470
2026-07,LA,JJ,RBR,GRU,Airbus,Narrow,A320,A320,320,4,680,1146480,940
2026-07,LA,JJ,RBR,GRU,Airbus,Narrow,A320,A321,321,7,1514,2552604,1640
2026-07,LA,JJ,REC,BSB,Airbus,Narrow,A320,A319,319,6,828,850356,985
2026-07,LA,JJ,REC,BSB,Airbus,Narrow,A320,A320,320,32,5564,5714228,5200
2026-07,LA,JJ,REC,BSB,Airbus,Narrow,A320,A321,321,55,11986,12309622,9005
2026-07,LA,JJ,REC,CGH,Airbus,Narrow,A320,A319,319,20,2734,3606146,4150
2026-07,LA,JJ,REC,CGH,Airbus,Narrow,A320,A320,320,126,21852,28822788,26125
2026-07,LA,JJ,REC,EZE,Airbus,Narrow,A320,A320,320,4,686,1625820,1320
2026-07,LA,JJ,REC,FOR,Airbus,Narrow,A320,A319,319,10,1396,543044,850
2026-07,LA,JJ,REC,FOR,Airbus,Narrow,A320,A320,320,36,6286,2445254,3060
2026-07,LA,JJ,REC,FOR,Airbus,Narrow,A320,A321,321,16,3484,1355276,1360
2026-07,LA,JJ,REC,GRU,Airbus,Narrow,A320,A319,319,3,412,536424,600
2026-07,LA,JJ,REC,GRU,Airbus,Narrow,A320,A320,320,56,9700,12629400,11145
2026-07,LA,JJ,REC,GRU,Airbus,Narrow,A320,A321,321,128,27818,36219036,25370
2026-07,LA,JJ,ROS,GRU,Airbus,Narrow,A320,A320,320,18,3106,3379328,3005
2026-07,LA,JJ,SCL,FOR,Airbus,Narrow,A320,A320,320,4,694,2020234,1460
2026-07,LA,JJ,SCL,GRU,Airbus,Narrow,A320,A320,320,1,176,286176,250
2026-07,LA,JJ,SCL,GRU,Airbus,Narrow,A320,A321,321,83,17966,29212716,19700
2026-07,LA,JJ,SDU,BPS,Airbus,Narrow,A320,A319,319,31,4278,2220282,3270
2026-07,LA,JJ,SDU,BSB,Airbus,Narrow,A320,A319,319,180,24894,14314050,19055
2026-07,LA,JJ,SDU,CGH,Airbus,Narrow,A320,A319,319,589,80756,18412368,40100
2026-07,LA,JJ,SDU,GRU,Airbus,Narrow,A320,A319,319,92,12738,2725932,6370
2026-07,LA,JJ,SDU,SSA,Airbus,Narrow,A320,A319,319,31,4250,3217250,3565
2026-07,LA,JJ,SJP,CGH,Airbus,Narrow,A320,A319,319,3,414,108054,195
2026-07,LA,JJ,SJP,CGH,Airbus,Narrow,A320,A320,320,59,10304,2689344,3835
2026-07,LA,JJ,SJP,GRU,Airbus,Narrow,A320,A320,320,43,7514,1953640,2985
2026-07,LA,JJ,SLZ,BSB,Airbus,Narrow,A320,A320,320,7,1224,1157904,1050
2026-07,LA,JJ,SLZ,BSB,Airbus,Narrow,A320,A321,321,55,12044,11393624,8250
2026-07,LA,JJ,SLZ,CGH,Airbus,Narrow,A320,A320,320,23,4036,5876416,4830
2026-07,LA,JJ,SLZ,FOR,Airbus,Narrow,A320,A320,320,17,2964,1191528,1355
2026-07,LA,JJ,SLZ,FOR,Airbus,Narrow,A320,A321,321,35,7650,3075300,2800
2026-07,LA,JJ,SLZ,GIG,Airbus,Narrow,A320,A320,320,16,2786,3878112,3200
2026-07,LA,JJ,SLZ,GIG,Airbus,Narrow,A320,A321,321,6,1316,1831872,1200
2026-07,LA,JJ,SLZ,GRU,Airbus,Narrow,A320,A319,319,1,138,198858,210
2026-07,LA,JJ,SLZ,GRU,Airbus,Narrow,A320,A320,320,36,6266,9029306,7550
2026-07,LA,JJ,SLZ,GRU,Airbus,Narrow,A320,A321,321,87,18916,27257956,18260
2026-07,LA,JJ,SSA,BSB,Airbus,Narrow,A320,A319,319,1,136,91528,115
2026-07,LA,JJ,SSA,BSB,Airbus,Narrow,A320,A320,320,62,10778,7253594,7405
2026-07,LA,JJ,SSA,BSB,Airbus,Narrow,A320,A321,321,61,13260,8923980,7205
2026-07,LA,JJ,SSA,CGH,Airbus,Narrow,A320,A319,319,59,8108,7435036,9210
2026-07,LA,JJ,SSA,CGH,Airbus,Narrow,A320,A320,320,166,28650,26272050,25950
2026-07,LA,JJ,SSA,FOR,Airbus,Narrow,A320,A319,319,15,2072,1301216,1650
2026-07,LA,JJ,SSA,FOR,Airbus,Narrow,A320,A320,320,35,6122,3844616,3850
2026-07,LA,JJ,SSA,FOR,Airbus,Narrow,A320,A321,321,12,2608,1637824,1320
2026-07,LA,JJ,SSA,GIG,Airbus,Narrow,A320,A320,320,54,9312,7011936,7020
2026-07,LA,JJ,SSA,GIG,Airbus,Narrow,A320,A321,321,8,1734,1305702,1040
2026-07,LA,JJ,SSA,GRU,Airbus,Narrow,A320,A319,319,10,1376,1237024,1500
2026-07,LA,JJ,SSA,GRU,Airbus,Narrow,A320,A320,320,119,20694,18603906,17825
2026-07,LA,JJ,SSA,GRU,Airbus,Narrow,A320,A321,321,66,14366,12915034,9900
2026-07,LA,JJ,SSA,POA,Airbus,Narrow,A320,A319,319,3,418,599412,570
2026-07,LA,JJ,SSA,POA,Airbus,Narrow,A320,A320,320,4,688,986592,770
2026-07,LA,JJ,SSA,POA,Airbus,Narrow,A320,A321,321,6,1306,1872804,1140
2026-07,LA,JJ,SSA,SDU,Airbus,Narrow,A320,A319,319,31,4276,3236932,3565
2026-07,LA,JJ,STM,BSB,Airbus,Narrow,A320,A319,319,29,3974,4097194,4495
2026-07,LA,JJ,STM,BSB,Airbus,Narrow,A320,A320,320,2,352,362912,310
2026-07,LA,JJ,THE,BSB,Airbus,Narrow,A320,A319,319,5,690,565110,675
2026-07,LA,JJ,THE,BSB,Airbus,Narrow,A320,A320,320,13,2254,1846026,1750
2026-07,LA,JJ,THE,BSB,Airbus,Narrow,A320,A321,321,44,9614,7873866,5790
2026-07,LA,JJ,THE,CGH,Airbus,Narrow,A320,A319,319,8,1116,1451916,1520
2026-07,LA,JJ,THE,CGH,Airbus,Narrow,A320,A320,320,12,2096,2726896,2280
2026-07,LA,JJ,THE,FOR,Airbus,Narrow,A320,A320,320,17,2940,905520,1190
2026-07,LA,JJ,THE,FOR,Airbus,Narrow,A320,A321,321,37,8054,2480632,2590
2026-07,LA,JJ,THE,GRU,Airbus,Narrow,A320,A319,319,2,276,354936,370
2026-07,LA,JJ,THE,GRU,Airbus,Narrow,A320,A320,320,11,1908,2453688,2060
2026-07,LA,JJ,THE,GRU,Airbus,Narrow,A320,A321,321,80,17446,22435556,15085
2026-07,LA,JJ,UBA,GRU,Airbus,Narrow,A320,A319,319,3,420,112980,240
2026-07,LA,JJ,UBA,GRU,Airbus,Narrow,A320,A320,320,11,1928,518632,880
2026-07,LA,JJ,UDI,BSB,Airbus,Narrow,A320,A319,319,22,3034,637140,1190
2026-07,LA,JJ,UDI,BSB,Airbus,Narrow,A320,A320,320,9,1578,331380,495
2026-07,LA,JJ,UDI,CGH,Airbus,Narrow,A320,A319,319,4,550,187550,305
2026-07,LA,JJ,UDI,CGH,Airbus,Narrow,A320,A320,320,53,9278,3163798,3990
2026-07,LA,JJ,UDI,GRU,Airbus,Narrow,A320,A319,319,26,3566,1183912,2075
2026-07,LA,JJ,UDI,GRU,Airbus,Narrow,A320,A320,320,90,15614,5183848,7400
2026-07,LA,JJ,UNA,CGH,Airbus,Narrow,A320,A320,320,1,180,136260,145
2026-07,LA,JJ,UNA,GRU,Airbus,Narrow,A320,A320,320,2,360,266040,280
2026-07,LA,JJ,USH,GRU,Airbus,Narrow,A320,A321,321,18,3910,9536490,5870
2026-07,LA,JJ,VCP,BSB,Airbus,Narrow,A320,A319,319,7,960,474240,675
2026-07,LA,JJ,VCP,BSB,Airbus,Narrow,A320,A320,320,66,11450,5656300,6365
2026-07,LA,JJ,VCP,BSB,Airbus,Narrow,A320,A321,321,17,3686,1820884,1670
2026-07,LA,JJ,VDC,GRU,Airbus,Narrow,A320,A320,320,26,4516,3116040,3125
2026-07,LA,JJ,VDC,GRU,Airbus,Narrow,A320,A321,321,36,7852,5417880,4320
2026-07,LA,JJ,VIX,BSB,Airbus,Narrow,A320,A319,319,1,138,80868,110
2026-07,LA,JJ,VIX,BSB,Airbus,Narrow,A320,A320,320,35,6088,3567568,3850
2026-07,LA,JJ,VIX,BSB,Airbus,Narrow,A320,A321,321,18,3912,2292432,1980
2026-07,LA,JJ,VIX,CGH,Airbus,Narrow,A320,A319,319,41,5682,2670540,4100
2026-07,LA,JJ,VIX,CGH,Airbus,Narrow,A320,A320,320,71,12434,5843980,7100
2026-07,LA,JJ,VIX,GIG,Airbus,Narrow,A320,A320,320,80,13940,3596520,5315
2026-07,LA,JJ,VIX,GIG,Airbus,Narrow,A320,A321,321,13,2838,732204,880
2026-07,LA,JJ,VIX,GRU,Airbus,Narrow,A320,A319,319,5,698,316194,460
2026-07,LA,JJ,VIX,GRU,Airbus,Narrow,A320,A320,320,50,8700,3941100,4805
2026-07,LA,JJ,VIX,GRU,Airbus,Narrow,A320,A321,321,115,25092,11366676,11605
2026-07,LA,JJ,XAP,GRU,Airbus,Narrow,A320,A319,319,8,1094,503240,785
2026-07,LA,JJ,XAP,GRU,Airbus,Narrow,A320,A320,320,84,14630,6729800,7985
2026-07,LA,LA,AEP,SCL,Airbus,Narrow,A320,A320,320,81,13978,9980292,11633
2026-07,LA,LA,AKL,SCL,Boeing,Wide,B787,B787-8,788,4,1084,6515924,2650
2026-07,LA,LA,AKL,SCL,Boeing,Wide,B787,B787-9,789,9,2700,16229700,5975
2026-07,LA,LA,ANF,CCP,Airbus,Narrow,A320,A320,320,8,1406,1310392,1192
2026-07,LA,LA,ANF,CCP,Airbus,Narrow,A320,A321,321,32,7084,6602288,4630
2026-07,LA,LA,ANF,SCL,Airbus,Narrow,A320,A320,320,98,17078,11698430,11290
2026-07,LA,LA,ANF,SCL,Airbus,Narrow,A320,A321,321,123,26904,18429240,14198
2026-07,LA,LA,ARI,SCL,Airbus,Narrow,A320,A320,320,39,6710,6958270,5980
2026-07,LA,LA,ARI,SCL,Airbus,Narrow,A320,A321,321,40,8654,8974198,6118
2026-07,LA,LA,BBA,PMC,Airbus,Narrow,A320,A320,320,5,870,275790,340
2026-07,LA,LA,BBA,SCL,Airbus,Narrow,A320,A320,320,46,7928,6865648,6644
2026-07,LA,LA,BOG,SCL,Boeing,Wide,B787,B787-8,788,25,6775,17811475,8750
2026-07,LA,LA,BOG,SCL,Boeing,Wide,B787,B787-9,789,12,3648,9590592,4210
2026-07,LA,LA,BSB,SCL,Airbus,Narrow,A320,A320,320,33,5716,10683204,9620
2026-07,LA,LA,BSB,SCL,Airbus,Narrow,A320,A321,321,2,434,811146,582
2026-07,LA,LA,CCP,ANF,Airbus,Narrow,A320,A320,320,8,1408,1312256,1152
2026-07,LA,LA,CCP,ANF,Airbus,Narrow,A320,A321,321,32,7078,6596696,4598
2026-07,LA,LA,CCP,CJC,Airbus,Narrow,A320,A320,320,7,1218,1236270,1071
2026-07,LA,LA,CCP,CJC,Airbus,Narrow,A320,A321,321,17,3724,3779860,2588
2026-07,LA,LA,CCP,SCL,Airbus,Narrow,A320,A320,320,57,9876,2636892,3891
2026-07,LA,LA,CCP,SCL,Airbus,Narrow,A320,A321,321,92,19994,5338398,6266
2026-07,LA,LA,CJC,ANF,Airbus,Narrow,A320,A321,321,5,1120,131040,245
2026-07,LA,LA,CJC,CCP,Airbus,Narrow,A320,A320,320,7,1214,1232210,1092
2026-07,LA,LA,CJC,CCP,Airbus,Narrow,A320,A321,321,17,3734,3790010,2704
2026-07,LA,LA,CJC,SCL,Airbus,Narrow,A320,A320,320,90,15756,11958804,11325
2026-07,LA,LA,CJC,SCL,Airbus,Narrow,A320,A321,321,167,36466,27677694,20979
2026-07,LA,LA,CNF,SCL,Airbus,Narrow,A320,A320,320,31,5358,10196274,9318
2026-07,LA,LA,COR,SCL,Airbus,Narrow,A320,A320,320,31,5378,2210358,2689
2026-07,LA,LA,CPO,SCL,Airbus,Narrow,A320,A320,320,34,5906,2480520,2657
2026-07,LA,LA,CPO,SCL,Airbus,Narrow,A320,A321,321,63,13734,5768280,4887
2026-07,LA,LA,CUN,MIA,Boeing,Wide,B787,B787-8,788,4,1084,575604,420
2026-07,LA,LA,CUN,SCL,Boeing,Wide,B787,B787-8,788,3,813,3162570,1380
2026-07,LA,LA,CUN,SCL,Boeing,Wide,B787,B787-9,789,1,300,1167000,460
2026-07,LA,LA,CWB,SCL,Airbus,Narrow,A320,A320,320,31,5352,7530264,7130
2026-07,LA,LA,EZE,GIG,Airbus,Narrow,A320,A320,320,31,5394,6688560,5580
2026-07,LA,LA,EZE,MIA,Boeing,Wide,B787,B787-8,788,37,10027,44168935,20085
2026-07,LA,LA,EZE,MIA,Boeing,Wide,B787,B787-9,789,3,900,3964500,1625
2026-07,LA,LA,EZE,SCL,Airbus,Narrow,A320,A320,320,16,2762,1958258,2288
2026-07,LA,LA,EZE,SCL,Airbus,Narrow,A320,A321,321,6,1296,918864,858
2026-07,LA,LA,EZE,SCL,Boeing,Wide,B787,B787-8,788,37,10027,7109143,4850
2026-07,LA,LA,EZE,SCL,Boeing,Wide,B787,B787-9,789,3,912,646608,395
2026-07,LA,LA,FLN,SCL,Airbus,Narrow,A320,A320,320,70,12016,16582080,15651
2026-07,LA,LA,FLN,SCL,Airbus,Narrow,A320,A321,321,23,4956,6839280,5150
2026-07,LA,LA,GIG,EZE,Airbus,Narrow,A320,A320,320,31,5394,6688560,6510
2026-07,LA,LA,GIG,SCL,Airbus,Narrow,A320,A320,320,183,31604,57677300,53639
2026-07,LA,LA,GIG,SCL,Airbus,Narrow,A320,A321,321,3,650,1186250,890
2026-07,LA,LA,GRU,MCO,Boeing,Wide,B787,B787-8,788,7,1897,8073632,3710
2026-07,LA,LA,GRU,MCO,Boeing,Wide,B787,B787-9,789,1,300,1276800,530
2026-07,LA,LA,GRU,MVD,Airbus,Narrow,A320,A320,320,31,5332,5193368,4960
2026-07,LA,LA,GRU,SCL,Airbus,Narrow,A320,A320,320,157,27006,43911756,40840
2026-07,LA,LA,GRU,SCL,Airbus,Narrow,A320,A321,321,82,17712,28799712,21382
2026-07,LA,LA,GRU,SCL,Boeing,Wide,B787,B787-8,788,7,1897,3084522,1820
2026-07,LA,LA,GRU,SCL,Boeing,Wide,B787,B787-9,789,31,9424,15323424,8060
2026-07,LA,LA,IPC,SCL,Boeing,Wide,B787,B787-8,788,21,5691,13294176,5760
2026-07,LA,LA,IPC,SCL,Boeing,Wide,B787,B787-9,789,31,9300,21724800,8520
2026-07,LA,LA,IQQ,SCL,Airbus,Narrow,A320,A320,320,73,12642,11466294,9908
2026-07,LA,LA,IQQ,SCL,Airbus,Narrow,A320,A321,321,116,25286,22934402,15705
2026-07,LA,LA,JFK,SCL,Boeing,Wide,B787,B787-8,788,22,5962,30382352,13970
2026-07,LA,LA,JFK,SCL,Boeing,Wide,B787,B787-9,789,9,2700,13759200,5715
2026-07,LA,LA,LAX,SCL,Boeing,Wide,B787,B787-8,788,22,5962,33202378,14080
2026-07,LA,LA,LAX,SCL,Boeing,Wide,B787,B787-9,789,3,900,5012100,1920
2026-07,LA,LA,LIM,SCL,Airbus,Narrow,A320,A320,320,115,19628,29913072,24595
2026-07,LA,LA,LIM,SCL,Airbus,Narrow,A320,A321,321,9,1940,2956560,1910
2026-07,LA,LA,LPB,VVI,Airbus,Narrow,A320,A320,320,9,1548,532512,657
2026-07,LA,LA,LSC,SCL,Airbus,Narrow,A320,A320,320,81,14020,3378820,5135
2026-07,LA,LA,LSC,SCL,Airbus,Narrow,A320,A321,321,54,11710,2822110,3419
2026-07,LA,LA,MAD,GRU,Boeing,Wide,B787,B787-9,789,1,300,1557300,635
2026-07,LA,LA,MAD,SCL,Boeing,Wide,B787,B787-8,788,7,1897,12609359,5645
2026-07,LA,LA,MAD,SCL,Boeing,Wide,B787,B787-9,789,55,16500,109675500,44225
2026-07,LA,LA,MCO,GRU,Boeing,Wide,B787,B787-8,788,7,1897,8073632,3580
2026-07,LA,LA,MCO,GRU,Boeing,Wide,B787,B787-9,789,1,300,1276800,515
2026-07,LA,LA,MDZ,SCL,Airbus,Narrow,A320,A320,320,53,9102,1110444,3193
2026-07,LA,LA,MEL,SCL,Boeing,Wide,B787,B787-9,789,25,7500,52755000,18875
2026-07,LA,LA,MHC,SCL,Airbus,Narrow,A320,A320,320,7,1232,786016,759
2026-07,LA,LA,MHC,SCL,Airbus,Narrow,A320,A321,321,11,2420,1543960,1192
2026-07,LA,LA,MIA,CUN,Boeing,Wide,B787,B787-8,788,3,813,431703,375
2026-07,LA,LA,MIA,CUN,Boeing,Wide,B787,B787-9,789,1,300,159300,125
2026-07,LA,LA,MIA,EZE,Boeing,Wide,B787,B787-8,788,37,10027,44168935,19700
2026-07,LA,LA,MIA,EZE,Boeing,Wide,B787,B787-9,789,3,900,3964500,1585
2026-07,LA,LA,MIA,PUJ,Boeing,Wide,B787,B787-8,788,4,1084,986440,565
2026-07,LA,LA,MIA,PUJ,Boeing,Wide,B787,B787-9,789,5,1500,1365000,705
2026-07,LA,LA,MIA,SCL,Boeing,Wide,B787,B787-8,788,26,7046,29008382,12735
2026-07,LA,LA,MIA,SCL,Boeing,Wide,B787,B787-9,789,23,6900,28407300,11270
2026-07,LA,LA,MPN,PUQ,Airbus,Narrow,A320,A320,320,3,516,274512,298
2026-07,LA,LA,MPN,RGL,Airbus,Narrow,A320,A320,320,1,172,80496,89
2026-07,LA,LA,MVD,GRU,Airbus,Narrow,A320,A320,320,31,5332,5193368,4960
2026-07,LA,LA,MVD,SCL,Airbus,Narrow,A320,A320,320,55,9476,8064076,8665
2026-07,LA,LA,MVD,SCL,Airbus,Narrow,A320,A321,321,7,1512,1286712,1100
2026-07,LA,LA,NQN,SCL,Airbus,Narrow,A320,A320,320,18,3098,1273278,1485
2026-07,LA,LA,PMC,BBA,Airbus,Narrow,A320,A320,320,5,870,275790,330
2026-07,LA,LA,PMC,SCL,Airbus,Narrow,A320,A320,320,45,7842,4462098,4713
2026-07,LA,LA,PMC,SCL,Airbus,Narrow,A320,A321,321,34,7422,4223118,3533
2026-07,LA,LA,POA,SCL,Airbus,Narrow,A320,A320,320,23,3970,4672690,4830
2026-07,LA,LA,POA,SCL,Airbus,Narrow,A320,A321,321,8,1736,2043272,1680
2026-07,LA,LA,PUJ,MIA,Boeing,Wide,B787,B787-8,788,7,1897,1726270,1120
2026-07,LA,LA,PUJ,MIA,Boeing,Wide,B787,B787-9,789,2,600,546000,320
2026-07,LA,LA,PUJ,SCL,Boeing,Wide,B787,B787-8,788,4,1084,3876384,1820
2026-07,LA,LA,PUJ,SCL,Boeing,Wide,B787,B787-9,789,5,1500,5364000,2275
2026-07,LA,LA,PUQ,MPN,Airbus,Narrow,A320,A320,320,3,516,274512,297
2026-07,LA,LA,PUQ,RGL,Airbus,Narrow,A320,A320,320,1,172,21156,62
2026-07,LA,LA,PUQ,SCL,Airbus,Narrow,A320,A320,320,38,6556,8935828,7884
2026-07,LA,LA,PUQ,SCL,Airbus,Narrow,A320,A321,321,54,11704,15952552,11233
2026-07,LA,LA,REC,SCL,Airbus,Narrow,A320,A320,320,13,2228,6401044,5206
2026-07,LA,LA,RGL,MPN,Airbus,Narrow,A320,A320,320,1,174,81432,83
2026-07,LA,LA,RGL,PUQ,Airbus,Narrow,A320,A320,320,1,172,21156,55
2026-07,LA,LA,SCL,AEP,Airbus,Narrow,A320,A320,320,81,13934,9948876,10025
2026-07,LA,LA,SCL,AKL,Boeing,Wide,B787,B787-8,788,4,1084,6515924,3040
2026-07,LA,LA,SCL,AKL,Boeing,Wide,B787,B787-9,789,9,2700,16229700,6840
2026-07,LA,LA,SCL,ANF,Airbus,Narrow,A320,A320,320,101,17588,12047780,12494
2026-07,LA,LA,SCL,ANF,Airbus,Narrow,A320,A321,321,140,30514,20902090,17297
2026-07,LA,LA,SCL,ARI,Airbus,Narrow,A320,A320,320,39,6726,6974862,6240
2026-07,LA,LA,SCL,ARI,Airbus,Narrow,A320,A321,321,44,9484,9834908,7040
2026-07,LA,LA,SCL,BBA,Airbus,Narrow,A320,A320,320,46,7940,6876040,6648
2026-07,LA,LA,SCL,BOG,Boeing,Wide,B787,B787-8,788,25,6775,17811475,9145
2026-07,LA,LA,SCL,BOG,Boeing,Wide,B787,B787-9,789,12,3648,9590592,4500
2026-07,LA,LA,SCL,BSB,Airbus,Narrow,A320,A320,320,33,5714,10679466,8250
2026-07,LA,LA,SCL,BSB,Airbus,Narrow,A320,A321,321,2,432,807408,500
2026-07,LA,LA,SCL,CCP,Airbus,Narrow,A320,A320,320,56,9730,2597910,3905
2026-07,LA,LA,SCL,CCP,Airbus,Narrow,A320,A321,321,105,22874,6107358,7332
2026-07,LA,LA,SCL,CJC,Airbus,Narrow,A320,A320,320,89,15590,11832810,11546
2026-07,LA,LA,SCL,CJC,Airbus,Narrow,A320,A321,321,188,41018,31132662,24426
2026-07,LA,LA,SCL,CNF,Airbus,Narrow,A320,A320,320,31,5330,10142990,8060
2026-07,LA,LA,SCL,COR,Airbus,Narrow,A320,A320,320,31,5370,2207070,2901
2026-07,LA,LA,SCL,CPO,Airbus,Narrow,A320,A320,320,43,7478,3140760,3948
2026-07,LA,LA,SCL,CPO,Airbus,Narrow,A320,A321,321,58,12622,5301240,5321
2026-07,LA,LA,SCL,CUN,Boeing,Wide,B787,B787-8,788,4,1084,4216760,1980
2026-07,LA,LA,SCL,CWB,Airbus,Narrow,A320,A320,320,31,5358,7538706,6097
2026-07,LA,LA,SCL,EZE,Airbus,Narrow,A320,A320,320,16,2764,1959676,1936
2026-07,LA,LA,SCL,EZE,Airbus,Narrow,A320,A321,321,6,1296,918864,726
2026-07,LA,LA,SCL,EZE,Boeing,Wide,B787,B787-8,788,37,10027,7109143,4440
2026-07,LA,LA,SCL,EZE,Boeing,Wide,B787,B787-9,789,3,912,646608,360
2026-07,LA,LA,SCL,FLN,Airbus,Narrow,A320,A320,320,70,12070,16656600,14100
2026-07,LA,LA,SCL,FLN,Airbus,Narrow,A320,A321,321,23,4982,6875160,4665
2026-07,LA,LA,SCL,GIG,Airbus,Narrow,A320,A320,320,183,31912,58239400,44948
2026-07,LA,LA,SCL,GIG,Airbus,Narrow,A320,A321,321,3,654,1193550,730
2026-07,LA,LA,SCL,GRU,Airbus,Narrow,A320,A320,320,156,26858,43671108,36833
2026-07,LA,LA,SCL,GRU,Airbus,Narrow,A320,A321,321,83,17930,29154180,19494
2026-07,LA,LA,SCL,GRU,Boeing,Wide,B787,B787-8,788,7,1897,3084522,1575
2026-07,LA,LA,SCL,GRU,Boeing,Wide,B787,B787-9,789,32,9728,15817728,7545
2026-07,LA,LA,SCL,IPC,Boeing,Wide,B787,B787-8,788,21,5691,13294176,7020
2026-07,LA,LA,SCL,IPC,Boeing,Wide,B787,B787-9,789,31,9300,21724800,10380
2026-07,LA,LA,SCL,IQQ,Airbus,Narrow,A320,A320,320,70,12164,11032748,10252
2026-07,LA,LA,SCL,IQQ,Airbus,Narrow,A320,A321,321,113,24602,22314014,16596
2026-07,LA,LA,SCL,JFK,Boeing,Wide,B787,B787-8,788,21,5691,29001336,13545
2026-07,LA,LA,SCL,JFK,Boeing,Wide,B787,B787-9,789,10,3000,15288000,6450
2026-07,LA,LA,SCL,LAX,Boeing,Wide,B787,B787-8,788,22,5962,33202378,15010
2026-07,LA,LA,SCL,LAX,Boeing,Wide,B787,B787-9,789,4,1200,6682800,2720
2026-07,LA,LA,SCL,LIM,Airbus,Narrow,A320,A320,320,115,19674,29983176,27132
2026-07,LA,LA,SCL,LIM,Airbus,Narrow,A320,A321,321,9,1932,2944368,2115
2026-07,LA,LA,SCL,LPB,Airbus,Narrow,A320,A320,320,9,1548,1815804,1611
2026-07,LA,LA,SCL,LSC,Airbus,Narrow,A320,A320,320,81,14016,3377856,5581
2026-07,LA,LA,SCL,LSC,Airbus,Narrow,A320,A321,321,54,11744,2830304,3719
2026-07,LA,LA,SCL,MAD,Boeing,Wide,B787,B787-8,788,5,1355,9006685,3875
2026-07,LA,LA,SCL,MAD,Boeing,Wide,B787,B787-9,789,57,17100,113663700,44175
2026-07,LA,LA,SCL,MDZ,Airbus,Narrow,A320,A320,320,53,9090,1108980,3471
2026-07,LA,LA,SCL,MEL,Boeing,Wide,B787,B787-9,789,25,7500,52755000,21875
2026-07,LA,LA,SCL,MHC,Airbus,Narrow,A320,A320,320,7,1230,784740,821
2026-07,LA,LA,SCL,MHC,Airbus,Narrow,A320,A321,321,11,2418,1542684,1287
2026-07,LA,LA,SCL,MIA,Boeing,Wide,B787,B787-8,788,23,6233,25661261,11980
2026-07,LA,LA,SCL,MIA,Boeing,Wide,B787,B787-9,789,26,7820,32194940,13535
2026-07,LA,LA,SCL,MVD,Airbus,Narrow,A320,A320,320,55,9478,8065778,7590
2026-07,LA,LA,SCL,MVD,Airbus,Narrow,A320,A321,321,7,1512,1286712,966
2026-07,LA,LA,SCL,NQN,Airbus,Narrow,A320,A320,320,18,3100,1274100,1602
2026-07,LA,LA,SCL,PMC,Airbus,Narrow,A320,A320,320,47,8188,4658972,5024
2026-07,LA,LA,SCL,PMC,Airbus,Narrow,A320,A321,321,32,6982,3972758,3406
2026-07,LA,LA,SCL,POA,Airbus,Narrow,A320,A320,320,23,3974,4677398,4646
2026-07,LA,LA,SCL,POA,Airbus,Narrow,A320,A321,321,8,1736,2043272,1616
2026-07,LA,LA,SCL,PUJ,Boeing,Wide,B787,B787-8,788,7,1897,6783672,3220
2026-07,LA,LA,SCL,PUJ,Boeing,Wide,B787,B787-9,789,2,600,2145600,920
2026-07,LA,LA,SCL,PUQ,Airbus,Narrow,A320,A320,320,40,6904,9410152,8304
2026-07,LA,LA,SCL,PUQ,Airbus,Narrow,A320,A321,321,51,11042,15050246,10598
2026-07,LA,LA,SCL,REC,Airbus,Narrow,A320,A320,320,13,2254,6475742,5135
2026-07,LA,LA,SCL,SYD,Boeing,Wide,B787,B787-9,789,29,8700,61430700,26535
2026-07,LA,LA,SCL,VVI,Airbus,Narrow,A320,A320,320,5,862,1019746,1000
2026-07,LA,LA,SCL,ZAL,Airbus,Narrow,A320,A320,320,14,2462,1137444,1405
2026-07,LA,LA,SCL,ZAL,Airbus,Narrow,A320,A321,321,3,660,304920,300
2026-07,LA,LA,SCL,ZCO,Airbus,Narrow,A320,A320,320,86,14840,5713400,7450
2026-07,LA,LA,SCL,ZCO,Airbus,Narrow,A320,A321,321,90,19508,7510580,7783
2026-07,LA,LA,SCL,ZOS,Airbus,Narrow,A320,A320,320,13,2284,1171692,1313
2026-07,LA,LA,SCL,ZOS,Airbus,Narrow,A320,A321,321,11,2412,1237356,1111
2026-07,LA,LA,SYD,SCL,Boeing,Wide,B787,B787-9,789,29,8700,61430700,22185
2026-07,LA,LA,VVI,SCL,Airbus,Narrow,A320,A320,320,14,2410,2851030,2656
2026-07,LA,LA,ZAL,SCL,Airbus,Narrow,A320,A320,320,14,2464,1138368,1290
2026-07,LA,LA,ZAL,SCL,Airbus,Narrow,A320,A321,321,3,660,304920,275
2026-07,LA,LA,ZCO,SCL,Airbus,Narrow,A320,A320,320,86,14810,5701850,7193
2026-07,LA,LA,ZCO,SCL,Airbus,Narrow,A320,A321,321,90,19492,7504420,7527
2026-07,LA,LA,ZOS,SCL,Airbus,Narrow,A320,A320,320,13,2282,1170666,1287
2026-07,LA,LA,ZOS,SCL,Airbus,Narrow,A320,A321,321,11,2416,1239408,1089