report_source,Mkt Al,Op Al,Orig,Dest,Manu,Type,Aircraft Family,Aircraft Type,Equip,Flights,Seats,ASMs,Block Mins
2026-06,Y4,Y4,ACA,GDL,Airbus,Narrow,A320,A320,320,3,537,186876,234
2026-06,Y4,Y4,ACA,GDL,Airbus,Narrow,A320,A320neo,32N,23,4278,1488744,1794
2026-06,Y4,Y4,ACA,MEX,Airbus,Narrow,A320,A320,320,15,2685,510150,1020
2026-06,Y4,Y4,ACA,MEX,Airbus,Narrow,A320,A320neo,32N,15,2790,530100,1020
2026-06,Y4,Y4,ACA,QRO,Airbus,Narrow,A320,A320neo,32N,13,2418,645606,845
2026-06,Y4,Y4,ACA,TIJ,Airbus,Narrow,A320,A320,320,15,2685,4105365,3165
2026-06,Y4,Y4,ACA,TIJ,Airbus,Narrow,A320,A320neo,32N,15,2790,4265910,3165
2026-06,Y4,Y4,AGU,CUN,Airbus,Narrow,A320,A320neo,32N,12,2232,2223072,1836
2026-06,Y4,Y4,AGU,LAX,Airbus,Narrow,A320,A320,320,17,3043,3934599,3315
2026-06,Y4,Y4,AGU,MDW,Airbus,Narrow,A320,A320neo,32N,18,3348,5433804,4140
2026-06,Y4,Y4,AGU,PBC,Airbus,Narrow,A320,A320neo,32N,13,2418,751998,897
2026-06,Y4,Y4,AGU,PVR,Airbus,Narrow,A320,A320neo,32N,13,2418,488436,728
2026-06,Y4,Y4,AGU,TIJ,Airbus,Narrow,A320,A320neo,32N,30,5580,6523020,4950
2026-06,Y4,Y4,AGU,TIJ,Airbus,Narrow,A320,A321neo,32Q,22,5258,6146602,3630
2026-06,Y4,Y4,BJX,CUN,Airbus,Narrow,A320,A320,320,21,3759,3548496,3171
2026-06,Y4,Y4,BJX,CUN,Airbus,Narrow,A320,A320neo,32N,6,1116,1053504,906
2026-06,Y4,Y4,BJX,CUN,Airbus,Narrow,A320,A321neo,32Q,26,6214,5866016,3926
2026-06,Y4,Y4,BJX,FAT,Airbus,Narrow,A320,A320,320,5,895,1382775,1105
2026-06,Y4,Y4,BJX,FAT,Airbus,Narrow,A320,A320neo,32N,4,744,1149480,884
2026-06,Y4,Y4,BJX,FAT,Airbus,Narrow,A320,A321neo,32Q,4,956,1477020,884
2026-06,Y4,Y4,BJX,LAX,Airbus,Narrow,A320,A320,320,16,2864,3912224,3392
2026-06,Y4,Y4,BJX,MDW,Airbus,Narrow,A320,A320,320,13,2327,3818607,3055
2026-06,Y4,Y4,BJX,MTY,Airbus,Narrow,A320,A320,320,28,5012,1709092,2380
2026-06,Y4,Y4,BJX,MTY,Airbus,Narrow,A320,A320neo,32N,19,3534,1205094,1615
2026-06,Y4,Y4,BJX,MXL,Airbus,Narrow,A320,A321neo,32Q,9,2151,2508066,1539
2026-06,Y4,Y4,BJX,OAK,Airbus,Narrow,A320,A320neo,32N,13,2418,4093674,3120
2026-06,Y4,Y4,BJX,ONT,Airbus,Narrow,A320,A320neo,32N,9,1674,2233116,1773
2026-06,Y4,Y4,BJX,ORD,Airbus,Narrow,A320,A320,320,13,2327,3834896,3107
2026-06,Y4,Y4,BJX,ORD,Airbus,Narrow,A320,A321neo,32Q,4,956,1575488,956
2026-06,Y4,Y4,BJX,PBC,Airbus,Narrow,A320,A320neo,32N,13,2418,577902,819
2026-06,Y4,Y4,BJX,PVR,Airbus,Narrow,A320,A320neo,32N,8,1488,364560,536
2026-06,Y4,Y4,BJX,PVR,Airbus,Narrow,A320,A321neo,32Q,35,8365,2049425,2345
2026-06,Y4,Y4,BJX,SJC,Airbus,Narrow,A320,A320,320,4,716,1192140,944
2026-06,Y4,Y4,BJX,SJC,Airbus,Narrow,A320,A321neo,32Q,4,956,1591740,944
2026-06,Y4,Y4,BJX,SJD,Airbus,Narrow,A320,A320,320,4,716,393084,412
2026-06,Y4,Y4,BJX,SJD,Airbus,Narrow,A320,A320neo,32N,9,1674,919026,927
2026-06,Y4,Y4,BJX,SMF,Airbus,Narrow,A320,A320,320,4,716,1222928,988
2026-06,Y4,Y4,BJX,SMF,Airbus,Narrow,A320,A320neo,32N,1,186,317688,247
2026-06,Y4,Y4,BJX,TIJ,Airbus,Narrow,A320,A320,320,16,2864,3557088,2864
2026-06,Y4,Y4,BJX,TIJ,Airbus,Narrow,A320,A320neo,32N,52,9672,12012624,9308
2026-06,Y4,Y4,BJX,TIJ,Airbus,Narrow,A320,A321neo,32Q,9,2151,2671542,1611
2026-06,Y4,Y4,BOG,GDL,Airbus,Narrow,A320,A320neo,32N,9,1674,3753108,2835
2026-06,Y4,Y4,BOG,NLU,Airbus,Narrow,A320,A320neo,32N,17,3162,6213330,4981
2026-06,Y4,Y4,CEN,GDL,Airbus,Narrow,A320,A320neo,32N,43,7998,5014746,4644
2026-06,Y4,Y4,CEN,TIJ,Airbus,Narrow,A320,A320,320,30,5370,2980350,2850
2026-06,Y4,Y4,CJS,GDL,Airbus,Narrow,A320,A320neo,32N,60,11160,8805240,7620
2026-06,Y4,Y4,CJS,MEX,Airbus,Narrow,A320,A321,321,30,6900,6603300,4470
2026-06,Y4,Y4,CJS,TIJ,Airbus,Narrow,A320,A321neo,32Q,43,10277,6382017,4859
2026-06,Y4,Y4,CLQ,TIJ,Airbus,Narrow,A320,A320,320,30,5370,6615840,5220
2026-06,Y4,Y4,CLQ,TIJ,Airbus,Narrow,A320,A320neo,32N,20,3720,4583040,3480
2026-06,Y4,Y4,CLT,GDL,Airbus,Narrow,A320,A321neo,32Q,9,2151,3645945,2250
2026-06,Y4,Y4,CTM,MEX,Airbus,Narrow,A320,A321,321,30,6900,4871400,3780
2026-06,Y4,Y4,CUL,GDL,Airbus,Narrow,A320,A320neo,32N,82,15252,6024540,6806
2026-06,Y4,Y4,CUL,GDL,Airbus,Narrow,A320,A321,321,25,5750,2271250,2075
2026-06,Y4,Y4,CUL,MEX,Airbus,Narrow,A320,A320,320,30,5370,3495870,3450
2026-06,Y4,Y4,CUL,MTY,Airbus,Narrow,A320,A320,320,28,5012,2335592,2492
2026-06,Y4,Y4,CUL,MXL,Airbus,Narrow,A320,A320,320,30,5370,3855660,3390
2026-06,Y4,Y4,CUL,PHX,Airbus,Narrow,A320,A320neo,32N,5,930,611010,565
2026-06,Y4,Y4,CUL,PHX,Airbus,Narrow,A320,A321,321,3,690,453330,339
2026-06,Y4,Y4,CUL,SJD,Airbus,Narrow,A320,A320,320,30,5370,966600,1590
2026-06,Y4,Y4,CUL,TIJ,Airbus,Narrow,A320,A320,320,30,5370,4220820,3660
2026-06,Y4,Y4,CUL,TIJ,Airbus,Narrow,A320,A321neo,32Q,60,14340,11271240,7320
2026-06,Y4,Y4,CUN,AGU,Airbus,Narrow,A320,A320neo,32N,12,2232,2223072,1764
2026-06,Y4,Y4,CUN,BJX,Airbus,Narrow,A320,A320,320,21,3759,3548496,3108
2026-06,Y4,Y4,CUN,BJX,Airbus,Narrow,A320,A320neo,32N,6,1116,1053504,888
2026-06,Y4,Y4,CUN,BJX,Airbus,Narrow,A320,A321neo,32Q,26,6214,5866016,3848
2026-06,Y4,Y4,CUN,GDL,Airbus,Narrow,A320,A320neo,32N,60,11160,11874240,9840
2026-06,Y4,Y4,CUN,GDL,Airbus,Narrow,A320,A321neo,32Q,60,14340,15257760,9840
2026-06,Y4,Y4,CUN,GUA,Airbus,Narrow,A320,A320,320,30,5370,2711850,2790
2026-06,Y4,Y4,CUN,MEX,Airbus,Narrow,A320,A320neo,32N,17,3162,2529600,2380
2026-06,Y4,Y4,CUN,MEX,Airbus,Narrow,A320,A321,321,58,13270,10616000,8120
2026-06,Y4,Y4,CUN,MEX,Airbus,Narrow,A320,A321neo,32Q,45,10755,8604000,6300
2026-06,Y4,Y4,CUN,MLM,Airbus,Narrow,A320,A320,320,13,2327,2145494,1872
2026-06,Y4,Y4,CUN,MTY,Airbus,Narrow,A320,A320,320,78,13962,12593724,11700
2026-06,Y4,Y4,CUN,MTY,Airbus,Narrow,A320,A320neo,32N,13,2418,2181036,1950
2026-06,Y4,Y4,CUN,NLU,Airbus,Narrow,A320,A320,320,30,5370,4322850,4020
2026-06,Y4,Y4,CUN,OAX,Airbus,Narrow,A320,A320neo,32N,30,5580,3922740,3540
2026-06,Y4,Y4,CUN,PBC,Airbus,Narrow,A320,A320neo,32N,47,8742,6635178,5969
2026-06,Y4,Y4,CUN,QRO,Airbus,Narrow,A320,A320,320,30,5370,4698750,4320
2026-06,Y4,Y4,CUN,QRO,Airbus,Narrow,A320,A320neo,32N,14,2604,2278500,2016
2026-06,Y4,Y4,CUN,SJO,Airbus,Narrow,A320,A320,320,13,2327,1812733,1703
2026-06,Y4,Y4,CUN,SLP,Airbus,Narrow,A320,A320,320,30,5370,4897440,4290
2026-06,Y4,Y4,CUN,TGZ,Airbus,Narrow,A320,A320neo,32N,30,5580,2829060,2910
2026-06,Y4,Y4,CUN,TIJ,Airbus,Narrow,A320,A320,320,17,3043,6125559,4607
2026-06,Y4,Y4,CUN,TIJ,Airbus,Narrow,A320,A321neo,32Q,30,7170,14433210,8130
2026-06,Y4,Y4,CUN,TLC,Airbus,Narrow,A320,A320,320,60,10740,9021600,8220
2026-06,Y4,Y4,CUU,DEN,Airbus,Narrow,A320,A320neo,32N,13,2418,1878786,1716
2026-06,Y4,Y4,CUU,GDL,Airbus,Narrow,A320,A320,320,11,1969,1153834,1155
2026-06,Y4,Y4,CUU,GDL,Airbus,Narrow,A320,A320neo,32N,15,2790,1634940,1575
2026-06,Y4,Y4,CUU,GDL,Airbus,Narrow,A320,A321,321,13,2990,1752140,1365
2026-06,Y4,Y4,CUU,GDL,Airbus,Narrow,A320,A321neo,32Q,4,956,560216,420
2026-06,Y4,Y4,CUU,MEX,Airbus,Narrow,A320,A321,321,30,6900,5340600,3900
2026-06,Y4,Y4,CUU,TIJ,Airbus,Narrow,A320,A320,320,21,3759,2635059,2415
2026-06,Y4,Y4,CUU,TIJ,Airbus,Narrow,A320,A320neo,32N,30,5580,3911580,3450
2026-06,Y4,Y4,CZM,MEX,Airbus,Narrow,A320,A320neo,32N,5,930,737490,690
2026-06,Y4,Y4,CZM,MEX,Airbus,Narrow,A320,A321,321,25,5750,4559750,3450
2026-06,Y4,Y4,DEN,CUU,Airbus,Narrow,A320,A320neo,32N,13,2418,1878786,1742
2026-06,Y4,Y4,DEN,GDL,Airbus,Narrow,A320,A321neo,32Q,30,7170,9564780,6210
2026-06,Y4,Y4,DEN,MEX,Airbus,Narrow,A320,A320neo,32N,17,3162,4572252,3689
2026-06,Y4,Y4,DEN,MEX,Airbus,Narrow,A320,A321,321,13,2990,4323540,2821
2026-06,Y4,Y4,DEN,QRO,Airbus,Narrow,A320,A320neo,32N,8,1488,2010288,1600
2026-06,Y4,Y4,DFW,GDL,Airbus,Narrow,A320,A321,321,30,6900,6451500,4500
2026-06,Y4,Y4,DFW,MEX,Airbus,Narrow,A320,A321,321,30,6900,6451500,4950
2026-06,Y4,Y4,DFW,MLM,Airbus,Narrow,A320,A320,320,13,2327,2166437,1885
2026-06,Y4,Y4,DFW,QRO,Airbus,Narrow,A320,A320neo,32N,13,2418,2106078,1807
2026-06,Y4,Y4,DFW,SLP,Airbus,Narrow,A320,A320,320,13,2327,1808079,1690
2026-06,Y4,Y4,DGO,GDL,Airbus,Narrow,A320,A320,320,12,2148,558480,864
2026-06,Y4,Y4,DGO,GDL,Airbus,Narrow,A320,A320neo,32N,1,186,48360,72
2026-06,Y4,Y4,DGO,MDW,Airbus,Narrow,A320,A320neo,32N,13,2418,3755154,2795
2026-06,Y4,Y4,DGO,QRO,Airbus,Narrow,A320,A320neo,32N,13,2418,868062,962
2026-06,Y4,Y4,DGO,TIJ,Airbus,Narrow,A320,A320,320,17,3043,2899979,2431
2026-06,Y4,Y4,DGO,TIJ,Airbus,Narrow,A320,A320neo,32N,13,2418,2304354,1859
2026-06,Y4,Y4,DGO,TIJ,Airbus,Narrow,A320,A321neo,32Q,21,5019,4783107,3003
2026-06,Y4,Y4,DTW,GDL,Airbus,Narrow,A320,A320neo,32N,13,2418,4579692,3952
2026-06,Y4,Y4,EWR,GDL,Airbus,Narrow,A320,A320neo,32N,30,5580,12309480,9150
2026-06,Y4,Y4,EWR,PBC,Airbus,Narrow,A320,A320neo,32N,16,2976,6139488,4800
2026-06,Y4,Y4,FAT,BJX,Airbus,Narrow,A320,A320,320,4,716,1106220,828
2026-06,Y4,Y4,FAT,BJX,Airbus,Narrow,A320,A320neo,32N,4,744,1149480,828
2026-06,Y4,Y4,FAT,BJX,Airbus,Narrow,A320,A321neo,32Q,4,956,1477020,828
2026-06,Y4,Y4,FAT,GDL,Airbus,Narrow,A320,A321,321,30,6900,10308600,6300
2026-06,Y4,Y4,FAT,GDL,Airbus,Narrow,A320,A321neo,32Q,30,7170,10711980,6300
2026-06,Y4,Y4,FAT,MLM,Airbus,Narrow,A320,A320,320,18,3222,5229306,3906
2026-06,Y4,Y4,GDL,ACA,Airbus,Narrow,A320,A320,320,3,537,186876,237
2026-06,Y4,Y4,GDL,ACA,Airbus,Narrow,A320,A320neo,32N,23,4278,1488744,1817
2026-06,Y4,Y4,GDL,BOG,Airbus,Narrow,A320,A320neo,32N,9,1674,3753108,2763
2026-06,Y4,Y4,GDL,CEN,Airbus,Narrow,A320,A320neo,32N,43,7998,5014746,4988
2026-06,Y4,Y4,GDL,CJS,Airbus,Narrow,A320,A320neo,32N,60,11160,8805240,7920
2026-06,Y4,Y4,GDL,CLT,Airbus,Narrow,A320,A321neo,32Q,9,2151,3645945,2268
2026-06,Y4,Y4,GDL,CUL,Airbus,Narrow,A320,A320neo,32N,82,15252,6024540,6888
2026-06,Y4,Y4,GDL,CUL,Airbus,Narrow,A320,A321,321,25,5750,2271250,2100
2026-06,Y4,Y4,GDL,CUN,Airbus,Narrow,A320,A320neo,32N,60,11160,11874240,9840
2026-06,Y4,Y4,GDL,CUN,Airbus,Narrow,A320,A321neo,32Q,60,14340,15257760,9840
2026-06,Y4,Y4,GDL,CUU,Airbus,Narrow,A320,A320,320,11,1969,1153834,1188
2026-06,Y4,Y4,GDL,CUU,Airbus,Narrow,A320,A320neo,32N,15,2790,1634940,1620
2026-06,Y4,Y4,GDL,CUU,Airbus,Narrow,A320,A321,321,13,2990,1752140,1404
2026-06,Y4,Y4,GDL,CUU,Airbus,Narrow,A320,A321neo,32Q,4,956,560216,432
2026-06,Y4,Y4,GDL,DEN,Airbus,Narrow,A320,A321neo,32Q,30,7170,9564780,6300
2026-06,Y4,Y4,GDL,DFW,Airbus,Narrow,A320,A321,321,30,6900,6451500,4680
2026-06,Y4,Y4,GDL,DGO,Airbus,Narrow,A320,A320,320,12,2148,558480,732
2026-06,Y4,Y4,GDL,DGO,Airbus,Narrow,A320,A320neo,32N,1,186,48360,61
2026-06,Y4,Y4,GDL,DTW,Airbus,Narrow,A320,A320neo,32N,13,2418,4579692,3406
2026-06,Y4,Y4,GDL,EWR,Airbus,Narrow,A320,A320neo,32N,30,5580,12309480,8850
2026-06,Y4,Y4,GDL,FAT,Airbus,Narrow,A320,A321,321,30,6900,10308600,6480
2026-06,Y4,Y4,GDL,FAT,Airbus,Narrow,A320,A321neo,32Q,30,7170,10711980,6480
2026-06,Y4,Y4,GDL,HMO,Airbus,Narrow,A320,A320neo,32N,43,7998,6110472,5418
2026-06,Y4,Y4,GDL,HMO,Airbus,Narrow,A320,A321neo,32Q,30,7170,5477880,3780
2026-06,Y4,Y4,GDL,IAH,Airbus,Narrow,A320,A321neo,32Q,30,7170,5879400,4260
2026-06,Y4,Y4,GDL,LAP,Airbus,Narrow,A320,A320neo,32N,42,7812,3991932,4116
2026-06,Y4,Y4,GDL,LAS,Airbus,Narrow,A320,A321neo,32Q,56,13384,17251976,10920
2026-06,Y4,Y4,GDL,LAX,Airbus,Narrow,A320,A320neo,32N,30,5580,7293060,5880
2026-06,Y4,Y4,GDL,LAX,Airbus,Narrow,A320,A321,321,30,6900,9018300,5880
2026-06,Y4,Y4,GDL,LAX,Airbus,Narrow,A320,A321neo,32Q,60,14340,18742380,11760
2026-06,Y4,Y4,GDL,LMM,Airbus,Narrow,A320,A320neo,32N,30,5580,2851380,2760
2026-06,Y4,Y4,GDL,MCO,Airbus,Narrow,A320,A320neo,32N,7,1302,1933470,1554
2026-06,Y4,Y4,GDL,MCO,Airbus,Narrow,A320,A321,321,1,230,341550,222
2026-06,Y4,Y4,GDL,MCO,Airbus,Narrow,A320,A321neo,32Q,13,3107,4613895,2886
2026-06,Y4,Y4,GDL,MDW,Airbus,Narrow,A320,A320neo,32N,25,4650,8016600,6075
2026-06,Y4,Y4,GDL,MEX,Airbus,Narrow,A320,A320neo,32N,95,17670,5053620,7885
2026-06,Y4,Y4,GDL,MEX,Airbus,Narrow,A320,A321,321,69,15800,4518800,5727
2026-06,Y4,Y4,GDL,MEX,Airbus,Narrow,A320,A321neo,32Q,16,3824,1093664,1328
2026-06,Y4,Y4,GDL,MIA,Airbus,Narrow,A320,A320neo,32N,5,930,1401510,1100
2026-06,Y4,Y4,GDL,MIA,Airbus,Narrow,A320,A321,321,17,3910,5892370,3740
2026-06,Y4,Y4,GDL,MID,Airbus,Narrow,A320,A320,320,19,3401,3006484,2679
2026-06,Y4,Y4,GDL,MID,Airbus,Narrow,A320,A320neo,32N,3,558,493272,423
2026-06,Y4,Y4,GDL,MID,Airbus,Narrow,A320,A321neo,32Q,30,7170,6338280,4230
2026-06,Y4,Y4,GDL,MTY,Airbus,Narrow,A320,A320,320,55,9845,4085675,5005
2026-06,Y4,Y4,GDL,MTY,Airbus,Narrow,A320,A320neo,32N,125,23250,9648750,11375
2026-06,Y4,Y4,GDL,MXL,Airbus,Narrow,A320,A320,320,69,12351,13734312,11385
2026-06,Y4,Y4,GDL,MXL,Airbus,Narrow,A320,A320neo,32N,4,744,827328,660
2026-06,Y4,Y4,GDL,MZT,Airbus,Narrow,A320,A320,320,9,1611,423693,549
2026-06,Y4,Y4,GDL,MZT,Airbus,Narrow,A320,A320neo,32N,4,744,195672,244
2026-06,Y4,Y4,GDL,NLU,Airbus,Narrow,A320,A320,320,56,10024,2826768,4200
2026-06,Y4,Y4,GDL,OAK,Airbus,Narrow,A320,A320,320,4,716,1174240,940
2026-06,Y4,Y4,GDL,OAK,Airbus,Narrow,A320,A320neo,32N,55,10230,16777200,12925
2026-06,Y4,Y4,GDL,OAK,Airbus,Narrow,A320,A321,321,10,2300,3772000,2350
2026-06,Y4,Y4,GDL,OAK,Airbus,Narrow,A320,A321neo,32Q,4,956,1567840,940
2026-06,Y4,Y4,GDL,OAX,Airbus,Narrow,A320,A320neo,32N,43,7998,3959010,4042
2026-06,Y4,Y4,GDL,ONT,Airbus,Narrow,A320,A321neo,32Q,60,14340,18326520,11160
2026-06,Y4,Y4,GDL,ORD,Airbus,Narrow,A320,A320neo,32N,38,7068,12227640,9348
2026-06,Y4,Y4,GDL,ORD,Airbus,Narrow,A320,A321neo,32Q,18,4302,7442460,4428
2026-06,Y4,Y4,GDL,PBC,Airbus,Narrow,A320,A320,320,25,4475,1503600,1900
2026-06,Y4,Y4,GDL,PBC,Airbus,Narrow,A320,A320neo,32N,31,5766,1937376,2356
2026-06,Y4,Y4,GDL,PBC,Airbus,Narrow,A320,A321neo,32Q,4,956,321216,304
2026-06,Y4,Y4,GDL,PDX,Airbus,Narrow,A320,A320neo,32N,12,2232,4566672,3528
2026-06,Y4,Y4,GDL,PDX,Airbus,Narrow,A320,A321neo,32Q,30,7170,14669820,8820
2026-06,Y4,Y4,GDL,PHX,Airbus,Narrow,A320,A320,320,11,1969,2041853,1837
2026-06,Y4,Y4,GDL,PHX,Airbus,Narrow,A320,A320neo,32N,32,5952,6172224,5344
2026-06,Y4,Y4,GDL,PVR,Airbus,Narrow,A320,A320neo,32N,51,9486,1195236,2652
2026-06,Y4,Y4,GDL,PXM,Airbus,Narrow,A320,A320neo,32N,30,5580,2896020,2940
2026-06,Y4,Y4,GDL,QRO,Airbus,Narrow,A320,A320neo,32N,17,3162,600780,969
2026-06,Y4,Y4,GDL,REX,Airbus,Narrow,A320,A320neo,32N,25,4650,2311050,2250
2026-06,Y4,Y4,GDL,RNO,Airbus,Narrow,A320,A320neo,32N,22,4092,6674052,5192
2026-06,Y4,Y4,GDL,SAT,Airbus,Narrow,A320,A320,320,8,1432,988080,936
2026-06,Y4,Y4,GDL,SAT,Airbus,Narrow,A320,A320neo,32N,5,930,641700,585
2026-06,Y4,Y4,GDL,SAT,Airbus,Narrow,A320,A321neo,32Q,30,7170,4947300,3510
2026-06,Y4,Y4,GDL,SEA,Airbus,Narrow,A320,A320neo,32N,40,7440,15921600,12200
2026-06,Y4,Y4,GDL,SJC,Airbus,Narrow,A320,A320,320,15,2685,4325535,3405
2026-06,Y4,Y4,GDL,SJC,Airbus,Narrow,A320,A320neo,32N,2,372,599292,454
2026-06,Y4,Y4,GDL,SJC,Airbus,Narrow,A320,A321neo,32Q,30,7170,11550870,6810
2026-06,Y4,Y4,GDL,SJD,Airbus,Narrow,A320,A320neo,32N,55,10230,4603500,5005
2026-06,Y4,Y4,GDL,SJD,Airbus,Narrow,A320,A321,321,5,1150,517500,455
2026-06,Y4,Y4,GDL,SLC,Airbus,Narrow,A320,A320neo,32N,13,2418,3593148,2912
2026-06,Y4,Y4,GDL,SLP,Airbus,Narrow,A320,A320neo,32N,13,2418,454584,689
2026-06,Y4,Y4,GDL,SMF,Airbus,Narrow,A320,A320,320,25,4475,7428500,5975
2026-06,Y4,Y4,GDL,SMF,Airbus,Narrow,A320,A320neo,32N,35,6510,10806600,8365
2026-06,Y4,Y4,GDL,TAP,Airbus,Narrow,A320,A320,320,8,1432,1179968,1040
2026-06,Y4,Y4,GDL,TAP,Airbus,Narrow,A320,A320neo,32N,5,930,766320,650
2026-06,Y4,Y4,GDL,TGZ,Airbus,Narrow,A320,A320neo,32N,30,5580,4062240,3780
2026-06,Y4,Y4,GDL,TIJ,Airbus,Narrow,A320,A320,320,18,3222,3805182,3114
2026-06,Y4,Y4,GDL,TIJ,Airbus,Narrow,A320,A321,321,90,19800,23383800,15570
2026-06,Y4,Y4,GDL,TIJ,Airbus,Narrow,A320,A321neo,32Q,102,24378,28790418,17646
2026-06,Y4,Y4,GDL,TLC,Airbus,Narrow,A320,A320neo,32N,60,11160,2767680,3960
2026-06,Y4,Y4,GDL,TQO,Airbus,Narrow,A320,A320neo,32N,16,2976,3020640,2464
2026-06,Y4,Y4,GDL,TRC,Airbus,Narrow,A320,A320neo,32N,30,5580,1936260,2370
2026-06,Y4,Y4,GDL,VER,Airbus,Narrow,A320,A320,320,3,537,254538,273
2026-06,Y4,Y4,GDL,VER,Airbus,Narrow,A320,A320neo,32N,40,7440,3526560,3640
2026-06,Y4,Y4,GDL,VER,Airbus,Narrow,A320,A321,321,4,920,436080,364
2026-06,Y4,Y4,GDL,VSA,Airbus,Narrow,A320,A320,320,20,3580,2506000,2420
2026-06,Y4,Y4,GDL,VSA,Airbus,Narrow,A320,A320neo,32N,5,930,651000,605
2026-06,Y4,Y4,GDL,ZCL,Airbus,Narrow,A320,A320neo,32N,13,2418,406224,650
2026-06,Y4,Y4,GDL,ZIH,Airbus,Narrow,A320,A320,320,13,2327,542191,728
2026-06,Y4,Y4,GDL,ZIH,Airbus,Narrow,A320,A320neo,32N,4,744,173352,224
2026-06,Y4,Y4,GUA,CUN,Airbus,Narrow,A320,A320,320,30,5370,2711850,3270
2026-06,Y4,Y4,GUA,MEX,Airbus,Narrow,A320,A321,321,15,3380,2217280,1845
2026-06,Y4,Y4,GUA,MEX,Airbus,Narrow,A320,A321neo,32Q,15,3585,2351760,1845
2026-06,Y4,Y4,HMO,GDL,Airbus,Narrow,A320,A320neo,32N,43,7998,6110472,5332
2026-06,Y4,Y4,HMO,GDL,Airbus,Narrow,A320,A321neo,32Q,30,7170,5477880,3720
2026-06,Y4,Y4,HMO,MEX,Airbus,Narrow,A320,A320neo,32N,30,5580,5607900,4620
2026-06,Y4,Y4,HMO,MXL,Airbus,Narrow,A320,A320,320,9,1611,560628,657
2026-06,Y4,Y4,HMO,TIJ,Airbus,Narrow,A320,A320neo,32N,30,5580,2371500,2490
2026-06,Y4,Y4,HMO,TIJ,Airbus,Narrow,A320,A321neo,32Q,60,14340,6094500,4980
2026-06,Y4,Y4,HUX,MEX,Airbus,Narrow,A320,A320neo,32N,3,558,174654,255
2026-06,Y4,Y4,HUX,MEX,Airbus,Narrow,A320,A321,321,27,6210,1943730,2295
2026-06,Y4,Y4,HUX,PBC,Airbus,Narrow,A320,A320neo,32N,17,3162,853740,1088
2026-06,Y4,Y4,IAH,GDL,Airbus,Narrow,A320,A321neo,32Q,30,7170,5879400,4200
2026-06,Y4,Y4,IAH,MEX,Airbus,Narrow,A320,A320neo,32N,1,186,141918,140
2026-06,Y4,Y4,IAH,MEX,Airbus,Narrow,A320,A321,321,29,6670,5089210,4060
2026-06,Y4,Y4,IAH,MLM,Airbus,Narrow,A320,A320,320,13,2327,1822041,1664
2026-06,Y4,Y4,IAH,PBC,Airbus,Narrow,A320,A320neo,32N,13,2418,1861860,1547
2026-06,Y4,Y4,IAH,QRO,Airbus,Narrow,A320,A320neo,32N,13,2418,1738542,1560
2026-06,Y4,Y4,IAH,SLP,Airbus,Narrow,A320,A320,320,13,2327,1493934,1417
2026-06,Y4,Y4,LAP,GDL,Airbus,Narrow,A320,A320neo,32N,42,7812,3991932,4074
2026-06,Y4,Y4,LAP,MEX,Airbus,Narrow,A320,A321,321,31,7060,5577400,4044
2026-06,Y4,Y4,LAP,MEX,Airbus,Narrow,A320,A321neo,32Q,16,3824,3020960,2096
2026-06,Y4,Y4,LAP,NLU,Airbus,Narrow,A320,A320neo,32N,9,1674,1315764,1143
2026-06,Y4,Y4,LAP,TIJ,Airbus,Narrow,A320,A320,320,60,10740,7593180,6720
2026-06,Y4,Y4,LAP,TIJ,Airbus,Narrow,A320,A321neo,32Q,17,4063,2872541,1904
2026-06,Y4,Y4,LAS,GDL,Airbus,Narrow,A320,A321neo,32Q,56,13384,17251976,11088
2026-06,Y4,Y4,LAS,MEX,Airbus,Narrow,A320,A321neo,32Q,30,7170,10805190,6750
2026-06,Y4,Y4,LAX,AGU,Airbus,Narrow,A320,A320,320,17,3043,3934599,3162
2026-06,Y4,Y4,LAX,BJX,Airbus,Narrow,A320,A320,320,17,3043,4156738,3366
2026-06,Y4,Y4,LAX,GDL,Airbus,Narrow,A320,A320neo,32N,30,5580,7293060,5700
2026-06,Y4,Y4,LAX,GDL,Airbus,Narrow,A320,A321,321,30,6900,9018300,5700
2026-06,Y4,Y4,LAX,GDL,Airbus,Narrow,A320,A321neo,32Q,60,14340,18742380,11400
2026-06,Y4,Y4,LAX,MEX,Airbus,Narrow,A320,A320,320,30,5370,8339610,6690
2026-06,Y4,Y4,LAX,MEX,Airbus,Narrow,A320,A321,321,30,6900,10715700,6690
2026-06,Y4,Y4,LAX,MLM,Airbus,Narrow,A320,A320,320,13,2307,3326694,2665
2026-06,Y4,Y4,LAX,MLM,Airbus,Narrow,A320,A320neo,32N,9,1674,2413908,1845
2026-06,Y4,Y4,LAX,OAX,Airbus,Narrow,A320,A320neo,32N,13,2418,4306458,3146
2026-06,Y4,Y4,LAX,PBC,Airbus,Narrow,A320,A320neo,32N,17,3162,5059200,3978
2026-06,Y4,Y4,LAX,QRO,Airbus,Narrow,A320,A320,320,9,1611,2313396,1863
2026-06,Y4,Y4,LAX,TPQ,Airbus,Narrow,A320,A320,320,13,2327,2766803,2366
2026-06,Y4,Y4,LAX,UPN,Airbus,Narrow,A320,A320,320,9,1611,2286009,1845
2026-06,Y4,Y4,LAX,ZCL,Airbus,Narrow,A320,A320neo,32N,18,3348,4084560,3258
2026-06,Y4,Y4,LIM,MEX,Airbus,Narrow,A320,A320neo,32N,30,5580,14669820,10980
2026-06,Y4,Y4,LMM,GDL,Airbus,Narrow,A320,A320neo,32N,30,5580,2851380,2820
2026-06,Y4,Y4,LMM,MEX,Airbus,Narrow,A320,A320neo,32N,30,5580,4296600,3810
2026-06,Y4,Y4,LMM,MXL,Airbus,Narrow,A320,A320,320,9,1611,976266,909
2026-06,Y4,Y4,LMM,TIJ,Airbus,Narrow,A320,A320,320,30,5370,3603270,3210
2026-06,Y4,Y4,LMM,TIJ,Airbus,Narrow,A320,A320neo,32N,30,5580,3744180,3210
2026-06,Y4,Y4,LTO,TIJ,Airbus,Narrow,A320,A320,320,13,2327,1314755,1274
2026-06,Y4,Y4,LTO,TIJ,Airbus,Narrow,A320,A320neo,32N,17,3162,1786530,1666
2026-06,Y4,Y4,MCO,GDL,Airbus,Narrow,A320,A320neo,32N,7,1302,1933470,1561
2026-06,Y4,Y4,MCO,GDL,Airbus,Narrow,A320,A321,321,1,230,341550,223
2026-06,Y4,Y4,MCO,GDL,Airbus,Narrow,A320,A321neo,32Q,13,3107,4613895,2899
2026-06,Y4,Y4,MCO,MEX,Airbus,Narrow,A320,A321,321,30,6900,8832000,6300
2026-06,Y4,Y4,MCO,QRO,Airbus,Narrow,A320,A320neo,32N,9,1674,2197962,1773
2026-06,Y4,Y4,MDW,AGU,Airbus,Narrow,A320,A320neo,32N,18,3348,5433804,4194
2026-06,Y4,Y4,MDW,BJX,Airbus,Narrow,A320,A320,320,13,2327,3818607,3055
2026-06,Y4,Y4,MDW,DGO,Airbus,Narrow,A320,A320neo,32N,13,2418,3755154,2860
2026-06,Y4,Y4,MDW,GDL,Airbus,Narrow,A320,A320neo,32N,25,4650,8016600,6175
2026-06,Y4,Y4,MDW,MLM,Airbus,Narrow,A320,A320neo,32N,30,5580,9486000,7170
2026-06,Y4,Y4,MDW,SLP,Airbus,Narrow,A320,A320neo,32N,17,3162,4913748,3825
2026-06,Y4,Y4,MDW,ZCL,Airbus,Narrow,A320,A320neo,32N,17,3162,4939044,3825
2026-06,Y4,Y4,MEX,ACA,Airbus,Narrow,A320,A320,320,15,2685,510150,945
2026-06,Y4,Y4,MEX,ACA,Airbus,Narrow,A320,A320neo,32N,15,2790,530100,945
2026-06,Y4,Y4,MEX,CJS,Airbus,Narrow,A320,A321,321,30,6900,6603300,4590
2026-06,Y4,Y4,MEX,CTM,Airbus,Narrow,A320,A321,321,30,6900,4871400,3510
2026-06,Y4,Y4,MEX,CUL,Airbus,Narrow,A320,A320,320,30,5370,3495870,3540
2026-06,Y4,Y4,MEX,CUN,Airbus,Narrow,A320,A320neo,32N,16,2976,2380800,2128
2026-06,Y4,Y4,MEX,CUN,Airbus,Narrow,A320,A321,321,59,13500,10800000,8072
2026-06,Y4,Y4,MEX,CUN,Airbus,Narrow,A320,A321neo,32Q,45,10755,8604000,6210
2026-06,Y4,Y4,MEX,CUU,Airbus,Narrow,A320,A321,321,30,6900,5340600,3900
2026-06,Y4,Y4,MEX,CZM,Airbus,Narrow,A320,A320neo,32N,5,930,737490,635
2026-06,Y4,Y4,MEX,CZM,Airbus,Narrow,A320,A321,321,25,5750,4559750,3175
2026-06,Y4,Y4,MEX,DEN,Airbus,Narrow,A320,A320neo,32N,17,3162,4572252,3723
2026-06,Y4,Y4,MEX,DEN,Airbus,Narrow,A320,A321,321,13,2990,4323540,2847
2026-06,Y4,Y4,MEX,DFW,Airbus,Narrow,A320,A321,321,30,6900,6451500,4980
2026-06,Y4,Y4,MEX,GDL,Airbus,Narrow,A320,A320neo,32N,95,17670,5053620,7410
2026-06,Y4,Y4,MEX,GDL,Airbus,Narrow,A320,A321,321,72,16490,4716140,5616
2026-06,Y4,Y4,MEX,GDL,Airbus,Narrow,A320,A321neo,32Q,16,3824,1093664,1248
2026-06,Y4,Y4,MEX,GUA,Airbus,Narrow,A320,A321,321,14,3150,2066400,1624
2026-06,Y4,Y4,MEX,GUA,Airbus,Narrow,A320,A321neo,32Q,16,3824,2508544,1856
2026-06,Y4,Y4,MEX,HMO,Airbus,Narrow,A320,A320neo,32N,30,5580,5607900,4950
2026-06,Y4,Y4,MEX,HUX,Airbus,Narrow,A320,A320neo,32N,3,558,174654,240
2026-06,Y4,Y4,MEX,HUX,Airbus,Narrow,A320,A321,321,27,6210,1943730,2160
2026-06,Y4,Y4,MEX,IAH,Airbus,Narrow,A320,A320neo,32N,1,186,141918,135
2026-06,Y4,Y4,MEX,IAH,Airbus,Narrow,A320,A321,321,29,6670,5089210,3915
2026-06,Y4,Y4,MEX,LAP,Airbus,Narrow,A320,A321,321,31,7060,5577400,4123
2026-06,Y4,Y4,MEX,LAP,Airbus,Narrow,A320,A321neo,32Q,16,3824,3020960,2128
2026-06,Y4,Y4,MEX,LAS,Airbus,Narrow,A320,A321neo,32Q,30,7170,10805190,6990
2026-06,Y4,Y4,MEX,LAX,Airbus,Narrow,A320,A320,320,30,5370,8339610,7110
2026-06,Y4,Y4,MEX,LAX,Airbus,Narrow,A320,A321,321,30,6900,10715700,7110
2026-06,Y4,Y4,MEX,LIM,Airbus,Narrow,A320,A320neo,32N,30,5580,14669820,10830
2026-06,Y4,Y4,MEX,LMM,Airbus,Narrow,A320,A320neo,32N,30,5580,4296600,4110
2026-06,Y4,Y4,MEX,MCO,Airbus,Narrow,A320,A321,321,30,6900,8832000,5970
2026-06,Y4,Y4,MEX,MIA,Airbus,Narrow,A320,A321,321,17,3820,4874320,3247
2026-06,Y4,Y4,MEX,MIA,Airbus,Narrow,A320,A321neo,32Q,13,3107,3964532,2483
2026-06,Y4,Y4,MEX,MID,Airbus,Narrow,A320,A320neo,32N,5,930,577530,550
2026-06,Y4,Y4,MEX,MID,Airbus,Narrow,A320,A321,321,55,12650,7855650,6050
2026-06,Y4,Y4,MEX,MTY,Airbus,Narrow,A320,A320,320,75,13425,5933850,7125
2026-06,Y4,Y4,MEX,MTY,Airbus,Narrow,A320,A320neo,32N,27,5022,2219724,2565
2026-06,Y4,Y4,MEX,MTY,Airbus,Narrow,A320,A321,321,78,17940,7929480,7410
2026-06,Y4,Y4,MEX,MXL,Airbus,Narrow,A320,A320neo,32N,3,558,754416,600
2026-06,Y4,Y4,MEX,MXL,Airbus,Narrow,A320,A321,321,30,6900,9328800,6000
2026-06,Y4,Y4,MEX,MZT,Airbus,Narrow,A320,A321,321,30,6900,3657000,3000
2026-06,Y4,Y4,MEX,OAK,Airbus,Narrow,A320,A321neo,32Q,30,7170,13465260,8220
2026-06,Y4,Y4,MEX,OAX,Airbus,Narrow,A320,A320neo,32N,30,5580,1272240,2040
2026-06,Y4,Y4,MEX,ORD,Airbus,Narrow,A320,A320neo,32N,17,3162,5331132,4114
2026-06,Y4,Y4,MEX,ORD,Airbus,Narrow,A320,A321,321,13,2990,5041140,3146
2026-06,Y4,Y4,MEX,ORD,Airbus,Narrow,A320,A321neo,32Q,30,7170,12088620,7260
2026-06,Y4,Y4,MEX,PVR,Airbus,Narrow,A320,A320neo,32N,1,186,76260,90
2026-06,Y4,Y4,MEX,PVR,Airbus,Narrow,A320,A321,321,59,13570,5563700,5310
2026-06,Y4,Y4,MEX,PXM,Airbus,Narrow,A320,A321,321,15,3380,939640,1140
2026-06,Y4,Y4,MEX,PXM,Airbus,Narrow,A320,A321neo,32Q,15,3585,996630,1140
2026-06,Y4,Y4,MEX,SAT,Airbus,Narrow,A320,A320neo,32N,30,5580,3883680,3750
2026-06,Y4,Y4,MEX,SJD,Airbus,Narrow,A320,A320neo,32N,3,558,409014,387
2026-06,Y4,Y4,MEX,SJD,Airbus,Narrow,A320,A321,321,57,13110,9609630,7353
2026-06,Y4,Y4,MEX,TAP,Airbus,Narrow,A320,A321,321,17,3820,2093360,1785
2026-06,Y4,Y4,MEX,TAP,Airbus,Narrow,A320,A321neo,32Q,13,3107,1702636,1365
2026-06,Y4,Y4,MEX,TGZ,Airbus,Narrow,A320,A320neo,32N,2,372,165168,186
2026-06,Y4,Y4,MEX,TGZ,Airbus,Narrow,A320,A321,321,21,4740,2104560,1953
2026-06,Y4,Y4,MEX,TGZ,Airbus,Narrow,A320,A321neo,32Q,13,3107,1379508,1209
2026-06,Y4,Y4,MEX,TIJ,Airbus,Narrow,A320,A320neo,32N,48,8928,12758112,10224
2026-06,Y4,Y4,MEX,TIJ,Airbus,Narrow,A320,A321,321,70,15960,22806840,14910
2026-06,Y4,Y4,MEX,TIJ,Airbus,Narrow,A320,A321neo,32Q,32,7648,10928992,6816
2026-06,Y4,Y4,MEX,VSA,Airbus,Narrow,A320,A321neo,32Q,30,7170,2975550,2580
2026-06,Y4,Y4,MEX,ZIH,Airbus,Narrow,A320,A321,321,14,3150,636300,868
2026-06,Y4,Y4,MEX,ZIH,Airbus,Narrow,A320,A321neo,32Q,16,3824,772448,992
2026-06,Y4,Y4,MIA,GDL,Airbus,Narrow,A320,A320neo,32N,5,930,1401510,1170
2026-06,Y4,Y4,MIA,GDL,Airbus,Narrow,A320,A321,321,17,3910,5892370,3978
2026-06,Y4,Y4,MIA,MEX,Airbus,Narrow,A320,A321,321,17,3820,4874320,3621
2026-06,Y4,Y4,MIA,MEX,Airbus,Narrow,A320,A321neo,32Q,13,3107,3964532,2769
2026-06,Y4,Y4,MID,GDL,Airbus,Narrow,A320,A320,320,19,3401,3006484,2679
2026-06,Y4,Y4,MID,GDL,Airbus,Narrow,A320,A320neo,32N,3,558,493272,423
2026-06,Y4,Y4,MID,GDL,Airbus,Narrow,A320,A321neo,32Q,30,7170,6338280,4230
2026-06,Y4,Y4,MID,MEX,Airbus,Narrow,A320,A320neo,32N,5,930,577530,585
2026-06,Y4,Y4,MID,MEX,Airbus,Narrow,A320,A321,321,55,12650,7855650,6435
2026-06,Y4,Y4,MID,MTY,Airbus,Narrow,A320,A320,320,30,5370,3989910,3780
2026-06,Y4,Y4,MID,NLU,Airbus,Narrow,A320,A320neo,32N,26,4836,3027336,2860
2026-06,Y4,Y4,MID,OAX,Airbus,Narrow,A320,A320neo,32N,13,2418,1298466,1235
2026-06,Y4,Y4,MID,TIJ,Airbus,Narrow,A320,A320neo,32N,17,3162,5884482,4131
2026-06,Y4,Y4,MLM,CUN,Airbus,Narrow,A320,A320,320,13,2327,2145494,1937
2026-06,Y4,Y4,MLM,DFW,Airbus,Narrow,A320,A320,320,13,2327,2166437,1989
2026-06,Y4,Y4,MLM,FAT,Airbus,Narrow,A320,A320,320,17,3043,4938789,3859
2026-06,Y4,Y4,MLM,IAH,Airbus,Narrow,A320,A320,320,13,2327,1822041,1755
2026-06,Y4,Y4,MLM,LAX,Airbus,Narrow,A320,A320,320,13,2302,3319484,2756
2026-06,Y4,Y4,MLM,LAX,Airbus,Narrow,A320,A320neo,32N,9,1674,2413908,1908
2026-06,Y4,Y4,MLM,MDW,Airbus,Narrow,A320,A320neo,32N,30,5580,9486000,7230
2026-06,Y4,Y4,MLM,MTY,Airbus,Narrow,A320,A320,320,17,3043,1253716,1598
2026-06,Y4,Y4,MLM,MXL,Airbus,Narrow,A320,A320,320,9,1611,2002473,1629
2026-06,Y4,Y4,MLM,OAK,Airbus,Narrow,A320,A320,320,13,2327,4121117,3237
2026-06,Y4,Y4,MLM,OAK,Airbus,Narrow,A320,A320neo,32N,9,1674,2964654,2241
2026-06,Y4,Y4,MLM,ONT,Airbus,Narrow,A320,A320,320,8,1392,1964112,1640
2026-06,Y4,Y4,MLM,ORD,Airbus,Narrow,A320,A320,320,30,5285,9021495,7230
2026-06,Y4,Y4,MLM,PVR,Airbus,Narrow,A320,A320,320,8,1412,395360,552
2026-06,Y4,Y4,MLM,SJC,Airbus,Narrow,A320,A320,320,13,2327,4055961,3146
2026-06,Y4,Y4,MLM,SMF,Airbus,Narrow,A320,A320,320,17,3023,5402101,4233
2026-06,Y4,Y4,MLM,TIJ,Airbus,Narrow,A320,A320,320,60,10610,13973370,11220
2026-06,Y4,Y4,MLM,TIJ,Airbus,Narrow,A320,A320neo,32N,2,372,489924,374
2026-06,Y4,Y4,MLM,ZIH,Airbus,Narrow,A320,A320,320,8,1412,221684,400
2026-06,Y4,Y4,MTY,BJX,Airbus,Narrow,A320,A320,320,28,5012,1709092,2072
2026-06,Y4,Y4,MTY,BJX,Airbus,Narrow,A320,A320neo,32N,19,3534,1205094,1406
2026-06,Y4,Y4,MTY,CUL,Airbus,Narrow,A320,A320,320,28,5012,2335592,2576
2026-06,Y4,Y4,MTY,CUN,Airbus,Narrow,A320,A320,320,78,13962,12593724,11232
2026-06,Y4,Y4,MTY,CUN,Airbus,Narrow,A320,A320neo,32N,13,2418,2181036,1872
2026-06,Y4,Y4,MTY,GDL,Airbus,Narrow,A320,A320,320,55,9845,4085675,4950
2026-06,Y4,Y4,MTY,GDL,Airbus,Narrow,A320,A320neo,32N,125,23250,9648750,11250
2026-06,Y4,Y4,MTY,MEX,Airbus,Narrow,A320,A320,320,75,13425,5933850,6975
2026-06,Y4,Y4,MTY,MEX,Airbus,Narrow,A320,A320neo,32N,27,5022,2219724,2511
2026-06,Y4,Y4,MTY,MEX,Airbus,Narrow,A320,A321,321,78,17940,7929480,7254
2026-06,Y4,Y4,MTY,MID,Airbus,Narrow,A320,A320,320,30,5370,3989910,3570
2026-06,Y4,Y4,MTY,MLM,Airbus,Narrow,A320,A320,320,17,3043,1253716,1394
2026-06,Y4,Y4,MTY,MXL,Airbus,Narrow,A320,A320,320,13,2327,2389829,2119
2026-06,Y4,Y4,MTY,OAX,Airbus,Narrow,A320,A320,320,10,1790,1150970,1130
2026-06,Y4,Y4,MTY,OAX,Airbus,Narrow,A320,A320neo,32N,7,1302,837186,791
2026-06,Y4,Y4,MTY,PVR,Airbus,Narrow,A320,A320,320,30,5370,2572230,2850
2026-06,Y4,Y4,MTY,QRO,Airbus,Narrow,A320,A320,320,17,3043,1086351,1309
2026-06,Y4,Y4,MTY,QRO,Airbus,Narrow,A320,A320neo,32N,30,5580,1992060,2310
2026-06,Y4,Y4,MTY,SLP,Airbus,Narrow,A320,A320neo,32N,28,5208,1322832,1652
2026-06,Y4,Y4,MTY,TIJ,Airbus,Narrow,A320,A320,320,28,5012,5608428,4592
2026-06,Y4,Y4,MTY,TIJ,Airbus,Narrow,A320,A320neo,32N,32,5952,6660288,5248
2026-06,Y4,Y4,MTY,TLC,Airbus,Narrow,A320,A320,320,47,8413,3710133,4042
2026-06,Y4,Y4,MXL,BJX,Airbus,Narrow,A320,A321neo,32Q,9,2151,2508066,1485
2026-06,Y4,Y4,MXL,CUL,Airbus,Narrow,A320,A320,320,30,5370,3855660,3300
2026-06,Y4,Y4,MXL,GDL,Airbus,Narrow,A320,A320,320,69,12351,13734312,11178
2026-06,Y4,Y4,MXL,GDL,Airbus,Narrow,A320,A320neo,32N,4,744,827328,648
2026-06,Y4,Y4,MXL,HMO,Airbus,Narrow,A320,A320,320,9,1611,560628,639
2026-06,Y4,Y4,MXL,LMM,Airbus,Narrow,A320,A320,320,9,1611,976266,891
2026-06,Y4,Y4,MXL,MEX,Airbus,Narrow,A320,A320neo,32N,3,558,754416,564
2026-06,Y4,Y4,MXL,MEX,Airbus,Narrow,A320,A321,321,30,6900,9328800,5640
2026-06,Y4,Y4,MXL,MLM,Airbus,Narrow,A320,A320,320,8,1432,1779976,1400
2026-06,Y4,Y4,MXL,MTY,Airbus,Narrow,A320,A320,320,13,2327,2389829,1950
2026-06,Y4,Y4,MXL,PVR,Airbus,Narrow,A320,A320,320,8,1432,1472096,1224
2026-06,Y4,Y4,MXL,SJD,Airbus,Narrow,A320,A320,320,8,1432,1051088,952
2026-06,Y4,Y4,MZT,GDL,Airbus,Narrow,A320,A320,320,9,1611,423693,684
2026-06,Y4,Y4,MZT,GDL,Airbus,Narrow,A320,A320neo,32N,4,744,195672,304
2026-06,Y4,Y4,MZT,MEX,Airbus,Narrow,A320,A321,321,30,6900,3657000,3060
2026-06,Y4,Y4,MZT,QRO,Airbus,Narrow,A320,A320neo,32N,15,2790,1163430,1185
2026-06,Y4,Y4,MZT,TIJ,Airbus,Narrow,A320,A320,320,12,2148,1971864,1644
2026-06,Y4,Y4,MZT,TIJ,Airbus,Narrow,A320,A320neo,32N,2,372,341496,274
2026-06,Y4,Y4,MZT,TIJ,Airbus,Narrow,A320,A321neo,32Q,48,11472,10531296,6576
2026-06,Y4,Y4,NLU,BOG,Airbus,Narrow,A320,A320neo,32N,17,3162,6213330,4709
2026-06,Y4,Y4,NLU,CUN,Airbus,Narrow,A320,A320,320,30,5370,4322850,4050
2026-06,Y4,Y4,NLU,GDL,Airbus,Narrow,A320,A320,320,56,10024,2826768,4144
2026-06,Y4,Y4,NLU,LAP,Airbus,Narrow,A320,A320neo,32N,9,1674,1315764,1197
2026-06,Y4,Y4,NLU,MID,Airbus,Narrow,A320,A320neo,32N,26,4836,3027336,2782
2026-06,Y4,Y4,NLU,SJD,Airbus,Narrow,A320,A320neo,32N,17,3162,2305098,2142
2026-06,Y4,Y4,NLU,TIJ,Airbus,Narrow,A320,A321neo,32Q,30,7170,10231590,6000
2026-06,Y4,Y4,OAK,BJX,Airbus,Narrow,A320,A320neo,32N,13,2418,4093674,2938
2026-06,Y4,Y4,OAK,GDL,Airbus,Narrow,A320,A320,320,4,716,1174240,928
2026-06,Y4,Y4,OAK,GDL,Airbus,Narrow,A320,A320neo,32N,55,10230,16777200,12760
2026-06,Y4,Y4,OAK,GDL,Airbus,Narrow,A320,A321,321,10,2300,3772000,2320
2026-06,Y4,Y4,OAK,GDL,Airbus,Narrow,A320,A321neo,32Q,4,956,1567840,928
2026-06,Y4,Y4,OAK,MEX,Airbus,Narrow,A320,A321neo,32Q,30,7170,13465260,7500
2026-06,Y4,Y4,OAK,MLM,Airbus,Narrow,A320,A320,320,13,2327,4121117,3185
2026-06,Y4,Y4,OAK,MLM,Airbus,Narrow,A320,A320neo,32N,9,1674,2964654,2205
2026-06,Y4,Y4,OAX,CUN,Airbus,Narrow,A320,A320neo,32N,30,5580,3922740,3900
2026-06,Y4,Y4,OAX,GDL,Airbus,Narrow,A320,A320neo,32N,43,7998,3959010,4042
2026-06,Y4,Y4,OAX,LAX,Airbus,Narrow,A320,A320neo,32N,13,2418,4306458,3224
2026-06,Y4,Y4,OAX,MEX,Airbus,Narrow,A320,A320neo,32N,30,5580,1272240,2130
2026-06,Y4,Y4,OAX,MID,Airbus,Narrow,A320,A320neo,32N,13,2418,1298466,1235
2026-06,Y4,Y4,OAX,MTY,Airbus,Narrow,A320,A320,320,10,1790,1150970,1170
2026-06,Y4,Y4,OAX,MTY,Airbus,Narrow,A320,A320neo,32N,7,1302,837186,819
2026-06,Y4,Y4,OAX,QRO,Airbus,Narrow,A320,A320neo,32N,15,2790,962550,1005
2026-06,Y4,Y4,OAX,TIJ,Airbus,Narrow,A320,A320,320,38,6802,11270914,8664
2026-06,Y4,Y4,ONT,BJX,Airbus,Narrow,A320,A320neo,32N,9,1674,2233116,1710
2026-06,Y4,Y4,ONT,GDL,Airbus,Narrow,A320,A321neo,32Q,60,14340,18326520,10980
2026-06,Y4,Y4,ONT,MLM,Airbus,Narrow,A320,A320,320,8,1392,1964112,1560
2026-06,Y4,Y4,ORD,BJX,Airbus,Narrow,A320,A320,320,13,2327,3834896,3003
2026-06,Y4,Y4,ORD,BJX,Airbus,Narrow,A320,A321neo,32Q,5,1195,1969360,1155
2026-06,Y4,Y4,ORD,GDL,Airbus,Narrow,A320,A320neo,32N,38,7068,12227640,9272
2026-06,Y4,Y4,ORD,GDL,Airbus,Narrow,A320,A321neo,32Q,17,4063,7028990,4148
2026-06,Y4,Y4,ORD,MEX,Airbus,Narrow,A320,A320neo,32N,18,3348,5644728,4500
2026-06,Y4,Y4,ORD,MEX,Airbus,Narrow,A320,A321,321,12,2760,4653360,3000
2026-06,Y4,Y4,ORD,MEX,Airbus,Narrow,A320,A321neo,32Q,30,7170,12088620,7500
2026-06,Y4,Y4,ORD,MLM,Airbus,Narrow,A320,A320,320,30,5285,9021495,6990
2026-06,Y4,Y4,ORD,QRO,Airbus,Narrow,A320,A320neo,32N,8,1488,2444784,1872
2026-06,Y4,Y4,PBC,AGU,Airbus,Narrow,A320,A320neo,32N,13,2418,751998,949
2026-06,Y4,Y4,PBC,BJX,Airbus,Narrow,A320,A320neo,32N,13,2418,577902,832
2026-06,Y4,Y4,PBC,CUN,Airbus,Narrow,A320,A320neo,32N,47,8742,6635178,6157
2026-06,Y4,Y4,PBC,EWR,Airbus,Narrow,A320,A320neo,32N,17,3162,6523206,4760
2026-06,Y4,Y4,PBC,GDL,Airbus,Narrow,A320,A320,320,25,4475,1503600,1950
2026-06,Y4,Y4,PBC,GDL,Airbus,Narrow,A320,A320neo,32N,31,5766,1937376,2418
2026-06,Y4,Y4,PBC,GDL,Airbus,Narrow,A320,A321neo,32Q,4,956,321216,312
2026-06,Y4,Y4,PBC,HUX,Airbus,Narrow,A320,A320neo,32N,17,3162,853740,1088
2026-06,Y4,Y4,PBC,IAH,Airbus,Narrow,A320,A320neo,32N,13,2418,1861860,1742
2026-06,Y4,Y4,PBC,LAX,Airbus,Narrow,A320,A320neo,32N,17,3162,5059200,4114
2026-06,Y4,Y4,PBC,PVR,Airbus,Narrow,A320,A320neo,32N,13,2418,1112280,1235
2026-06,Y4,Y4,PBC,SJD,Airbus,Narrow,A320,A320neo,32N,17,3162,2475846,2125
2026-06,Y4,Y4,PBC,SLP,Airbus,Narrow,A320,A320neo,32N,9,1674,450306,612
2026-06,Y4,Y4,PBC,TGZ,Airbus,Narrow,A320,A320neo,32N,13,2418,952692,1027
2026-06,Y4,Y4,PBC,TIJ,Airbus,Narrow,A320,A320neo,32N,47,8742,12911934,9776
2026-06,Y4,Y4,PBC,VSA,Airbus,Narrow,A320,A320neo,32N,17,3162,1154130,1275
2026-06,Y4,Y4,PBC,ZIH,Airbus,Narrow,A320,A320neo,32N,13,2418,556140,806
2026-06,Y4,Y4,PDX,GDL,Airbus,Narrow,A320,A320neo,32N,12,2232,4566672,3336
2026-06,Y4,Y4,PDX,GDL,Airbus,Narrow,A320,A321neo,32Q,30,7170,14669820,8340
2026-06,Y4,Y4,PHX,CUL,Airbus,Narrow,A320,A320neo,32N,5,930,611010,560
2026-06,Y4,Y4,PHX,CUL,Airbus,Narrow,A320,A321,321,3,690,453330,336
2026-06,Y4,Y4,PHX,GDL,Airbus,Narrow,A320,A320,320,11,1969,2041853,1815
2026-06,Y4,Y4,PHX,GDL,Airbus,Narrow,A320,A320neo,32N,32,5952,6172224,5280
2026-06,Y4,Y4,PVR,AGU,Airbus,Narrow,A320,A320neo,32N,13,2418,488436,741
2026-06,Y4,Y4,PVR,BJX,Airbus,Narrow,A320,A320neo,32N,8,1488,364560,512
2026-06,Y4,Y4,PVR,BJX,Airbus,Narrow,A320,A321neo,32Q,35,8365,2049425,2240
2026-06,Y4,Y4,PVR,GDL,Airbus,Narrow,A320,A320neo,32N,51,9486,1195236,2805
2026-06,Y4,Y4,PVR,MEX,Airbus,Narrow,A320,A320neo,32N,1,186,76260,94
2026-06,Y4,Y4,PVR,MEX,Airbus,Narrow,A320,A321,321,59,13570,5563700,5546
2026-06,Y4,Y4,PVR,MLM,Airbus,Narrow,A320,A320,320,8,1412,395360,552
2026-06,Y4,Y4,PVR,MTY,Airbus,Narrow,A320,A320,320,30,5370,2572230,2910
2026-06,Y4,Y4,PVR,MXL,Airbus,Narrow,A320,A320,320,8,1432,1472096,1232
2026-06,Y4,Y4,PVR,PBC,Airbus,Narrow,A320,A320neo,32N,13,2418,1112280,1196
2026-06,Y4,Y4,PVR,QRO,Airbus,Narrow,A320,A320neo,32N,30,5580,1757700,2250
2026-06,Y4,Y4,PVR,SLP,Airbus,Narrow,A320,A320neo,32N,17,3162,926466,1088
2026-06,Y4,Y4,PVR,TIJ,Airbus,Narrow,A320,A320,320,30,5370,5853300,4770
2026-06,Y4,Y4,PVR,TIJ,Airbus,Narrow,A320,A321neo,32Q,30,7170,7815300,4770
2026-06,Y4,Y4,PVR,TLC,Airbus,Narrow,A320,A320,320,30,5370,1997640,2460
2026-06,Y4,Y4,PXM,GDL,Airbus,Narrow,A320,A320neo,32N,30,5580,2896020,2940
2026-06,Y4,Y4,PXM,MEX,Airbus,Narrow,A320,A321,321,15,3380,939640,1215
2026-06,Y4,Y4,PXM,MEX,Airbus,Narrow,A320,A321neo,32Q,15,3585,996630,1215
2026-06,Y4,Y4,PXM,TIJ,Airbus,Narrow,A320,A320neo,32N,13,2418,4096092,2938
2026-06,Y4,Y4,QRO,ACA,Airbus,Narrow,A320,A320neo,32N,13,2418,645606,871
2026-06,Y4,Y4,QRO,CUN,Airbus,Narrow,A320,A320,320,30,5370,4698750,4230
2026-06,Y4,Y4,QRO,CUN,Airbus,Narrow,A320,A320neo,32N,14,2604,2278500,1974
2026-06,Y4,Y4,QRO,DEN,Airbus,Narrow,A320,A320neo,32N,8,1488,2010288,1640
2026-06,Y4,Y4,QRO,DFW,Airbus,Narrow,A320,A320neo,32N,13,2418,2106078,1872
2026-06,Y4,Y4,QRO,DGO,Airbus,Narrow,A320,A320neo,32N,13,2418,868062,936
2026-06,Y4,Y4,QRO,GDL,Airbus,Narrow,A320,A320neo,32N,17,3162,600780,1173
2026-06,Y4,Y4,QRO,IAH,Airbus,Narrow,A320,A320neo,32N,13,2418,1738542,1586
2026-06,Y4,Y4,QRO,LAX,Airbus,Narrow,A320,A320,320,9,1611,2313396,1908
2026-06,Y4,Y4,QRO,MCO,Airbus,Narrow,A320,A320neo,32N,9,1674,2197962,1818
2026-06,Y4,Y4,QRO,MTY,Airbus,Narrow,A320,A320,320,17,3043,1086351,1462
2026-06,Y4,Y4,QRO,MTY,Airbus,Narrow,A320,A320neo,32N,30,5580,1992060,2580
2026-06,Y4,Y4,QRO,MZT,Airbus,Narrow,A320,A320neo,32N,15,2790,1163430,1215
2026-06,Y4,Y4,QRO,OAX,Airbus,Narrow,A320,A320neo,32N,15,2790,962550,1005
2026-06,Y4,Y4,QRO,ORD,Airbus,Narrow,A320,A320neo,32N,8,1488,2444784,1848
2026-06,Y4,Y4,QRO,PVR,Airbus,Narrow,A320,A320neo,32N,30,5580,1757700,2310
2026-06,Y4,Y4,QRO,SAT,Airbus,Narrow,A320,A320neo,32N,13,2418,1513668,1391
2026-06,Y4,Y4,QRO,TIJ,Airbus,Narrow,A320,A320,320,30,5370,7045440,5700
2026-06,Y4,Y4,QRO,VER,Airbus,Narrow,A320,A320neo,32N,13,2418,703638,884
2026-06,Y4,Y4,QRO,ZIH,Airbus,Narrow,A320,A320neo,32N,13,2418,527124,767
2026-06,Y4,Y4,REX,GDL,Airbus,Narrow,A320,A320neo,32N,25,4650,2311050,2650
2026-06,Y4,Y4,RNO,GDL,Airbus,Narrow,A320,A320neo,32N,22,4092,6674052,4972
2026-06,Y4,Y4,SAT,GDL,Airbus,Narrow,A320,A320,320,8,1432,988080,920
2026-06,Y4,Y4,SAT,GDL,Airbus,Narrow,A320,A320neo,32N,5,930,641700,575
2026-06,Y4,Y4,SAT,GDL,Airbus,Narrow,A320,A321neo,32Q,30,7170,4947300,3450
2026-06,Y4,Y4,SAT,MEX,Airbus,Narrow,A320,A320neo,32N,30,5580,3883680,3720
2026-06,Y4,Y4,SAT,QRO,Airbus,Narrow,A320,A320neo,32N,13,2418,1513668,1378
2026-06,Y4,Y4,SAT,SLP,Airbus,Narrow,A320,A320neo,32N,13,2418,1281540,1170
2026-06,Y4,Y4,SEA,GDL,Airbus,Narrow,A320,A320neo,32N,40,7440,15921600,12000
2026-06,Y4,Y4,SJC,BJX,Airbus,Narrow,A320,A320,320,4,716,1192140,868
2026-06,Y4,Y4,SJC,BJX,Airbus,Narrow,A320,A321neo,32Q,4,956,1591740,868
2026-06,Y4,Y4,SJC,GDL,Airbus,Narrow,A320,A320,320,15,2685,4325535,3345
2026-06,Y4,Y4,SJC,GDL,Airbus,Narrow,A320,A320neo,32N,2,372,599292,446
2026-06,Y4,Y4,SJC,GDL,Airbus,Narrow,A320,A321neo,32Q,30,7170,11550870,6690
2026-06,Y4,Y4,SJC,MLM,Airbus,Narrow,A320,A320,320,13,2327,4055961,3029
2026-06,Y4,Y4,SJC,ZCL,Airbus,Narrow,A320,A320neo,32N,9,1674,2539458,1917
2026-06,Y4,Y4,SJD,BJX,Airbus,Narrow,A320,A320,320,4,716,393084,384
2026-06,Y4,Y4,SJD,BJX,Airbus,Narrow,A320,A320neo,32N,9,1674,919026,864
2026-06,Y4,Y4,SJD,CUL,Airbus,Narrow,A320,A320,320,30,5370,966600,1650
2026-06,Y4,Y4,SJD,GDL,Airbus,Narrow,A320,A320neo,32N,55,10230,4603500,4950
2026-06,Y4,Y4,SJD,GDL,Airbus,Narrow,A320,A321,321,5,1150,517500,450
2026-06,Y4,Y4,SJD,MEX,Airbus,Narrow,A320,A320neo,32N,3,558,409014,384
2026-06,Y4,Y4,SJD,MEX,Airbus,Narrow,A320,A321,321,57,13110,9609630,7296
2026-06,Y4,Y4,SJD,MXL,Airbus,Narrow,A320,A320,320,8,1432,1051088,952
2026-06,Y4,Y4,SJD,NLU,Airbus,Narrow,A320,A320neo,32N,17,3162,2305098,2040
2026-06,Y4,Y4,SJD,PBC,Airbus,Narrow,A320,A320neo,32N,17,3162,2475846,2193
2026-06,Y4,Y4,SJD,TIJ,Airbus,Narrow,A320,A321neo,32Q,90,21510,16842330,11070
2026-06,Y4,Y4,SJD,TLC,Airbus,Narrow,A320,A320,320,22,3938,2744786,2486
2026-06,Y4,Y4,SJO,CUN,Airbus,Narrow,A320,A320,320,13,2327,1812733,1781
2026-06,Y4,Y4,SLC,GDL,Airbus,Narrow,A320,A320neo,32N,13,2418,3593148,3055
2026-06,Y4,Y4,SLP,CUN,Airbus,Narrow,A320,A320,320,30,5370,4897440,4140
2026-06,Y4,Y4,SLP,DFW,Airbus,Narrow,A320,A320,320,13,2327,1808079,1794
2026-06,Y4,Y4,SLP,GDL,Airbus,Narrow,A320,A320neo,32N,13,2418,454584,845
2026-06,Y4,Y4,SLP,IAH,Airbus,Narrow,A320,A320,320,13,2327,1493934,1495
2026-06,Y4,Y4,SLP,MDW,Airbus,Narrow,A320,A320neo,32N,17,3162,4913748,3672
2026-06,Y4,Y4,SLP,MTY,Airbus,Narrow,A320,A320neo,32N,28,5208,1322832,1904
2026-06,Y4,Y4,SLP,PBC,Airbus,Narrow,A320,A320neo,32N,9,1674,450306,576
2026-06,Y4,Y4,SLP,PVR,Airbus,Narrow,A320,A320neo,32N,17,3162,926466,1360
2026-06,Y4,Y4,SLP,SAT,Airbus,Narrow,A320,A320neo,32N,13,2418,1281540,1287
2026-06,Y4,Y4,SLP,TIJ,Airbus,Narrow,A320,A320,320,5,895,1084740,860
2026-06,Y4,Y4,SLP,TIJ,Airbus,Narrow,A320,A320neo,32N,4,744,901728,688
2026-06,Y4,Y4,SMF,BJX,Airbus,Narrow,A320,A320,320,4,716,1222928,908
2026-06,Y4,Y4,SMF,GDL,Airbus,Narrow,A320,A320,320,24,4296,7131360,5544
2026-06,Y4,Y4,SMF,GDL,Airbus,Narrow,A320,A320neo,32N,36,6696,11115360,8316
2026-06,Y4,Y4,SMF,MLM,Airbus,Narrow,A320,A320,320,18,3197,5713039,4248
2026-06,Y4,Y4,TAP,GDL,Airbus,Narrow,A320,A320,320,8,1432,1179968,1048
2026-06,Y4,Y4,TAP,GDL,Airbus,Narrow,A320,A320neo,32N,5,930,766320,655
2026-06,Y4,Y4,TAP,MEX,Airbus,Narrow,A320,A321,321,17,3820,2093360,1768
2026-06,Y4,Y4,TAP,MEX,Airbus,Narrow,A320,A321neo,32Q,13,3107,1702636,1352
2026-06,Y4,Y4,TAP,TIJ,Airbus,Narrow,A320,A320,320,12,2148,4235856,3096
2026-06,Y4,Y4,TGZ,CUN,Airbus,Narrow,A320,A320neo,32N,30,5580,2829060,3060
2026-06,Y4,Y4,TGZ,GDL,Airbus,Narrow,A320,A320neo,32N,30,5580,4062240,3660
2026-06,Y4,Y4,TGZ,MEX,Airbus,Narrow,A320,A320neo,32N,2,372,165168,188
2026-06,Y4,Y4,TGZ,MEX,Airbus,Narrow,A320,A321,321,21,4740,2104560,1974
2026-06,Y4,Y4,TGZ,MEX,Airbus,Narrow,A320,A321neo,32Q,13,3107,1379508,1222
2026-06,Y4,Y4,TGZ,PBC,Airbus,Narrow,A320,A320neo,32N,13,2418,952692,1053
2026-06,Y4,Y4,TGZ,TIJ,Airbus,Narrow,A320,A320neo,32N,8,1488,2764704,2024
2026-06,Y4,Y4,TIJ,ACA,Airbus,Narrow,A320,A320,320,15,2685,4105365,3210
2026-06,Y4,Y4,TIJ,ACA,Airbus,Narrow,A320,A320neo,32N,15,2790,4265910,3210
2026-06,Y4,Y4,TIJ,AGU,Airbus,Narrow,A320,A320neo,32N,30,5580,6523020,4980
2026-06,Y4,Y4,TIJ,AGU,Airbus,Narrow,A320,A321neo,32Q,22,5258,6146602,3652
2026-06,Y4,Y4,TIJ,BJX,Airbus,Narrow,A320,A320,320,16,2864,3557088,2752
2026-06,Y4,Y4,TIJ,BJX,Airbus,Narrow,A320,A320neo,32N,52,9672,12012624,8944
2026-06,Y4,Y4,TIJ,BJX,Airbus,Narrow,A320,A321neo,32Q,9,2151,2671542,1548
2026-06,Y4,Y4,TIJ,CEN,Airbus,Narrow,A320,A320,320,30,5370,2980350,2880
2026-06,Y4,Y4,TIJ,CJS,Airbus,Narrow,A320,A321neo,32Q,43,10277,6382017,4601
2026-06,Y4,Y4,TIJ,CLQ,Airbus,Narrow,A320,A320,320,30,5370,6615840,5370
2026-06,Y4,Y4,TIJ,CLQ,Airbus,Narrow,A320,A320neo,32N,20,3720,4583040,3580
2026-06,Y4,Y4,TIJ,CUL,Airbus,Narrow,A320,A320,320,30,5370,4220820,3660
2026-06,Y4,Y4,TIJ,CUL,Airbus,Narrow,A320,A321neo,32Q,60,14340,11271240,7320
2026-06,Y4,Y4,TIJ,CUN,Airbus,Narrow,A320,A320,320,17,3043,6125559,4471
2026-06,Y4,Y4,TIJ,CUN,Airbus,Narrow,A320,A321neo,32Q,30,7170,14433210,7890
2026-06,Y4,Y4,TIJ,CUU,Airbus,Narrow,A320,A320,320,21,3759,2635059,2394
2026-06,Y4,Y4,TIJ,CUU,Airbus,Narrow,A320,A320neo,32N,30,5580,3911580,3420
2026-06,Y4,Y4,TIJ,DGO,Airbus,Narrow,A320,A320,320,17,3043,2899979,2397
2026-06,Y4,Y4,TIJ,DGO,Airbus,Narrow,A320,A320neo,32N,13,2418,2304354,1833
2026-06,Y4,Y4,TIJ,DGO,Airbus,Narrow,A320,A321neo,32Q,21,5019,4783107,2961
2026-06,Y4,Y4,TIJ,GDL,Airbus,Narrow,A320,A320,320,18,3222,3805182,3114
2026-06,Y4,Y4,TIJ,GDL,Airbus,Narrow,A320,A321,321,90,19800,23383800,15570
2026-06,Y4,Y4,TIJ,GDL,Airbus,Narrow,A320,A321neo,32Q,102,24378,28790418,17646
2026-06,Y4,Y4,TIJ,HMO,Airbus,Narrow,A320,A320neo,32N,30,5580,2371500,2490
2026-06,Y4,Y4,TIJ,HMO,Airbus,Narrow,A320,A321neo,32Q,60,14340,6094500,4980
2026-06,Y4,Y4,TIJ,LAP,Airbus,Narrow,A320,A320,320,60,10740,7593180,6960
2026-06,Y4,Y4,TIJ,LAP,Airbus,Narrow,A320,A321neo,32Q,17,4063,2872541,1972
2026-06,Y4,Y4,TIJ,LMM,Airbus,Narrow,A320,A320,320,30,5370,3603270,3300
2026-06,Y4,Y4,TIJ,LMM,Airbus,Narrow,A320,A320neo,32N,30,5580,3744180,3300
2026-06,Y4,Y4,TIJ,LTO,Airbus,Narrow,A320,A320,320,13,2327,1314755,1313
2026-06,Y4,Y4,TIJ,LTO,Airbus,Narrow,A320,A320neo,32N,17,3162,1786530,1717
2026-06,Y4,Y4,TIJ,MEX,Airbus,Narrow,A320,A320neo,32N,47,8742,12492318,9541
2026-06,Y4,Y4,TIJ,MEX,Airbus,Narrow,A320,A321,321,71,16190,23135510,14413
2026-06,Y4,Y4,TIJ,MEX,Airbus,Narrow,A320,A321neo,32Q,32,7648,10928992,6496
2026-06,Y4,Y4,TIJ,MID,Airbus,Narrow,A320,A320neo,32N,17,3162,5884482,4386
2026-06,Y4,Y4,TIJ,MLM,Airbus,Narrow,A320,A320,320,60,10610,13973370,11160
2026-06,Y4,Y4,TIJ,MLM,Airbus,Narrow,A320,A320neo,32N,3,558,734886,558
2026-06,Y4,Y4,TIJ,MTY,Airbus,Narrow,A320,A320,320,28,5012,5608428,4592
2026-06,Y4,Y4,TIJ,MTY,Airbus,Narrow,A320,A320neo,32N,32,5952,6660288,5248
2026-06,Y4,Y4,TIJ,MZT,Airbus,Narrow,A320,A320,320,12,2148,1971864,1680
2026-06,Y4,Y4,TIJ,MZT,Airbus,Narrow,A320,A320neo,32N,2,372,341496,280
2026-06,Y4,Y4,TIJ,MZT,Airbus,Narrow,A320,A321neo,32Q,48,11472,10531296,6720
2026-06,Y4,Y4,TIJ,NLU,Airbus,Narrow,A320,A321neo,32Q,30,7170,10231590,6000
2026-06,Y4,Y4,TIJ,OAX,Airbus,Narrow,A320,A320,320,38,6802,11270914,8664
2026-06,Y4,Y4,TIJ,PBC,Airbus,Narrow,A320,A320neo,32N,47,8742,12911934,9870
2026-06,Y4,Y4,TIJ,PVR,Airbus,Narrow,A320,A320,320,30,5370,5853300,4890
2026-06,Y4,Y4,TIJ,PVR,Airbus,Narrow,A320,A321neo,32Q,30,7170,7815300,4890
2026-06,Y4,Y4,TIJ,PXM,Airbus,Narrow,A320,A320neo,32N,13,2418,4096092,3068
2026-06,Y4,Y4,TIJ,QRO,Airbus,Narrow,A320,A320,320,30,5370,7045440,5580
2026-06,Y4,Y4,TIJ,SJD,Airbus,Narrow,A320,A321neo,32Q,90,21510,16842330,11430
2026-06,Y4,Y4,TIJ,SLP,Airbus,Narrow,A320,A320,320,6,1074,1301688,1020
2026-06,Y4,Y4,TIJ,SLP,Airbus,Narrow,A320,A320neo,32N,4,744,901728,680
2026-06,Y4,Y4,TIJ,TAP,Airbus,Narrow,A320,A320,320,13,2327,4588844,3380
2026-06,Y4,Y4,TIJ,TGZ,Airbus,Narrow,A320,A320neo,32N,9,1674,3110292,2268
2026-06,Y4,Y4,TIJ,TLC,Airbus,Narrow,A320,A320,320,30,5370,7528740,5760
2026-06,Y4,Y4,TIJ,TPQ,Airbus,Narrow,A320,A320,320,12,2148,2281176,1920
2026-06,Y4,Y4,TIJ,TPQ,Airbus,Narrow,A320,A321neo,32Q,18,4302,4568724,2880
2026-06,Y4,Y4,TIJ,TRC,Airbus,Narrow,A320,A320,320,13,2327,2210650,1807
2026-06,Y4,Y4,TIJ,UPN,Airbus,Narrow,A320,A320,320,30,5370,6943410,5610
2026-06,Y4,Y4,TIJ,UPN,Airbus,Narrow,A320,A320neo,32N,1,186,240498,187
2026-06,Y4,Y4,TIJ,VER,Airbus,Narrow,A320,A320neo,32N,6,1116,1767744,1296
2026-06,Y4,Y4,TIJ,VER,Airbus,Narrow,A320,A321neo,32Q,17,4063,6435792,3672
2026-06,Y4,Y4,TIJ,ZCL,Airbus,Narrow,A320,A320,320,30,5370,5890890,4740
2026-06,Y4,Y4,TIJ,ZIH,Airbus,Narrow,A320,A320neo,32N,13,2418,3409380,2548
2026-06,Y4,Y4,TLC,CUN,Airbus,Narrow,A320,A320,320,60,10740,9021600,8580
2026-06,Y4,Y4,TLC,GDL,Airbus,Narrow,A320,A320neo,32N,60,11160,2767680,4140
2026-06,Y4,Y4,TLC,MTY,Airbus,Narrow,A320,A320,320,47,8413,3710133,4606
2026-06,Y4,Y4,TLC,PVR,Airbus,Narrow,A320,A320,320,30,5370,1997640,2460
2026-06,Y4,Y4,TLC,SJD,Airbus,Narrow,A320,A320,320,22,3938,2744786,2640
2026-06,Y4,Y4,TLC,TIJ,Airbus,Narrow,A320,A320,320,30,5370,7528740,5970
2026-06,Y4,Y4,TPQ,LAX,Airbus,Narrow,A320,A320,320,13,2327,2766803,2314
2026-06,Y4,Y4,TPQ,TIJ,Airbus,Narrow,A320,A320,320,12,2148,2281176,1872
2026-06,Y4,Y4,TPQ,TIJ,Airbus,Narrow,A320,A321neo,32Q,18,4302,4568724,2808
2026-06,Y4,Y4,TQO,GDL,Airbus,Narrow,A320,A320neo,32N,16,2976,3020640,2592
2026-06,Y4,Y4,TRC,GDL,Airbus,Narrow,A320,A320neo,32N,30,5580,1936260,2340
2026-06,Y4,Y4,TRC,TIJ,Airbus,Narrow,A320,A320,320,13,2327,2210650,1924
2026-06,Y4,Y4,UPN,LAX,Airbus,Narrow,A320,A320,320,9,1611,2286009,1890
2026-06,Y4,Y4,UPN,TIJ,Airbus,Narrow,A320,A320,320,30,5370,6943410,5490
2026-06,Y4,Y4,UPN,TIJ,Airbus,Narrow,A320,A320neo,32N,1,186,240498,183
2026-06,Y4,Y4,VER,GDL,Airbus,Narrow,A320,A320,320,3,537,254538,279
2026-06,Y4,Y4,VER,GDL,Airbus,Narrow,A320,A320neo,32N,40,7440,3526560,3720
2026-06,Y4,Y4,VER,GDL,Airbus,Narrow,A320,A321,321,4,920,436080,372
2026-06,Y4,Y4,VER,QRO,Airbus,Narrow,A320,A320neo,32N,13,2418,703638,819
2026-06,Y4,Y4,VER,TIJ,Airbus,Narrow,A320,A320neo,32N,6,1116,1767744,1308
2026-06,Y4,Y4,VER,TIJ,Airbus,Narrow,A320,A321neo,32Q,17,4063,6435792,3706
2026-06,Y4,Y4,VSA,GDL,Airbus,Narrow,A320,A320,320,20,3580,2506000,2420
2026-06,Y4,Y4,VSA,GDL,Airbus,Narrow,A320,A320neo,32N,5,930,651000,605
2026-06,Y4,Y4,VSA,MEX,Airbus,Narrow,A320,A321neo,32Q,30,7170,2975550,2790
2026-06,Y4,Y4,VSA,PBC,Airbus,Narrow,A320,A320neo,32N,17,3162,1154130,1343
2026-06,Y4,Y4,ZCL,GDL,Airbus,Narrow,A320,A320neo,32N,13,2418,406224,884
2026-06,Y4,Y4,ZCL,LAX,Airbus,Narrow,A320,A320neo,32N,17,3162,3857640,3162
2026-06,Y4,Y4,ZCL,MDW,Airbus,Narrow,A320,A320neo,32N,17,3162,4939044,3825
2026-06,Y4,Y4,ZCL,SJC,Airbus,Narrow,A320,A320neo,32N,9,1674,2539458,1935
2026-06,Y4,Y4,ZCL,TIJ,Airbus,Narrow,A320,A320,320,30,5370,5890890,4830
2026-06,Y4,Y4,ZIH,GDL,Airbus,Narrow,A320,A320,320,13,2327,542191,741
2026-06,Y4,Y4,ZIH,GDL,Airbus,Narrow,A320,A320neo,32N,4,744,173352,228
2026-06,Y4,Y4,ZIH,MEX,Airbus,Narrow,A320,A321,321,14,3150,636300,938
2026-06,Y4,Y4,ZIH,MEX,Airbus,Narrow,A320,A321neo,32Q,16,3824,772448,1072
2026-06,Y4,Y4,ZIH,MLM,Airbus,Narrow,A320,A320,320,8,1412,221684,400
2026-06,Y4,Y4,ZIH,PBC,Airbus,Narrow,A320,A320neo,32N,13,2418,556140,780
2026-06,Y4,Y4,ZIH,QRO,Airbus,Narrow,A320,A320neo,32N,13,2418,527124,780
2026-06,Y4,Y4,ZIH,TIJ,Airbus,Narrow,A320,A320neo,32N,13,2418,3409380,2548
2026-06,Y4,Y4,ACA,GDL,Airbus,Narrow,A320,A320,320,3,537,186876,234
2026-06,Y4,Y4,ACA,GDL,Airbus,Narrow,A320,A320neo,32N,24,4464,1553472,1872
2026-06,Y4,Y4,ACA,MEX,Airbus,Narrow,A320,A320,320,16,2864,544160,1088
2026-06,Y4,Y4,ACA,MEX,Airbus,Narrow,A320,A320neo,32N,15,2790,530100,1020
2026-06,Y4,Y4,ACA,QRO,Airbus,Narrow,A320,A320neo,32N,13,2418,645606,845
2026-06,Y4,Y4,ACA,TIJ,Airbus,Narrow,A320,A320,320,16,2864,4379056,3376
2026-06,Y4,Y4,ACA,TIJ,Airbus,Narrow,A320,A320neo,32N,37,6882,10522578,7807
2026-06,Y4,Y4,AGU,CUN,Airbus,Narrow,A320,A320neo,32N,14,2604,2593584,2142
2026-06,Y4,Y4,AGU,LAX,Airbus,Narrow,A320,A320,320,14,2506,3240258,2730
2026-06,Y4,Y4,AGU,LAX,Airbus,Narrow,A320,A320neo,32N,3,558,721494,585
2026-06,Y4,Y4,AGU,MDW,Airbus,Narrow,A320,A320neo,32N,17,3162,5131926,3910
2026-06,Y4,Y4,AGU,PBC,Airbus,Narrow,A320,A320neo,32N,13,2418,751998,897
2026-06,Y4,Y4,AGU,PVR,Airbus,Narrow,A320,A320neo,32N,13,2418,488436,728
2026-06,Y4,Y4,AGU,TIJ,Airbus,Narrow,A320,A320neo,32N,41,7626,8914794,6765
2026-06,Y4,Y4,AGU,TIJ,Airbus,Narrow,A320,A321neo,32Q,31,7409,8661121,5115
2026-06,Y4,Y4,BJX,CUN,Airbus,Narrow,A320,A320,320,31,5549,5238256,4681
2026-06,Y4,Y4,BJX,CUN,Airbus,Narrow,A320,A320neo,32N,6,1116,1053504,906
2026-06,Y4,Y4,BJX,CUN,Airbus,Narrow,A320,A321neo,32Q,32,7648,7219712,4832
2026-06,Y4,Y4,BJX,FAT,Airbus,Narrow,A320,A320,320,4,716,1106220,884
2026-06,Y4,Y4,BJX,FAT,Airbus,Narrow,A320,A320neo,32N,5,930,1436850,1105
2026-06,Y4,Y4,BJX,FAT,Airbus,Narrow,A320,A321neo,32Q,4,956,1477020,884
2026-06,Y4,Y4,BJX,LAX,Airbus,Narrow,A320,A320,320,23,4117,5623822,4876
2026-06,Y4,Y4,BJX,MDW,Airbus,Narrow,A320,A320,320,13,2327,3818607,3055
2026-06,Y4,Y4,BJX,MTY,Airbus,Narrow,A320,A320,320,33,5907,2014287,2805
2026-06,Y4,Y4,BJX,MTY,Airbus,Narrow,A320,A320neo,32N,16,2976,1014816,1360
2026-06,Y4,Y4,BJX,MXL,Airbus,Narrow,A320,A320neo,32N,2,372,433752,342
2026-06,Y4,Y4,BJX,MXL,Airbus,Narrow,A320,A321neo,32Q,13,3107,3622762,2223
2026-06,Y4,Y4,BJX,OAK,Airbus,Narrow,A320,A320neo,32N,18,3348,5668164,4320
2026-06,Y4,Y4,BJX,ONT,Airbus,Narrow,A320,A320neo,32N,13,2418,3225612,2561
2026-06,Y4,Y4,BJX,ORD,Airbus,Narrow,A320,A320neo,32N,14,2604,4291392,3346
2026-06,Y4,Y4,BJX,ORD,Airbus,Narrow,A320,A321neo,32Q,4,956,1575488,956
2026-06,Y4,Y4,BJX,PBC,Airbus,Narrow,A320,A320neo,32N,18,3348,800172,1134
2026-06,Y4,Y4,BJX,PVR,Airbus,Narrow,A320,A320neo,32N,8,1488,364560,536
2026-06,Y4,Y4,BJX,PVR,Airbus,Narrow,A320,A321neo,32Q,50,11950,2927750,3350
2026-06,Y4,Y4,BJX,SJC,Airbus,Narrow,A320,A320,320,5,895,1490175,1180
2026-06,Y4,Y4,BJX,SJC,Airbus,Narrow,A320,A321neo,32Q,4,956,1591740,944
2026-06,Y4,Y4,BJX,SJD,Airbus,Narrow,A320,A320,320,13,2327,1277523,1339
2026-06,Y4,Y4,BJX,SJD,Airbus,Narrow,A320,A320neo,32N,11,2046,1123254,1133
2026-06,Y4,Y4,BJX,SJD,Airbus,Narrow,A320,A321neo,32Q,4,956,524844,412
2026-06,Y4,Y4,BJX,SMF,Airbus,Narrow,A320,A320,320,4,716,1222928,988
2026-06,Y4,Y4,BJX,SMF,Airbus,Narrow,A320,A320neo,32N,8,1488,2541504,1976
2026-06,Y4,Y4,BJX,TIJ,Airbus,Narrow,A320,A320,320,22,3938,4890996,3938
2026-06,Y4,Y4,BJX,TIJ,Airbus,Narrow,A320,A320neo,32N,75,13950,17325900,13425
2026-06,Y4,Y4,BJX,TIJ,Airbus,Narrow,A320,A321neo,32Q,16,3824,4749408,2864
2026-06,Y4,Y4,BOG,GDL,Airbus,Narrow,A320,A320neo,32N,8,1488,3336096,2520
2026-06,Y4,Y4,BOG,NLU,Airbus,Narrow,A320,A320neo,32N,18,3348,6578820,5274
2026-06,Y4,Y4,CEN,GDL,Airbus,Narrow,A320,A320,320,4,716,448932,432
2026-06,Y4,Y4,CEN,GDL,Airbus,Narrow,A320,A320neo,32N,41,7626,4781502,4428
2026-06,Y4,Y4,CEN,TIJ,Airbus,Narrow,A320,A320,320,31,5549,3079695,2945
2026-06,Y4,Y4,CEN,TIJ,Airbus,Narrow,A320,A320neo,32N,22,4092,2271060,2090
2026-06,Y4,Y4,CJS,GDL,Airbus,Narrow,A320,A320neo,32N,38,7068,5576652,4826
2026-06,Y4,Y4,CJS,GDL,Airbus,Narrow,A320,A321neo,32Q,31,7409,5845701,3937
2026-06,Y4,Y4,CJS,MEX,Airbus,Narrow,A320,A321,321,31,7130,6823410,4619
2026-06,Y4,Y4,CJS,TIJ,Airbus,Narrow,A320,A321neo,32Q,44,10516,6530436,4972
2026-06,Y4,Y4,CLQ,TIJ,Airbus,Narrow,A320,A320,320,31,5549,6836368,5394
2026-06,Y4,Y4,CLQ,TIJ,Airbus,Narrow,A320,A320neo,32N,21,3906,4812192,3654
2026-06,Y4,Y4,CLT,GDL,Airbus,Narrow,A320,A320neo,32N,2,372,630540,500
2026-06,Y4,Y4,CLT,GDL,Airbus,Narrow,A320,A321neo,32Q,11,2629,4456155,2750
2026-06,Y4,Y4,CTM,MEX,Airbus,Narrow,A320,A321,321,31,7130,5033780,3906
2026-06,Y4,Y4,CUL,GDL,Airbus,Narrow,A320,A320,320,6,1074,424230,498
2026-06,Y4,Y4,CUL,GDL,Airbus,Narrow,A320,A320neo,32N,52,9672,3820440,4316
2026-06,Y4,Y4,CUL,GDL,Airbus,Narrow,A320,A321,321,22,5060,1998700,1826
2026-06,Y4,Y4,CUL,GDL,Airbus,Narrow,A320,A321neo,32Q,36,8604,3398580,2988
2026-06,Y4,Y4,CUL,MEX,Airbus,Narrow,A320,A320,320,26,4654,3029754,2990
2026-06,Y4,Y4,CUL,MEX,Airbus,Narrow,A320,A320neo,32N,5,930,605430,575
2026-06,Y4,Y4,CUL,MTY,Airbus,Narrow,A320,A320,320,31,5549,2585834,2759
2026-06,Y4,Y4,CUL,MXL,Airbus,Narrow,A320,A320,320,31,5549,3984182,3503
2026-06,Y4,Y4,CUL,MXL,Airbus,Narrow,A320,A320neo,32N,9,1674,1201932,1017
2026-06,Y4,Y4,CUL,PHX,Airbus,Narrow,A320,A320neo,32N,4,744,488808,452
2026-06,Y4,Y4,CUL,PHX,Airbus,Narrow,A320,A321neo,32Q,5,1195,785115,565
2026-06,Y4,Y4,CUL,SJD,Airbus,Narrow,A320,A320,320,26,4654,837720,1378
2026-06,Y4,Y4,CUL,SJD,Airbus,Narrow,A320,A320neo,32N,14,2604,468720,742
2026-06,Y4,Y4,CUL,TIJ,Airbus,Narrow,A320,A320,320,31,5549,4361514,3782
2026-06,Y4,Y4,CUL,TIJ,Airbus,Narrow,A320,A320neo,32N,40,7440,5847840,4880
2026-06,Y4,Y4,CUL,TIJ,Airbus,Narrow,A320,A321neo,32Q,62,14818,11646948,7564
2026-06,Y4,Y4,CUN,AGU,Airbus,Narrow,A320,A320neo,32N,14,2604,2593584,2058
2026-06,Y4,Y4,CUN,BJX,Airbus,Narrow,A320,A320,320,31,5549,5238256,4588
2026-06,Y4,Y4,CUN,BJX,Airbus,Narrow,A320,A320neo,32N,6,1116,1053504,888
2026-06,Y4,Y4,CUN,BJX,Airbus,Narrow,A320,A321neo,32Q,32,7648,7219712,4736
2026-06,Y4,Y4,CUN,GDL,Airbus,Narrow,A320,A320neo,32N,48,8928,9499392,7872
2026-06,Y4,Y4,CUN,GDL,Airbus,Narrow,A320,A321neo,32Q,93,22227,23649528,15252
2026-06,Y4,Y4,CUN,GUA,Airbus,Narrow,A320,A320,320,31,5549,2802245,2883
2026-06,Y4,Y4,CUN,MEX,Airbus,Narrow,A320,A320neo,32N,20,3720,2976000,2800
2026-06,Y4,Y4,CUN,MEX,Airbus,Narrow,A320,A321,321,57,13030,10424000,7980
2026-06,Y4,Y4,CUN,MEX,Airbus,Narrow,A320,A321neo,32Q,47,11233,8986400,6580
2026-06,Y4,Y4,CUN,MLM,Airbus,Narrow,A320,A320,320,10,1790,1650380,1440
2026-06,Y4,Y4,CUN,MLM,Airbus,Narrow,A320,A320neo,32N,10,1860,1714920,1440
2026-06,Y4,Y4,CUN,MLM,Airbus,Narrow,A320,A321neo,32Q,2,478,440716,288
2026-06,Y4,Y4,CUN,MTY,Airbus,Narrow,A320,A320,320,110,19690,17760380,16500
2026-06,Y4,Y4,CUN,MTY,Airbus,Narrow,A320,A320neo,32N,24,4464,4026528,3600
2026-06,Y4,Y4,CUN,NLU,Airbus,Narrow,A320,A320,320,31,5549,4466945,4154
2026-06,Y4,Y4,CUN,OAX,Airbus,Narrow,A320,A320neo,32N,40,7440,5230320,4720
2026-06,Y4,Y4,CUN,PBC,Airbus,Narrow,A320,A320neo,32N,62,11532,8752788,7874
2026-06,Y4,Y4,CUN,QRO,Airbus,Narrow,A320,A320,320,31,5549,4855375,4464
2026-06,Y4,Y4,CUN,QRO,Airbus,Narrow,A320,A320neo,32N,18,3348,2929500,2592
2026-06,Y4,Y4,CUN,SJO,Airbus,Narrow,A320,A320,320,5,895,697205,655
2026-06,Y4,Y4,CUN,SJO,Airbus,Narrow,A320,A320neo,32N,8,1488,1159152,1048
2026-06,Y4,Y4,CUN,SLP,Airbus,Narrow,A320,A320,320,31,5549,5060688,4433
2026-06,Y4,Y4,CUN,SLP,Airbus,Narrow,A320,A320neo,32N,7,1302,1187424,1001
2026-06,Y4,Y4,CUN,TGZ,Airbus,Narrow,A320,A320neo,32N,31,5766,2923362,3007
2026-06,Y4,Y4,CUN,TIJ,Airbus,Narrow,A320,A320,320,13,2327,4684251,3523
2026-06,Y4,Y4,CUN,TIJ,Airbus,Narrow,A320,A320neo,32N,13,2418,4867434,3523
2026-06,Y4,Y4,CUN,TIJ,Airbus,Narrow,A320,A321neo,32Q,31,7409,14914317,8401
2026-06,Y4,Y4,CUN,TLC,Airbus,Narrow,A320,A320,320,62,11098,9322320,8494
2026-06,Y4,Y4,CUU,DEN,Airbus,Narrow,A320,A320neo,32N,13,2418,1878786,1716
2026-06,Y4,Y4,CUU,GDL,Airbus,Narrow,A320,A320,320,12,2148,1258728,1260
2026-06,Y4,Y4,CUU,GDL,Airbus,Narrow,A320,A320neo,32N,18,3348,1961928,1890
2026-06,Y4,Y4,CUU,GDL,Airbus,Narrow,A320,A321,321,17,3910,2291260,1785
2026-06,Y4,Y4,CUU,GDL,Airbus,Narrow,A320,A321neo,32Q,5,1195,700270,525
2026-06,Y4,Y4,CUU,MEX,Airbus,Narrow,A320,A321,321,31,7130,5518620,4030
2026-06,Y4,Y4,CUU,TIJ,Airbus,Narrow,A320,A320,320,31,5549,3889849,3565
2026-06,Y4,Y4,CUU,TIJ,Airbus,Narrow,A320,A320neo,32N,40,7440,5215440,4600
2026-06,Y4,Y4,CZM,MEX,Airbus,Narrow,A320,A320neo,32N,4,744,589992,552
2026-06,Y4,Y4,CZM,MEX,Airbus,Narrow,A320,A321,321,27,6210,4924530,3726
2026-06,Y4,Y4,DEN,CUU,Airbus,Narrow,A320,A320neo,32N,13,2418,1878786,1742
2026-06,Y4,Y4,DEN,GDL,Airbus,Narrow,A320,A320neo,32N,7,1302,1736868,1449
2026-06,Y4,Y4,DEN,GDL,Airbus,Narrow,A320,A321neo,32Q,33,7887,10521258,6831
2026-06,Y4,Y4,DEN,MEX,Airbus,Narrow,A320,A320neo,32N,19,3534,5110164,4123
2026-06,Y4,Y4,DEN,MEX,Airbus,Narrow,A320,A321,321,12,2760,3990960,2604
2026-06,Y4,Y4,DEN,QRO,Airbus,Narrow,A320,A320neo,32N,9,1674,2261574,1800
2026-06,Y4,Y4,DFW,GDL,Airbus,Narrow,A320,A321,321,31,7130,6666550,4650
2026-06,Y4,Y4,DFW,MEX,Airbus,Narrow,A320,A321,321,31,7130,6666550,5115
2026-06,Y4,Y4,DFW,MLM,Airbus,Narrow,A320,A320,320,9,1611,1499841,1305
2026-06,Y4,Y4,DFW,MLM,Airbus,Narrow,A320,A320neo,32N,4,744,692664,580
2026-06,Y4,Y4,DFW,QRO,Airbus,Narrow,A320,A320neo,32N,13,2418,2106078,1807
2026-06,Y4,Y4,DFW,SLP,Airbus,Narrow,A320,A320,320,9,1611,1251747,1170
2026-06,Y4,Y4,DFW,SLP,Airbus,Narrow,A320,A320neo,32N,4,744,578088,520
2026-06,Y4,Y4,DGO,GDL,Airbus,Narrow,A320,A320,320,14,2506,651560,1008
2026-06,Y4,Y4,DGO,MDW,Airbus,Narrow,A320,A320neo,32N,13,2418,3755154,2795
2026-06,Y4,Y4,DGO,QRO,Airbus,Narrow,A320,A320neo,32N,18,3348,1201932,1332
2026-06,Y4,Y4,DGO,TIJ,Airbus,Narrow,A320,A320,320,18,3222,3070566,2574
2026-06,Y4,Y4,DGO,TIJ,Airbus,Narrow,A320,A320neo,32N,13,2418,2304354,1859
2026-06,Y4,Y4,DGO,TIJ,Airbus,Narrow,A320,A321neo,32Q,31,7409,7060777,4433
2026-06,Y4,Y4,DTW,GDL,Airbus,Narrow,A320,A320neo,32N,13,2418,4579692,3952
2026-06,Y4,Y4,EWR,GDL,Airbus,Narrow,A320,A320neo,32N,31,5766,12719796,9455
2026-06,Y4,Y4,EWR,PBC,Airbus,Narrow,A320,A320neo,32N,18,3348,6906924,5400
2026-06,Y4,Y4,FAT,BJX,Airbus,Narrow,A320,A320,320,5,895,1382775,1035
2026-06,Y4,Y4,FAT,BJX,Airbus,Narrow,A320,A320neo,32N,5,930,1436850,1035
2026-06,Y4,Y4,FAT,BJX,Airbus,Narrow,A320,A321neo,32Q,4,956,1477020,828
2026-06,Y4,Y4,FAT,GDL,Airbus,Narrow,A320,A321,321,27,6210,9277740,5670
2026-06,Y4,Y4,FAT,GDL,Airbus,Narrow,A320,A321neo,32Q,35,8365,12497310,7350
2026-06,Y4,Y4,FAT,MLM,Airbus,Narrow,A320,A320,320,13,2327,3776721,2821
2026-06,Y4,Y4,FAT,MLM,Airbus,Narrow,A320,A320neo,32N,4,744,1207512,868
2026-06,Y4,Y4,GDL,ACA,Airbus,Narrow,A320,A320,320,3,537,186876,237
2026-06,Y4,Y4,GDL,ACA,Airbus,Narrow,A320,A320neo,32N,24,4464,1553472,1896
2026-06,Y4,Y4,GDL,BOG,Airbus,Narrow,A320,A320neo,32N,8,1488,3336096,2456
2026-06,Y4,Y4,GDL,CEN,Airbus,Narrow,A320,A320,320,4,716,448932,464
2026-06,Y4,Y4,GDL,CEN,Airbus,Narrow,A320,A320neo,32N,41,7626,4781502,4756
2026-06,Y4,Y4,GDL,CJS,Airbus,Narrow,A320,A320neo,32N,38,7068,5576652,5016
2026-06,Y4,Y4,GDL,CJS,Airbus,Narrow,A320,A321neo,32Q,31,7409,5845701,4092
2026-06,Y4,Y4,GDL,CLT,Airbus,Narrow,A320,A320neo,32N,2,372,630540,504
2026-06,Y4,Y4,GDL,CLT,Airbus,Narrow,A320,A321neo,32Q,11,2629,4456155,2772
2026-06,Y4,Y4,GDL,CUL,Airbus,Narrow,A320,A320,320,6,1074,424230,504
2026-06,Y4,Y4,GDL,CUL,Airbus,Narrow,A320,A320neo,32N,52,9672,3820440,4368
2026-06,Y4,Y4,GDL,CUL,Airbus,Narrow,A320,A321,321,22,5060,1998700,1848
2026-06,Y4,Y4,GDL,CUL,Airbus,Narrow,A320,A321neo,32Q,36,8604,3398580,3024
2026-06,Y4,Y4,GDL,CUN,Airbus,Narrow,A320,A320neo,32N,48,8928,9499392,7872
2026-06,Y4,Y4,GDL,CUN,Airbus,Narrow,A320,A321neo,32Q,93,22227,23649528,15252
2026-06,Y4,Y4,GDL,CUU,Airbus,Narrow,A320,A320,320,12,2148,1258728,1296
2026-06,Y4,Y4,GDL,CUU,Airbus,Narrow,A320,A320neo,32N,18,3348,1961928,1944
2026-06,Y4,Y4,GDL,CUU,Airbus,Narrow,A320,A321,321,17,3910,2291260,1836
2026-06,Y4,Y4,GDL,CUU,Airbus,Narrow,A320,A321neo,32Q,5,1195,700270,540
2026-06,Y4,Y4,GDL,DEN,Airbus,Narrow,A320,A320neo,32N,7,1302,1736868,1470
2026-06,Y4,Y4,GDL,DEN,Airbus,Narrow,A320,A321neo,32Q,33,7887,10521258,6930
2026-06,Y4,Y4,GDL,DFW,Airbus,Narrow,A320,A321,321,31,7130,6666550,4836
2026-06,Y4,Y4,GDL,DGO,Airbus,Narrow,A320,A320,320,14,2506,651560,854
2026-06,Y4,Y4,GDL,DTW,Airbus,Narrow,A320,A320neo,32N,14,2604,4931976,3668
2026-06,Y4,Y4,GDL,EWR,Airbus,Narrow,A320,A320neo,32N,31,5766,12719796,9145
2026-06,Y4,Y4,GDL,FAT,Airbus,Narrow,A320,A321,321,27,6210,9277740,5832
2026-06,Y4,Y4,GDL,FAT,Airbus,Narrow,A320,A321neo,32Q,35,8365,12497310,7560
2026-06,Y4,Y4,GDL,HMO,Airbus,Narrow,A320,A320neo,32N,44,8184,6252576,5544
2026-06,Y4,Y4,GDL,HMO,Airbus,Narrow,A320,A321neo,32Q,31,7409,5660476,3906
2026-06,Y4,Y4,GDL,IAH,Airbus,Narrow,A320,A320neo,32N,9,1674,1372680,1278
2026-06,Y4,Y4,GDL,IAH,Airbus,Narrow,A320,A321neo,32Q,31,7409,6075380,4402
2026-06,Y4,Y4,GDL,LAP,Airbus,Narrow,A320,A320neo,32N,51,9486,4847346,4998
2026-06,Y4,Y4,GDL,LAP,Airbus,Narrow,A320,A321neo,32Q,2,478,244258,196
2026-06,Y4,Y4,GDL,LAS,Airbus,Narrow,A320,A320neo,32N,13,2418,3116802,2535
2026-06,Y4,Y4,GDL,LAS,Airbus,Narrow,A320,A321neo,32Q,62,14818,19100402,12090
2026-06,Y4,Y4,GDL,LAX,Airbus,Narrow,A320,A320,320,9,1611,2105577,1764
2026-06,Y4,Y4,GDL,LAX,Airbus,Narrow,A320,A320neo,32N,46,8556,11182692,9016
2026-06,Y4,Y4,GDL,LAX,Airbus,Narrow,A320,A321,321,31,7130,9318910,6076
2026-06,Y4,Y4,GDL,LAX,Airbus,Narrow,A320,A321neo,32Q,67,16013,20928991,13132
2026-06,Y4,Y4,GDL,LMM,Airbus,Narrow,A320,A320neo,32N,49,9114,4657254,4508
2026-06,Y4,Y4,GDL,MCO,Airbus,Narrow,A320,A320,320,1,179,265815,222
2026-06,Y4,Y4,GDL,MCO,Airbus,Narrow,A320,A320neo,32N,8,1488,2209680,1776
2026-06,Y4,Y4,GDL,MCO,Airbus,Narrow,A320,A321neo,32Q,18,4302,6388470,3996
2026-06,Y4,Y4,GDL,MDW,Airbus,Narrow,A320,A320neo,32N,25,4650,8016600,6075
2026-06,Y4,Y4,GDL,MEX,Airbus,Narrow,A320,A320neo,32N,97,18042,5160012,8051
2026-06,Y4,Y4,GDL,MEX,Airbus,Narrow,A320,A321,321,73,16710,4779060,6059
2026-06,Y4,Y4,GDL,MEX,Airbus,Narrow,A320,A321neo,32Q,16,3824,1093664,1328
2026-06,Y4,Y4,GDL,MIA,Airbus,Narrow,A320,A320neo,32N,4,744,1121208,880
2026-06,Y4,Y4,GDL,MIA,Airbus,Narrow,A320,A321,321,18,4140,6238980,3960
2026-06,Y4,Y4,GDL,MID,Airbus,Narrow,A320,A320,320,30,5370,4747080,4230
2026-06,Y4,Y4,GDL,MID,Airbus,Narrow,A320,A320neo,32N,1,186,164424,141
2026-06,Y4,Y4,GDL,MID,Airbus,Narrow,A320,A321neo,32Q,31,7409,6549556,4371
2026-06,Y4,Y4,GDL,MTY,Airbus,Narrow,A320,A320,320,71,12709,5274235,6461
2026-06,Y4,Y4,GDL,MTY,Airbus,Narrow,A320,A320neo,32N,115,21390,8876850,10465
2026-06,Y4,Y4,GDL,MXL,Airbus,Narrow,A320,A320,320,84,15036,16720032,13860
2026-06,Y4,Y4,GDL,MXL,Airbus,Narrow,A320,A320neo,32N,19,3534,3929808,3135
2026-06,Y4,Y4,GDL,MZT,Airbus,Narrow,A320,A320,320,9,1611,423693,549
2026-06,Y4,Y4,GDL,MZT,Airbus,Narrow,A320,A320neo,32N,4,744,195672,244
2026-06,Y4,Y4,GDL,NLU,Airbus,Narrow,A320,A320,320,54,9666,2725812,4050
2026-06,Y4,Y4,GDL,OAK,Airbus,Narrow,A320,A320neo,32N,40,7440,12201600,9400
2026-06,Y4,Y4,GDL,OAK,Airbus,Narrow,A320,A321,321,4,920,1508800,940
2026-06,Y4,Y4,GDL,OAK,Airbus,Narrow,A320,A321neo,32Q,31,7409,12150760,7285
2026-06,Y4,Y4,GDL,OAX,Airbus,Narrow,A320,A320neo,32N,67,12462,6168690,6298
2026-06,Y4,Y4,GDL,ONT,Airbus,Narrow,A320,A321neo,32Q,62,14818,18937404,11532
2026-06,Y4,Y4,GDL,ORD,Airbus,Narrow,A320,A320neo,32N,12,2232,3861360,2952
2026-06,Y4,Y4,GDL,ORD,Airbus,Narrow,A320,A321,321,9,2070,3581100,2214
2026-06,Y4,Y4,GDL,ORD,Airbus,Narrow,A320,A321neo,32Q,50,11950,20673500,12300
2026-06,Y4,Y4,GDL,PBC,Airbus,Narrow,A320,A320,320,33,5907,1984752,2508
2026-06,Y4,Y4,GDL,PBC,Airbus,Narrow,A320,A320neo,32N,25,4650,1562400,1900
2026-06,Y4,Y4,GDL,PBC,Airbus,Narrow,A320,A321neo,32Q,4,956,321216,304
2026-06,Y4,Y4,GDL,PDX,Airbus,Narrow,A320,A320neo,32N,4,744,1522224,1176
2026-06,Y4,Y4,GDL,PDX,Airbus,Narrow,A320,A321neo,32Q,37,8843,18092778,10878
2026-06,Y4,Y4,GDL,PHX,Airbus,Narrow,A320,A320,320,12,2148,2227476,2004
2026-06,Y4,Y4,GDL,PHX,Airbus,Narrow,A320,A320neo,32N,1,186,192882,167
2026-06,Y4,Y4,GDL,PHX,Airbus,Narrow,A320,A321neo,32Q,31,7409,7683133,5177
2026-06,Y4,Y4,GDL,PVR,Airbus,Narrow,A320,A320neo,32N,71,13206,1663956,3692
2026-06,Y4,Y4,GDL,PXM,Airbus,Narrow,A320,A320neo,32N,31,5766,2992554,3038
2026-06,Y4,Y4,GDL,QRO,Airbus,Narrow,A320,A320neo,32N,18,3348,636120,1026
2026-06,Y4,Y4,GDL,REX,Airbus,Narrow,A320,A320neo,32N,31,5766,2865702,2790
2026-06,Y4,Y4,GDL,RNO,Airbus,Narrow,A320,A320,320,4,716,1167796,944
2026-06,Y4,Y4,GDL,RNO,Airbus,Narrow,A320,A320neo,32N,19,3534,5763954,4484
2026-06,Y4,Y4,GDL,SAT,Airbus,Narrow,A320,A320,320,9,1611,1111590,1053
2026-06,Y4,Y4,GDL,SAT,Airbus,Narrow,A320,A320neo,32N,4,744,513360,468
2026-06,Y4,Y4,GDL,SAT,Airbus,Narrow,A320,A321neo,32Q,31,7409,5112210,3627
2026-06,Y4,Y4,GDL,SEA,Airbus,Narrow,A320,A320neo,32N,49,9114,19503960,14945
2026-06,Y4,Y4,GDL,SEA,Airbus,Narrow,A320,A321neo,32Q,9,2151,4603140,2745
2026-06,Y4,Y4,GDL,SJC,Airbus,Narrow,A320,A320,320,17,3043,4902273,3859
2026-06,Y4,Y4,GDL,SJC,Airbus,Narrow,A320,A320neo,32N,4,744,1198584,908
2026-06,Y4,Y4,GDL,SJC,Airbus,Narrow,A320,A321neo,32Q,37,8843,14246073,8399
2026-06,Y4,Y4,GDL,SJD,Airbus,Narrow,A320,A320neo,32N,50,9300,4185000,4550
2026-06,Y4,Y4,GDL,SJD,Airbus,Narrow,A320,A321neo,32Q,31,7409,3334050,2821
2026-06,Y4,Y4,GDL,SLC,Airbus,Narrow,A320,A320neo,32N,14,2604,3869544,3136
2026-06,Y4,Y4,GDL,SLP,Airbus,Narrow,A320,A320neo,32N,14,2604,489552,742
2026-06,Y4,Y4,GDL,SMF,Airbus,Narrow,A320,A320,320,29,5191,8617060,6931
2026-06,Y4,Y4,GDL,SMF,Airbus,Narrow,A320,A320neo,32N,42,7812,12967920,10038
2026-06,Y4,Y4,GDL,TAP,Airbus,Narrow,A320,A320,320,9,1611,1327464,1170
2026-06,Y4,Y4,GDL,TAP,Airbus,Narrow,A320,A320neo,32N,8,1488,1226112,1040
2026-06,Y4,Y4,GDL,TGZ,Airbus,Narrow,A320,A320neo,32N,31,5766,4197648,3906
2026-06,Y4,Y4,GDL,TIJ,Airbus,Narrow,A320,A320,320,32,5728,6764768,5536
2026-06,Y4,Y4,GDL,TIJ,Airbus,Narrow,A320,A320neo,32N,2,372,439332,346
2026-06,Y4,Y4,GDL,TIJ,Airbus,Narrow,A320,A321,321,93,20460,24163260,16089
2026-06,Y4,Y4,GDL,TIJ,Airbus,Narrow,A320,A321neo,32Q,152,36328,42903368,26296
2026-06,Y4,Y4,GDL,TLC,Airbus,Narrow,A320,A320,320,1,179,44392,66
2026-06,Y4,Y4,GDL,TLC,Airbus,Narrow,A320,A320neo,32N,70,13020,3228960,4620
2026-06,Y4,Y4,GDL,TQO,Airbus,Narrow,A320,A320neo,32N,18,3348,3398220,2772
2026-06,Y4,Y4,GDL,TRC,Airbus,Narrow,A320,A320,320,6,1074,372678,474
2026-06,Y4,Y4,GDL,TRC,Airbus,Narrow,A320,A320neo,32N,20,3720,1290840,1580
2026-06,Y4,Y4,GDL,TRC,Airbus,Narrow,A320,A321neo,32Q,5,1195,414665,395
2026-06,Y4,Y4,GDL,VER,Airbus,Narrow,A320,A320,320,4,716,339384,364
2026-06,Y4,Y4,GDL,VER,Airbus,Narrow,A320,A320neo,32N,4,744,352656,364
2026-06,Y4,Y4,GDL,VER,Airbus,Narrow,A320,A321,321,14,3220,1526280,1274
2026-06,Y4,Y4,GDL,VER,Airbus,Narrow,A320,A321neo,32Q,31,7409,3511866,2821
2026-06,Y4,Y4,GDL,VSA,Airbus,Narrow,A320,A320,320,28,5012,3508400,3388
2026-06,Y4,Y4,GDL,VSA,Airbus,Narrow,A320,A320neo,32N,3,558,390600,363
2026-06,Y4,Y4,GDL,ZCL,Airbus,Narrow,A320,A320neo,32N,13,2418,406224,650
2026-06,Y4,Y4,GDL,ZIH,Airbus,Narrow,A320,A320,320,16,2864,667312,896
2026-06,Y4,Y4,GDL,ZIH,Airbus,Narrow,A320,A320neo,32N,2,372,86676,112
2026-06,Y4,Y4,GUA,CUN,Airbus,Narrow,A320,A320,320,31,5549,2802245,3379
2026-06,Y4,Y4,GUA,MEX,Airbus,Narrow,A320,A321,321,15,3370,2210720,1845
2026-06,Y4,Y4,GUA,MEX,Airbus,Narrow,A320,A321neo,32Q,16,3824,2508544,1968
2026-06,Y4,Y4,HMO,GDL,Airbus,Narrow,A320,A320neo,32N,44,8184,6252576,5456
2026-06,Y4,Y4,HMO,GDL,Airbus,Narrow,A320,A321neo,32Q,31,7409,5660476,3844
2026-06,Y4,Y4,HMO,MEX,Airbus,Narrow,A320,A320neo,32N,31,5766,5794830,4774
2026-06,Y4,Y4,HMO,MXL,Airbus,Narrow,A320,A320,320,9,1611,560628,657
2026-06,Y4,Y4,HMO,TIJ,Airbus,Narrow,A320,A320neo,32N,31,5766,2450550,2573
2026-06,Y4,Y4,HMO,TIJ,Airbus,Narrow,A320,A321neo,32Q,62,14818,6297650,5146
2026-06,Y4,Y4,HUX,MEX,Airbus,Narrow,A320,A320neo,32N,4,744,232872,340
2026-06,Y4,Y4,HUX,MEX,Airbus,Narrow,A320,A321,321,27,6210,1943730,2295
2026-06,Y4,Y4,HUX,PBC,Airbus,Narrow,A320,A320neo,32N,18,3348,903960,1152
2026-06,Y4,Y4,IAH,GDL,Airbus,Narrow,A320,A320neo,32N,9,1674,1372680,1260
2026-06,Y4,Y4,IAH,GDL,Airbus,Narrow,A320,A321neo,32Q,31,7409,6075380,4340
2026-06,Y4,Y4,IAH,MEX,Airbus,Narrow,A320,A320neo,32N,1,186,141918,140
2026-06,Y4,Y4,IAH,MEX,Airbus,Narrow,A320,A321,321,30,6900,5264700,4200
2026-06,Y4,Y4,IAH,MLM,Airbus,Narrow,A320,A320,320,4,716,560628,512
2026-06,Y4,Y4,IAH,MLM,Airbus,Narrow,A320,A320neo,32N,9,1674,1310742,1152
2026-06,Y4,Y4,IAH,PBC,Airbus,Narrow,A320,A320neo,32N,13,2418,1861860,1547
2026-06,Y4,Y4,IAH,QRO,Airbus,Narrow,A320,A320neo,32N,14,2604,1872276,1680
2026-06,Y4,Y4,IAH,SLP,Airbus,Narrow,A320,A320,320,4,716,459672,436
2026-06,Y4,Y4,IAH,SLP,Airbus,Narrow,A320,A320neo,32N,9,1674,1074708,981
2026-06,Y4,Y4,LAP,GDL,Airbus,Narrow,A320,A320neo,32N,51,9486,4847346,4947
2026-06,Y4,Y4,LAP,GDL,Airbus,Narrow,A320,A321neo,32Q,2,478,244258,194
2026-06,Y4,Y4,LAP,MEX,Airbus,Narrow,A320,A321,321,32,7290,5759100,4174
2026-06,Y4,Y4,LAP,MEX,Airbus,Narrow,A320,A321neo,32Q,17,4063,3209770,2227
2026-06,Y4,Y4,LAP,NLU,Airbus,Narrow,A320,A320neo,32N,13,2418,1900548,1651
2026-06,Y4,Y4,LAP,TIJ,Airbus,Narrow,A320,A320,320,62,11098,7846286,6944
2026-06,Y4,Y4,LAP,TIJ,Airbus,Narrow,A320,A321neo,32Q,31,7409,5238163,3472
2026-06,Y4,Y4,LAS,GDL,Airbus,Narrow,A320,A320neo,32N,13,2418,3116802,2574
2026-06,Y4,Y4,LAS,GDL,Airbus,Narrow,A320,A321neo,32Q,62,14818,19100402,12276
2026-06,Y4,Y4,LAS,MEX,Airbus,Narrow,A320,A321neo,32Q,31,7409,11165363,6975
2026-06,Y4,Y4,LAX,AGU,Airbus,Narrow,A320,A320,320,14,2506,3240258,2604
2026-06,Y4,Y4,LAX,AGU,Airbus,Narrow,A320,A320neo,32N,3,558,721494,558
2026-06,Y4,Y4,LAX,BJX,Airbus,Narrow,A320,A320,320,22,3938,5379308,4356
2026-06,Y4,Y4,LAX,GDL,Airbus,Narrow,A320,A320,320,9,1611,2105577,1710
2026-06,Y4,Y4,LAX,GDL,Airbus,Narrow,A320,A320neo,32N,46,8556,11182692,8740
2026-06,Y4,Y4,LAX,GDL,Airbus,Narrow,A320,A321,321,31,7130,9318910,5890
2026-06,Y4,Y4,LAX,GDL,Airbus,Narrow,A320,A321neo,32Q,67,16013,20928991,12730
2026-06,Y4,Y4,LAX,MEX,Airbus,Narrow,A320,A320,320,26,4654,7227662,5798
2026-06,Y4,Y4,LAX,MEX,Airbus,Narrow,A320,A320neo,32N,5,930,1444290,1115
2026-06,Y4,Y4,LAX,MEX,Airbus,Narrow,A320,A321,321,31,7130,11072890,6913
2026-06,Y4,Y4,LAX,MLM,Airbus,Narrow,A320,A320,320,10,1790,2581180,2050
2026-06,Y4,Y4,LAX,MLM,Airbus,Narrow,A320,A320neo,32N,12,2232,3218544,2460
2026-06,Y4,Y4,LAX,OAX,Airbus,Narrow,A320,A320neo,32N,18,3348,5962788,4356
2026-06,Y4,Y4,LAX,PBC,Airbus,Narrow,A320,A320neo,32N,18,3348,5356800,4212
2026-06,Y4,Y4,LAX,QRO,Airbus,Narrow,A320,A320,320,14,2506,3598616,2898
2026-06,Y4,Y4,LAX,TPQ,Airbus,Narrow,A320,A320,320,12,2148,2553972,2184
2026-06,Y4,Y4,LAX,TPQ,Airbus,Narrow,A320,A320neo,32N,2,372,442308,364
2026-06,Y4,Y4,LAX,UPN,Airbus,Narrow,A320,A320,320,9,1611,2286009,1845
2026-06,Y4,Y4,LAX,ZCL,Airbus,Narrow,A320,A320neo,32N,26,4836,5899920,4706
2026-06,Y4,Y4,LIM,MEX,Airbus,Narrow,A320,A320neo,32N,31,5766,15158814,11346
2026-06,Y4,Y4,LMM,GDL,Airbus,Narrow,A320,A320neo,32N,49,9114,4657254,4606
2026-06,Y4,Y4,LMM,MEX,Airbus,Narrow,A320,A320neo,32N,31,5766,4439820,3937
2026-06,Y4,Y4,LMM,MXL,Airbus,Narrow,A320,A320,320,14,2506,1518636,1414
2026-06,Y4,Y4,LMM,TIJ,Airbus,Narrow,A320,A320,320,31,5549,3723379,3317
2026-06,Y4,Y4,LMM,TIJ,Airbus,Narrow,A320,A320neo,32N,40,7440,4992240,4280
2026-06,Y4,Y4,LTO,TIJ,Airbus,Narrow,A320,A320,320,13,2327,1314755,1274
2026-06,Y4,Y4,LTO,TIJ,Airbus,Narrow,A320,A320neo,32N,18,3348,1891620,1764
2026-06,Y4,Y4,MCO,GDL,Airbus,Narrow,A320,A320,320,1,179,265815,223
2026-06,Y4,Y4,MCO,GDL,Airbus,Narrow,A320,A320neo,32N,8,1488,2209680,1784
2026-06,Y4,Y4,MCO,GDL,Airbus,Narrow,A320,A321neo,32Q,18,4302,6388470,4014
2026-06,Y4,Y4,MCO,MEX,Airbus,Narrow,A320,A321,321,31,7130,9126400,6510
2026-06,Y4,Y4,MCO,QRO,Airbus,Narrow,A320,A320neo,32N,9,1674,2197962,1773
2026-06,Y4,Y4,MDW,AGU,Airbus,Narrow,A320,A320neo,32N,17,3162,5131926,3961
2026-06,Y4,Y4,MDW,BJX,Airbus,Narrow,A320,A320,320,13,2327,3818607,3055
2026-06,Y4,Y4,MDW,DGO,Airbus,Narrow,A320,A320neo,32N,13,2418,3755154,2860
2026-06,Y4,Y4,MDW,GDL,Airbus,Narrow,A320,A320neo,32N,25,4650,8016600,6175
2026-06,Y4,Y4,MDW,MLM,Airbus,Narrow,A320,A320neo,32N,31,5766,9802200,7409
2026-06,Y4,Y4,MDW,SLP,Airbus,Narrow,A320,A320neo,32N,17,3162,4913748,3825
2026-06,Y4,Y4,MDW,ZCL,Airbus,Narrow,A320,A320neo,32N,17,3162,4939044,3825
2026-06,Y4,Y4,MEX,ACA,Airbus,Narrow,A320,A320,320,16,2864,544160,1008
2026-06,Y4,Y4,MEX,ACA,Airbus,Narrow,A320,A320neo,32N,15,2790,530100,945
2026-06,Y4,Y4,MEX,CJS,Airbus,Narrow,A320,A321,321,31,7130,6823410,4743
2026-06,Y4,Y4,MEX,CTM,Airbus,Narrow,A320,A321,321,31,7130,5033780,3627
2026-06,Y4,Y4,MEX,CUL,Airbus,Narrow,A320,A320,320,26,4654,3029754,3068
2026-06,Y4,Y4,MEX,CUL,Airbus,Narrow,A320,A320neo,32N,5,930,605430,590
2026-06,Y4,Y4,MEX,CUN,Airbus,Narrow,A320,A320neo,32N,21,3906,3124800,2798
2026-06,Y4,Y4,MEX,CUN,Airbus,Narrow,A320,A321,321,56,12800,10240000,7673
2026-06,Y4,Y4,MEX,CUN,Airbus,Narrow,A320,A321neo,32Q,47,11233,8986400,6486
2026-06,Y4,Y4,MEX,CUU,Airbus,Narrow,A320,A321,321,31,7130,5518620,4030
2026-06,Y4,Y4,MEX,CZM,Airbus,Narrow,A320,A320neo,32N,4,744,589992,508
2026-06,Y4,Y4,MEX,CZM,Airbus,Narrow,A320,A321,321,27,6210,4924530,3429
2026-06,Y4,Y4,MEX,DEN,Airbus,Narrow,A320,A320neo,32N,19,3534,5110164,4161
2026-06,Y4,Y4,MEX,DEN,Airbus,Narrow,A320,A321,321,12,2760,3990960,2628
2026-06,Y4,Y4,MEX,DFW,Airbus,Narrow,A320,A321,321,31,7130,6666550,5146
2026-06,Y4,Y4,MEX,GDL,Airbus,Narrow,A320,A320neo,32N,97,18042,5160012,7566
2026-06,Y4,Y4,MEX,GDL,Airbus,Narrow,A320,A321,321,73,16710,4779060,5694
2026-06,Y4,Y4,MEX,GDL,Airbus,Narrow,A320,A321neo,32Q,16,3824,1093664,1248
2026-06,Y4,Y4,MEX,GUA,Airbus,Narrow,A320,A321,321,15,3370,2210720,1740
2026-06,Y4,Y4,MEX,GUA,Airbus,Narrow,A320,A321neo,32Q,16,3824,2508544,1856
2026-06,Y4,Y4,MEX,HMO,Airbus,Narrow,A320,A320neo,32N,31,5766,5794830,5115
2026-06,Y4,Y4,MEX,HUX,Airbus,Narrow,A320,A320neo,32N,4,744,232872,320
2026-06,Y4,Y4,MEX,HUX,Airbus,Narrow,A320,A321,321,27,6210,1943730,2160
2026-06,Y4,Y4,MEX,IAH,Airbus,Narrow,A320,A320neo,32N,1,186,141918,135
2026-06,Y4,Y4,MEX,IAH,Airbus,Narrow,A320,A321,321,30,6900,5264700,4050
2026-06,Y4,Y4,MEX,LAP,Airbus,Narrow,A320,A321,321,32,7290,5759100,4256
2026-06,Y4,Y4,MEX,LAP,Airbus,Narrow,A320,A321neo,32Q,17,4063,3209770,2261
2026-06,Y4,Y4,MEX,LAS,Airbus,Narrow,A320,A321neo,32Q,31,7409,11165363,7223
2026-06,Y4,Y4,MEX,LAX,Airbus,Narrow,A320,A320,320,26,4654,7227662,6162
2026-06,Y4,Y4,MEX,LAX,Airbus,Narrow,A320,A320neo,32N,5,930,1444290,1185
2026-06,Y4,Y4,MEX,LAX,Airbus,Narrow,A320,A321,321,31,7130,11072890,7347
2026-06,Y4,Y4,MEX,LIM,Airbus,Narrow,A320,A320neo,32N,31,5766,15158814,11191
2026-06,Y4,Y4,MEX,LMM,Airbus,Narrow,A320,A320neo,32N,31,5766,4439820,4247
2026-06,Y4,Y4,MEX,MCO,Airbus,Narrow,A320,A321,321,31,7130,9126400,6169
2026-06,Y4,Y4,MEX,MIA,Airbus,Narrow,A320,A321,321,18,4060,5180560,3438
2026-06,Y4,Y4,MEX,MIA,Airbus,Narrow,A320,A321neo,32Q,13,3107,3964532,2483
2026-06,Y4,Y4,MEX,MID,Airbus,Narrow,A320,A320neo,32N,2,372,231012,220
2026-06,Y4,Y4,MEX,MID,Airbus,Narrow,A320,A321,321,60,13800,8569800,6600
2026-06,Y4,Y4,MEX,MTY,Airbus,Narrow,A320,A320,320,78,13962,6171204,7410
2026-06,Y4,Y4,MEX,MTY,Airbus,Narrow,A320,A320neo,32N,30,5580,2466360,2850
2026-06,Y4,Y4,MEX,MTY,Airbus,Narrow,A320,A321,321,78,17940,7929480,7410
2026-06,Y4,Y4,MEX,MXL,Airbus,Narrow,A320,A320neo,32N,5,930,1257360,1000
2026-06,Y4,Y4,MEX,MXL,Airbus,Narrow,A320,A321,321,30,6900,9328800,6000
2026-06,Y4,Y4,MEX,MZT,Airbus,Narrow,A320,A321,321,31,7130,3778900,3100
2026-06,Y4,Y4,MEX,OAK,Airbus,Narrow,A320,A321neo,32Q,31,7409,13914102,8494
2026-06,Y4,Y4,MEX,OAX,Airbus,Narrow,A320,A320neo,32N,31,5766,1314648,2108
2026-06,Y4,Y4,MEX,ORD,Airbus,Narrow,A320,A320neo,32N,19,3534,5958324,4598
2026-06,Y4,Y4,MEX,ORD,Airbus,Narrow,A320,A321,321,12,2760,4653360,2904
2026-06,Y4,Y4,MEX,ORD,Airbus,Narrow,A320,A321neo,32Q,31,7409,12491574,7502
2026-06,Y4,Y4,MEX,PVR,Airbus,Narrow,A320,A320neo,32N,1,186,76260,90
2026-06,Y4,Y4,MEX,PVR,Airbus,Narrow,A320,A321,321,61,14030,5752300,5490
2026-06,Y4,Y4,MEX,PXM,Airbus,Narrow,A320,A321,321,15,3370,936860,1140
2026-06,Y4,Y4,MEX,PXM,Airbus,Narrow,A320,A321neo,32Q,16,3824,1063072,1216
2026-06,Y4,Y4,MEX,SAT,Airbus,Narrow,A320,A320neo,32N,31,5766,4013136,3875
2026-06,Y4,Y4,MEX,SJD,Airbus,Narrow,A320,A320neo,32N,4,744,545352,516
2026-06,Y4,Y4,MEX,SJD,Airbus,Narrow,A320,A321,321,58,13340,9778220,7482
2026-06,Y4,Y4,MEX,TAP,Airbus,Narrow,A320,A321,321,21,4750,2603000,2205
2026-06,Y4,Y4,MEX,TAP,Airbus,Narrow,A320,A321neo,32Q,13,3107,1702636,1365
2026-06,Y4,Y4,MEX,TGZ,Airbus,Narrow,A320,A320neo,32N,2,372,165168,186
2026-06,Y4,Y4,MEX,TGZ,Airbus,Narrow,A320,A321,321,25,5670,2517480,2325
2026-06,Y4,Y4,MEX,TGZ,Airbus,Narrow,A320,A321neo,32Q,13,3107,1379508,1209
2026-06,Y4,Y4,MEX,TIJ,Airbus,Narrow,A320,A320,320,1,179,255791,213
2026-06,Y4,Y4,MEX,TIJ,Airbus,Narrow,A320,A320neo,32N,44,8184,11694936,9372
2026-06,Y4,Y4,MEX,TIJ,Airbus,Narrow,A320,A321,321,77,17570,25107530,16401
2026-06,Y4,Y4,MEX,TIJ,Airbus,Narrow,A320,A321neo,32Q,34,8126,11612054,7242
2026-06,Y4,Y4,MEX,VSA,Airbus,Narrow,A320,A321neo,32Q,31,7409,3074735,2666
2026-06,Y4,Y4,MEX,ZIH,Airbus,Narrow,A320,A321,321,15,3370,680740,930
2026-06,Y4,Y4,MEX,ZIH,Airbus,Narrow,A320,A321neo,32Q,16,3824,772448,992
2026-06,Y4,Y4,MIA,GDL,Airbus,Narrow,A320,A320neo,32N,4,744,1121208,936
2026-06,Y4,Y4,MIA,GDL,Airbus,Narrow,A320,A321,321,18,4140,6238980,4212
2026-06,Y4,Y4,MIA,MEX,Airbus,Narrow,A320,A321,321,18,4060,5180560,3834
2026-06,Y4,Y4,MIA,MEX,Airbus,Narrow,A320,A321neo,32Q,13,3107,3964532,2769
2026-06,Y4,Y4,MID,GDL,Airbus,Narrow,A320,A320,320,30,5370,4747080,4230
2026-06,Y4,Y4,MID,GDL,Airbus,Narrow,A320,A320neo,32N,1,186,164424,141
2026-06,Y4,Y4,MID,GDL,Airbus,Narrow,A320,A321neo,32Q,31,7409,6549556,4371
2026-06,Y4,Y4,MID,MEX,Airbus,Narrow,A320,A320neo,32N,2,372,231012,234
2026-06,Y4,Y4,MID,MEX,Airbus,Narrow,A320,A321,321,60,13800,8569800,7020
2026-06,Y4,Y4,MID,MTY,Airbus,Narrow,A320,A320,320,31,5549,4122907,3906
2026-06,Y4,Y4,MID,NLU,Airbus,Narrow,A320,A320neo,32N,26,4836,3027336,2860
2026-06,Y4,Y4,MID,OAX,Airbus,Narrow,A320,A320neo,32N,13,2418,1298466,1235
2026-06,Y4,Y4,MID,TIJ,Airbus,Narrow,A320,A320neo,32N,18,3348,6230628,4374
2026-06,Y4,Y4,MLM,CUN,Airbus,Narrow,A320,A320,320,10,1790,1650380,1490
2026-06,Y4,Y4,MLM,CUN,Airbus,Narrow,A320,A320neo,32N,10,1860,1714920,1490
2026-06,Y4,Y4,MLM,CUN,Airbus,Narrow,A320,A321neo,32Q,2,478,440716,298
2026-06,Y4,Y4,MLM,DFW,Airbus,Narrow,A320,A320,320,9,1611,1499841,1377
2026-06,Y4,Y4,MLM,DFW,Airbus,Narrow,A320,A320neo,32N,4,744,692664,612
2026-06,Y4,Y4,MLM,FAT,Airbus,Narrow,A320,A320,320,14,2506,4067238,3178
2026-06,Y4,Y4,MLM,FAT,Airbus,Narrow,A320,A320neo,32N,4,744,1207512,908
2026-06,Y4,Y4,MLM,IAH,Airbus,Narrow,A320,A320,320,4,716,560628,540
2026-06,Y4,Y4,MLM,IAH,Airbus,Narrow,A320,A320neo,32N,9,1674,1310742,1215
2026-06,Y4,Y4,MLM,LAX,Airbus,Narrow,A320,A320,320,9,1611,2323062,1908
2026-06,Y4,Y4,MLM,LAX,Airbus,Narrow,A320,A320neo,32N,13,2418,3486756,2756
2026-06,Y4,Y4,MLM,MDW,Airbus,Narrow,A320,A320neo,32N,31,5766,9802200,7471
2026-06,Y4,Y4,MLM,MTY,Airbus,Narrow,A320,A320,320,13,2327,958724,1222
2026-06,Y4,Y4,MLM,MXL,Airbus,Narrow,A320,A320neo,32N,9,1674,2080782,1629
2026-06,Y4,Y4,MLM,OAK,Airbus,Narrow,A320,A320,320,9,1611,2853081,2241
2026-06,Y4,Y4,MLM,OAK,Airbus,Narrow,A320,A320neo,32N,22,4092,7246932,5478
2026-06,Y4,Y4,MLM,ONT,Airbus,Narrow,A320,A320,320,13,2327,3283397,2665
2026-06,Y4,Y4,MLM,ORD,Airbus,Narrow,A320,A320,320,27,4828,8241396,6507
2026-06,Y4,Y4,MLM,ORD,Airbus,Narrow,A320,A320neo,32N,4,744,1270008,964
2026-06,Y4,Y4,MLM,PVR,Airbus,Narrow,A320,A320,320,4,716,200480,276
2026-06,Y4,Y4,MLM,PVR,Airbus,Narrow,A320,A320neo,32N,5,930,260400,345
2026-06,Y4,Y4,MLM,SJC,Airbus,Narrow,A320,A320,320,14,2506,4367958,3388
2026-06,Y4,Y4,MLM,SJC,Airbus,Narrow,A320,A320neo,32N,4,744,1296792,968
2026-06,Y4,Y4,MLM,SMF,Airbus,Narrow,A320,A320,320,14,2506,4478222,3486
2026-06,Y4,Y4,MLM,SMF,Airbus,Narrow,A320,A320neo,32N,4,744,1329528,996
2026-06,Y4,Y4,MLM,TIJ,Airbus,Narrow,A320,A320,320,60,10740,14144580,11220
2026-06,Y4,Y4,MLM,TIJ,Airbus,Narrow,A320,A320neo,32N,18,3348,4409316,3366
2026-06,Y4,Y4,MLM,TIJ,Airbus,Narrow,A320,A321neo,32Q,13,3107,4091919,2431
2026-06,Y4,Y4,MLM,ZIH,Airbus,Narrow,A320,A320,320,4,716,112412,200
2026-06,Y4,Y4,MLM,ZIH,Airbus,Narrow,A320,A320neo,32N,5,930,146010,250
2026-06,Y4,Y4,MTY,BJX,Airbus,Narrow,A320,A320,320,33,5907,2014287,2442
2026-06,Y4,Y4,MTY,BJX,Airbus,Narrow,A320,A320neo,32N,16,2976,1014816,1184
2026-06,Y4,Y4,MTY,CUL,Airbus,Narrow,A320,A320,320,31,5549,2585834,2852
2026-06,Y4,Y4,MTY,CUN,Airbus,Narrow,A320,A320,320,110,19690,17760380,15840
2026-06,Y4,Y4,MTY,CUN,Airbus,Narrow,A320,A320neo,32N,24,4464,4026528,3456
2026-06,Y4,Y4,MTY,GDL,Airbus,Narrow,A320,A320,320,71,12709,5274235,6390
2026-06,Y4,Y4,MTY,GDL,Airbus,Narrow,A320,A320neo,32N,115,21390,8876850,10350
2026-06,Y4,Y4,MTY,MEX,Airbus,Narrow,A320,A320,320,77,13783,6092086,7161
2026-06,Y4,Y4,MTY,MEX,Airbus,Narrow,A320,A320neo,32N,31,5766,2548572,2883
2026-06,Y4,Y4,MTY,MEX,Airbus,Narrow,A320,A321,321,78,17940,7929480,7254
2026-06,Y4,Y4,MTY,MID,Airbus,Narrow,A320,A320,320,31,5549,4122907,3689
2026-06,Y4,Y4,MTY,MLM,Airbus,Narrow,A320,A320,320,13,2327,958724,1066
2026-06,Y4,Y4,MTY,MXL,Airbus,Narrow,A320,A320,320,13,2327,2389829,2119
2026-06,Y4,Y4,MTY,OAX,Airbus,Narrow,A320,A320,320,10,1790,1150970,1130
2026-06,Y4,Y4,MTY,OAX,Airbus,Narrow,A320,A320neo,32N,8,1488,956784,904
2026-06,Y4,Y4,MTY,PVR,Airbus,Narrow,A320,A320,320,62,11098,5315942,5890
2026-06,Y4,Y4,MTY,QRO,Airbus,Narrow,A320,A320,320,18,3222,1150254,1386
2026-06,Y4,Y4,MTY,QRO,Airbus,Narrow,A320,A320neo,32N,31,5766,2058462,2387
2026-06,Y4,Y4,MTY,SLP,Airbus,Narrow,A320,A320neo,32N,31,5766,1464564,1829
2026-06,Y4,Y4,MTY,TIJ,Airbus,Narrow,A320,A320,320,29,5191,5808729,4756
2026-06,Y4,Y4,MTY,TIJ,Airbus,Narrow,A320,A320neo,32N,33,6138,6868422,5412
2026-06,Y4,Y4,MTY,TLC,Airbus,Narrow,A320,A320,320,49,8771,3868011,4214
2026-06,Y4,Y4,MXL,BJX,Airbus,Narrow,A320,A320neo,32N,2,372,433752,330
2026-06,Y4,Y4,MXL,BJX,Airbus,Narrow,A320,A321neo,32Q,12,2868,3344088,1980
2026-06,Y4,Y4,MXL,CUL,Airbus,Narrow,A320,A320,320,31,5549,3984182,3410
2026-06,Y4,Y4,MXL,CUL,Airbus,Narrow,A320,A320neo,32N,9,1674,1201932,990
2026-06,Y4,Y4,MXL,GDL,Airbus,Narrow,A320,A320,320,84,15036,16720032,13608
2026-06,Y4,Y4,MXL,GDL,Airbus,Narrow,A320,A320neo,32N,18,3348,3722976,2916
2026-06,Y4,Y4,MXL,HMO,Airbus,Narrow,A320,A320,320,9,1611,560628,639
2026-06,Y4,Y4,MXL,LMM,Airbus,Narrow,A320,A320,320,14,2506,1518636,1386
2026-06,Y4,Y4,MXL,MEX,Airbus,Narrow,A320,A320neo,32N,5,930,1257360,940
2026-06,Y4,Y4,MXL,MEX,Airbus,Narrow,A320,A321,321,30,6900,9328800,5640
2026-06,Y4,Y4,MXL,MLM,Airbus,Narrow,A320,A320,320,1,179,222497,175
2026-06,Y4,Y4,MXL,MLM,Airbus,Narrow,A320,A320neo,32N,9,1674,2080782,1575
2026-06,Y4,Y4,MXL,MTY,Airbus,Narrow,A320,A320,320,13,2327,2389829,1950
2026-06,Y4,Y4,MXL,PVR,Airbus,Narrow,A320,A320,320,9,1611,1656108,1377
2026-06,Y4,Y4,MXL,SJD,Airbus,Narrow,A320,A320,320,9,1611,1182474,1071
2026-06,Y4,Y4,MZT,GDL,Airbus,Narrow,A320,A320,320,9,1611,423693,684
2026-06,Y4,Y4,MZT,GDL,Airbus,Narrow,A320,A320neo,32N,4,744,195672,304
2026-06,Y4,Y4,MZT,MEX,Airbus,Narrow,A320,A321,321,31,7130,3778900,3162
2026-06,Y4,Y4,MZT,QRO,Airbus,Narrow,A320,A320neo,32N,18,3348,1396116,1422
2026-06,Y4,Y4,MZT,TIJ,Airbus,Narrow,A320,A320,320,12,2148,1971864,1644
2026-06,Y4,Y4,MZT,TIJ,Airbus,Narrow,A320,A320neo,32N,29,5394,4951692,3973
2026-06,Y4,Y4,MZT,TIJ,Airbus,Narrow,A320,A321neo,32Q,48,11472,10531296,6576
2026-06,Y4,Y4,NLU,BOG,Airbus,Narrow,A320,A320neo,32N,18,3348,6578820,4986
2026-06,Y4,Y4,NLU,CUN,Airbus,Narrow,A320,A320,320,31,5549,4466945,4185
2026-06,Y4,Y4,NLU,GDL,Airbus,Narrow,A320,A320,320,54,9666,2725812,3996
2026-06,Y4,Y4,NLU,LAP,Airbus,Narrow,A320,A320neo,32N,13,2418,1900548,1729
2026-06,Y4,Y4,NLU,MID,Airbus,Narrow,A320,A320neo,32N,26,4836,3027336,2782
2026-06,Y4,Y4,NLU,SJD,Airbus,Narrow,A320,A320neo,32N,18,3348,2440692,2268
2026-06,Y4,Y4,NLU,TIJ,Airbus,Narrow,A320,A321neo,32Q,27,6453,9208431,5400
2026-06,Y4,Y4,OAK,BJX,Airbus,Narrow,A320,A320neo,32N,18,3348,5668164,4068
2026-06,Y4,Y4,OAK,GDL,Airbus,Narrow,A320,A320neo,32N,40,7440,12201600,9280
2026-06,Y4,Y4,OAK,GDL,Airbus,Narrow,A320,A321,321,4,920,1508800,928
2026-06,Y4,Y4,OAK,GDL,Airbus,Narrow,A320,A321neo,32Q,31,7409,12150760,7192
2026-06,Y4,Y4,OAK,MEX,Airbus,Narrow,A320,A321neo,32Q,31,7409,13914102,7750
2026-06,Y4,Y4,OAK,MLM,Airbus,Narrow,A320,A320,320,9,1611,2853081,2205
2026-06,Y4,Y4,OAK,MLM,Airbus,Narrow,A320,A320neo,32N,22,4092,7246932,5390
2026-06,Y4,Y4,OAX,CUN,Airbus,Narrow,A320,A320neo,32N,40,7440,5230320,5200
2026-06,Y4,Y4,OAX,GDL,Airbus,Narrow,A320,A320neo,32N,67,12462,6168690,6298
2026-06,Y4,Y4,OAX,LAX,Airbus,Narrow,A320,A320neo,32N,18,3348,5962788,4464
2026-06,Y4,Y4,OAX,MEX,Airbus,Narrow,A320,A320neo,32N,31,5766,1314648,2201
2026-06,Y4,Y4,OAX,MID,Airbus,Narrow,A320,A320neo,32N,13,2418,1298466,1235
2026-06,Y4,Y4,OAX,MTY,Airbus,Narrow,A320,A320,320,10,1790,1150970,1170
2026-06,Y4,Y4,OAX,MTY,Airbus,Narrow,A320,A320neo,32N,8,1488,956784,936
2026-06,Y4,Y4,OAX,QRO,Airbus,Narrow,A320,A320neo,32N,18,3348,1155060,1206
2026-06,Y4,Y4,OAX,TIJ,Airbus,Narrow,A320,A320,320,44,7876,13050532,10032
2026-06,Y4,Y4,OAX,TIJ,Airbus,Narrow,A320,A320neo,32N,27,5022,8321454,6156
2026-06,Y4,Y4,ONT,BJX,Airbus,Narrow,A320,A320neo,32N,13,2418,3225612,2470
2026-06,Y4,Y4,ONT,GDL,Airbus,Narrow,A320,A321neo,32Q,62,14818,18937404,11346
2026-06,Y4,Y4,ONT,MLM,Airbus,Narrow,A320,A320,320,13,2327,3283397,2535
2026-06,Y4,Y4,ORD,BJX,Airbus,Narrow,A320,A320neo,32N,13,2418,3984864,3003
2026-06,Y4,Y4,ORD,BJX,Airbus,Narrow,A320,A321neo,32Q,4,956,1575488,924
2026-06,Y4,Y4,ORD,GDL,Airbus,Narrow,A320,A320neo,32N,12,2232,3861360,2928
2026-06,Y4,Y4,ORD,GDL,Airbus,Narrow,A320,A321,321,9,2070,3581100,2196
2026-06,Y4,Y4,ORD,GDL,Airbus,Narrow,A320,A321neo,32Q,50,11950,20673500,12200
2026-06,Y4,Y4,ORD,MEX,Airbus,Narrow,A320,A320neo,32N,18,3348,5644728,4500
2026-06,Y4,Y4,ORD,MEX,Airbus,Narrow,A320,A321,321,13,2990,5041140,3250
2026-06,Y4,Y4,ORD,MEX,Airbus,Narrow,A320,A321neo,32Q,31,7409,12491574,7750
2026-06,Y4,Y4,ORD,MLM,Airbus,Narrow,A320,A320,320,26,4654,7944378,6058
2026-06,Y4,Y4,ORD,MLM,Airbus,Narrow,A320,A320neo,32N,5,930,1587510,1165
2026-06,Y4,Y4,ORD,QRO,Airbus,Narrow,A320,A320neo,32N,13,2418,3972774,3042
2026-06,Y4,Y4,PBC,AGU,Airbus,Narrow,A320,A320neo,32N,13,2418,751998,949
2026-06,Y4,Y4,PBC,BJX,Airbus,Narrow,A320,A320neo,32N,18,3348,800172,1152
2026-06,Y4,Y4,PBC,CUN,Airbus,Narrow,A320,A320neo,32N,62,11532,8752788,8122
2026-06,Y4,Y4,PBC,EWR,Airbus,Narrow,A320,A320neo,32N,17,3162,6523206,4760
2026-06,Y4,Y4,PBC,GDL,Airbus,Narrow,A320,A320,320,33,5907,1984752,2574
2026-06,Y4,Y4,PBC,GDL,Airbus,Narrow,A320,A320neo,32N,25,4650,1562400,1950
2026-06,Y4,Y4,PBC,GDL,Airbus,Narrow,A320,A321neo,32Q,4,956,321216,312
2026-06,Y4,Y4,PBC,HUX,Airbus,Narrow,A320,A320neo,32N,18,3348,903960,1152
2026-06,Y4,Y4,PBC,IAH,Airbus,Narrow,A320,A320neo,32N,13,2418,1861860,1742
2026-06,Y4,Y4,PBC,LAX,Airbus,Narrow,A320,A320neo,32N,18,3348,5356800,4356
2026-06,Y4,Y4,PBC,PVR,Airbus,Narrow,A320,A320neo,32N,13,2418,1112280,1235
2026-06,Y4,Y4,PBC,SJD,Airbus,Narrow,A320,A320neo,32N,18,3348,2621484,2250
2026-06,Y4,Y4,PBC,SLP,Airbus,Narrow,A320,A320neo,32N,13,2418,650442,884
2026-06,Y4,Y4,PBC,TGZ,Airbus,Narrow,A320,A320neo,32N,13,2418,952692,1027
2026-06,Y4,Y4,PBC,TIJ,Airbus,Narrow,A320,A320neo,32N,67,12462,18406374,13936
2026-06,Y4,Y4,PBC,VSA,Airbus,Narrow,A320,A320neo,32N,18,3348,1222020,1350
2026-06,Y4,Y4,PBC,ZIH,Airbus,Narrow,A320,A320neo,32N,13,2418,556140,806
2026-06,Y4,Y4,PDX,GDL,Airbus,Narrow,A320,A320neo,32N,4,744,1522224,1112
2026-06,Y4,Y4,PDX,GDL,Airbus,Narrow,A320,A321neo,32Q,37,8843,18092778,10286
2026-06,Y4,Y4,PHX,CUL,Airbus,Narrow,A320,A320neo,32N,4,744,488808,448
2026-06,Y4,Y4,PHX,CUL,Airbus,Narrow,A320,A321neo,32Q,5,1195,785115,560
2026-06,Y4,Y4,PHX,GDL,Airbus,Narrow,A320,A320,320,12,2148,2227476,1980
2026-06,Y4,Y4,PHX,GDL,Airbus,Narrow,A320,A320neo,32N,1,186,192882,165
2026-06,Y4,Y4,PHX,GDL,Airbus,Narrow,A320,A321neo,32Q,31,7409,7683133,5115
2026-06,Y4,Y4,PVR,AGU,Airbus,Narrow,A320,A320neo,32N,13,2418,488436,741
2026-06,Y4,Y4,PVR,BJX,Airbus,Narrow,A320,A320neo,32N,8,1488,364560,512
2026-06,Y4,Y4,PVR,BJX,Airbus,Narrow,A320,A321neo,32Q,50,11950,2927750,3200
2026-06,Y4,Y4,PVR,GDL,Airbus,Narrow,A320,A320neo,32N,71,13206,1663956,3905
2026-06,Y4,Y4,PVR,MEX,Airbus,Narrow,A320,A320neo,32N,1,186,76260,94
2026-06,Y4,Y4,PVR,MEX,Airbus,Narrow,A320,A321,321,61,14030,5752300,5734
2026-06,Y4,Y4,PVR,MLM,Airbus,Narrow,A320,A320,320,4,716,200480,276
2026-06,Y4,Y4,PVR,MLM,Airbus,Narrow,A320,A320neo,32N,5,930,260400,345
2026-06,Y4,Y4,PVR,MTY,Airbus,Narrow,A320,A320,320,62,11098,5315942,6014
2026-06,Y4,Y4,PVR,MXL,Airbus,Narrow,A320,A320,320,9,1611,1656108,1386
2026-06,Y4,Y4,PVR,PBC,Airbus,Narrow,A320,A320neo,32N,13,2418,1112280,1196
2026-06,Y4,Y4,PVR,QRO,Airbus,Narrow,A320,A320neo,32N,31,5766,1816290,2325
2026-06,Y4,Y4,PVR,SLP,Airbus,Narrow,A320,A320neo,32N,17,3162,926466,1088
2026-06,Y4,Y4,PVR,TIJ,Airbus,Narrow,A320,A320,320,48,8592,9365280,7632
2026-06,Y4,Y4,PVR,TIJ,Airbus,Narrow,A320,A320neo,32N,14,2604,2838360,2226
2026-06,Y4,Y4,PVR,TIJ,Airbus,Narrow,A320,A321neo,32Q,31,7409,8075810,4929
2026-06,Y4,Y4,PVR,TLC,Airbus,Narrow,A320,A320,320,31,5549,2064228,2542
2026-06,Y4,Y4,PXM,GDL,Airbus,Narrow,A320,A320neo,32N,31,5766,2992554,3038
2026-06,Y4,Y4,PXM,MEX,Airbus,Narrow,A320,A321,321,15,3370,936860,1215
2026-06,Y4,Y4,PXM,MEX,Airbus,Narrow,A320,A321neo,32Q,16,3824,1063072,1296
2026-06,Y4,Y4,PXM,TIJ,Airbus,Narrow,A320,A320neo,32N,13,2418,4096092,2938
2026-06,Y4,Y4,QRO,ACA,Airbus,Narrow,A320,A320neo,32N,13,2418,645606,871
2026-06,Y4,Y4,QRO,CUN,Airbus,Narrow,A320,A320,320,31,5549,4855375,4371
2026-06,Y4,Y4,QRO,CUN,Airbus,Narrow,A320,A320neo,32N,18,3348,2929500,2538
2026-06,Y4,Y4,QRO,DEN,Airbus,Narrow,A320,A320neo,32N,9,1674,2261574,1845
2026-06,Y4,Y4,QRO,DFW,Airbus,Narrow,A320,A320neo,32N,13,2418,2106078,1872
2026-06,Y4,Y4,QRO,DGO,Airbus,Narrow,A320,A320neo,32N,18,3348,1201932,1296
2026-06,Y4,Y4,QRO,GDL,Airbus,Narrow,A320,A320neo,32N,18,3348,636120,1242
2026-06,Y4,Y4,QRO,IAH,Airbus,Narrow,A320,A320neo,32N,14,2604,1872276,1708
2026-06,Y4,Y4,QRO,LAX,Airbus,Narrow,A320,A320,320,13,2327,3341572,2756
2026-06,Y4,Y4,QRO,MCO,Airbus,Narrow,A320,A320neo,32N,9,1674,2197962,1818
2026-06,Y4,Y4,QRO,MTY,Airbus,Narrow,A320,A320,320,18,3222,1150254,1548
2026-06,Y4,Y4,QRO,MTY,Airbus,Narrow,A320,A320neo,32N,31,5766,2058462,2666
2026-06,Y4,Y4,QRO,MZT,Airbus,Narrow,A320,A320neo,32N,18,3348,1396116,1458
2026-06,Y4,Y4,QRO,OAX,Airbus,Narrow,A320,A320neo,32N,18,3348,1155060,1206
2026-06,Y4,Y4,QRO,ORD,Airbus,Narrow,A320,A320neo,32N,13,2418,3972774,3003
2026-06,Y4,Y4,QRO,PVR,Airbus,Narrow,A320,A320neo,32N,31,5766,1816290,2387
2026-06,Y4,Y4,QRO,SAT,Airbus,Narrow,A320,A320neo,32N,13,2418,1513668,1391
2026-06,Y4,Y4,QRO,TIJ,Airbus,Narrow,A320,A320,320,44,7876,10333312,8360
2026-06,Y4,Y4,QRO,TIJ,Airbus,Narrow,A320,A320neo,32N,18,3348,4392576,3420
2026-06,Y4,Y4,QRO,VER,Airbus,Narrow,A320,A320neo,32N,13,2418,703638,884
2026-06,Y4,Y4,QRO,ZIH,Airbus,Narrow,A320,A320neo,32N,13,2418,527124,767
2026-06,Y4,Y4,REX,GDL,Airbus,Narrow,A320,A320neo,32N,31,5766,2865702,3286
2026-06,Y4,Y4,RNO,GDL,Airbus,Narrow,A320,A320,320,4,716,1167796,904
2026-06,Y4,Y4,RNO,GDL,Airbus,Narrow,A320,A320neo,32N,19,3534,5763954,4294
2026-06,Y4,Y4,SAT,GDL,Airbus,Narrow,A320,A320,320,9,1611,1111590,1035
2026-06,Y4,Y4,SAT,GDL,Airbus,Narrow,A320,A320neo,32N,4,744,513360,460
2026-06,Y4,Y4,SAT,GDL,Airbus,Narrow,A320,A321neo,32Q,31,7409,5112210,3565
2026-06,Y4,Y4,SAT,MEX,Airbus,Narrow,A320,A320neo,32N,31,5766,4013136,3844
2026-06,Y4,Y4,SAT,QRO,Airbus,Narrow,A320,A320neo,32N,13,2418,1513668,1378
2026-06,Y4,Y4,SAT,SLP,Airbus,Narrow,A320,A320neo,32N,14,2604,1380120,1260
2026-06,Y4,Y4,SEA,GDL,Airbus,Narrow,A320,A320neo,32N,49,9114,19503960,14700
2026-06,Y4,Y4,SEA,GDL,Airbus,Narrow,A320,A321neo,32Q,9,2151,4603140,2700
2026-06,Y4,Y4,SJC,BJX,Airbus,Narrow,A320,A320,320,5,895,1490175,1085
2026-06,Y4,Y4,SJC,BJX,Airbus,Narrow,A320,A321neo,32Q,4,956,1591740,868
2026-06,Y4,Y4,SJC,GDL,Airbus,Narrow,A320,A320,320,17,3043,4902273,3791
2026-06,Y4,Y4,SJC,GDL,Airbus,Narrow,A320,A320neo,32N,4,744,1198584,892
2026-06,Y4,Y4,SJC,GDL,Airbus,Narrow,A320,A321neo,32Q,37,8843,14246073,8251
2026-06,Y4,Y4,SJC,MLM,Airbus,Narrow,A320,A320,320,14,2506,4367958,3262
2026-06,Y4,Y4,SJC,MLM,Airbus,Narrow,A320,A320neo,32N,4,744,1296792,932
2026-06,Y4,Y4,SJC,ZCL,Airbus,Narrow,A320,A320neo,32N,9,1674,2539458,1917
2026-06,Y4,Y4,SJD,BJX,Airbus,Narrow,A320,A320,320,13,2327,1277523,1248
2026-06,Y4,Y4,SJD,BJX,Airbus,Narrow,A320,A320neo,32N,11,2046,1123254,1056
2026-06,Y4,Y4,SJD,BJX,Airbus,Narrow,A320,A321neo,32Q,4,956,524844,384
2026-06,Y4,Y4,SJD,CUL,Airbus,Narrow,A320,A320,320,26,4654,837720,1430
2026-06,Y4,Y4,SJD,CUL,Airbus,Narrow,A320,A320neo,32N,14,2604,468720,770
2026-06,Y4,Y4,SJD,GDL,Airbus,Narrow,A320,A320neo,32N,50,9300,4185000,4500
2026-06,Y4,Y4,SJD,GDL,Airbus,Narrow,A320,A321neo,32Q,31,7409,3334050,2790
2026-06,Y4,Y4,SJD,MEX,Airbus,Narrow,A320,A320neo,32N,4,744,545352,512
2026-06,Y4,Y4,SJD,MEX,Airbus,Narrow,A320,A321,321,58,13340,9778220,7424
2026-06,Y4,Y4,SJD,MXL,Airbus,Narrow,A320,A320,320,9,1611,1182474,1071
2026-06,Y4,Y4,SJD,NLU,Airbus,Narrow,A320,A320neo,32N,18,3348,2440692,2160
2026-06,Y4,Y4,SJD,PBC,Airbus,Narrow,A320,A320neo,32N,18,3348,2621484,2322
2026-06,Y4,Y4,SJD,TIJ,Airbus,Narrow,A320,A321neo,32Q,93,22227,17403741,11439
2026-06,Y4,Y4,SJD,TLC,Airbus,Narrow,A320,A320,320,26,4654,3243838,2938
2026-06,Y4,Y4,SJD,TLC,Airbus,Narrow,A320,A320neo,32N,5,930,648210,565
2026-06,Y4,Y4,SJO,CUN,Airbus,Narrow,A320,A320,320,5,895,697205,685
2026-06,Y4,Y4,SJO,CUN,Airbus,Narrow,A320,A320neo,32N,8,1488,1159152,1096
2026-06,Y4,Y4,SLC,GDL,Airbus,Narrow,A320,A320neo,32N,14,2604,3869544,3290
2026-06,Y4,Y4,SLP,CUN,Airbus,Narrow,A320,A320,320,31,5549,5060688,4278
2026-06,Y4,Y4,SLP,CUN,Airbus,Narrow,A320,A320neo,32N,7,1302,1187424,966
2026-06,Y4,Y4,SLP,DFW,Airbus,Narrow,A320,A320,320,9,1611,1251747,1242
2026-06,Y4,Y4,SLP,DFW,Airbus,Narrow,A320,A320neo,32N,4,744,578088,552
2026-06,Y4,Y4,SLP,GDL,Airbus,Narrow,A320,A320neo,32N,14,2604,489552,910
2026-06,Y4,Y4,SLP,IAH,Airbus,Narrow,A320,A320,320,4,716,459672,460
2026-06,Y4,Y4,SLP,IAH,Airbus,Narrow,A320,A320neo,32N,9,1674,1074708,1035
2026-06,Y4,Y4,SLP,MDW,Airbus,Narrow,A320,A320neo,32N,17,3162,4913748,3672
2026-06,Y4,Y4,SLP,MTY,Airbus,Narrow,A320,A320neo,32N,31,5766,1464564,2108
2026-06,Y4,Y4,SLP,PBC,Airbus,Narrow,A320,A320neo,32N,13,2418,650442,832
2026-06,Y4,Y4,SLP,PVR,Airbus,Narrow,A320,A320neo,32N,17,3162,926466,1360
2026-06,Y4,Y4,SLP,SAT,Airbus,Narrow,A320,A320neo,32N,14,2604,1380120,1386
2026-06,Y4,Y4,SLP,TIJ,Airbus,Narrow,A320,A320,320,27,4833,5857596,4644
2026-06,Y4,Y4,SLP,TIJ,Airbus,Narrow,A320,A320neo,32N,4,744,901728,688
2026-06,Y4,Y4,SMF,BJX,Airbus,Narrow,A320,A320,320,4,716,1222928,908
2026-06,Y4,Y4,SMF,BJX,Airbus,Narrow,A320,A320neo,32N,9,1674,2859192,2043
2026-06,Y4,Y4,SMF,GDL,Airbus,Narrow,A320,A320,320,29,5191,8617060,6699
2026-06,Y4,Y4,SMF,GDL,Airbus,Narrow,A320,A320neo,32N,42,7812,12967920,9702
2026-06,Y4,Y4,SMF,MLM,Airbus,Narrow,A320,A320,320,13,2327,4158349,3068
2026-06,Y4,Y4,SMF,MLM,Airbus,Narrow,A320,A320neo,32N,4,744,1329528,944
2026-06,Y4,Y4,TAP,GDL,Airbus,Narrow,A320,A320,320,9,1611,1327464,1179
2026-06,Y4,Y4,TAP,GDL,Airbus,Narrow,A320,A320neo,32N,8,1488,1226112,1048
2026-06,Y4,Y4,TAP,MEX,Airbus,Narrow,A320,A321,321,21,4750,2603000,2184
2026-06,Y4,Y4,TAP,MEX,Airbus,Narrow,A320,A321neo,32Q,13,3107,1702636,1352
2026-06,Y4,Y4,TAP,TIJ,Airbus,Narrow,A320,A320,320,12,2148,4235856,3096
2026-06,Y4,Y4,TAP,TIJ,Airbus,Narrow,A320,A320neo,32N,15,2790,5501880,3870
2026-06,Y4,Y4,TGZ,CUN,Airbus,Narrow,A320,A320neo,32N,31,5766,2923362,3162
2026-06,Y4,Y4,TGZ,GDL,Airbus,Narrow,A320,A320neo,32N,31,5766,4197648,3782
2026-06,Y4,Y4,TGZ,MEX,Airbus,Narrow,A320,A320neo,32N,2,372,165168,188
2026-06,Y4,Y4,TGZ,MEX,Airbus,Narrow,A320,A321,321,25,5670,2517480,2350
2026-06,Y4,Y4,TGZ,MEX,Airbus,Narrow,A320,A321neo,32Q,13,3107,1379508,1222
2026-06,Y4,Y4,TGZ,PBC,Airbus,Narrow,A320,A320neo,32N,13,2418,952692,1053
2026-06,Y4,Y4,TGZ,TIJ,Airbus,Narrow,A320,A320neo,32N,22,4092,7602936,5566
2026-06,Y4,Y4,TIJ,ACA,Airbus,Narrow,A320,A320,320,16,2864,4379056,3424
2026-06,Y4,Y4,TIJ,ACA,Airbus,Narrow,A320,A320neo,32N,37,6882,10522578,7918
2026-06,Y4,Y4,TIJ,AGU,Airbus,Narrow,A320,A320neo,32N,41,7626,8914794,6806
2026-06,Y4,Y4,TIJ,AGU,Airbus,Narrow,A320,A321neo,32Q,31,7409,8661121,5146
2026-06,Y4,Y4,TIJ,BJX,Airbus,Narrow,A320,A320,320,22,3938,4890996,3784
2026-06,Y4,Y4,TIJ,BJX,Airbus,Narrow,A320,A320neo,32N,75,13950,17325900,12900
2026-06,Y4,Y4,TIJ,BJX,Airbus,Narrow,A320,A321neo,32Q,16,3824,4749408,2752
2026-06,Y4,Y4,TIJ,CEN,Airbus,Narrow,A320,A320,320,31,5549,3079695,2976
2026-06,Y4,Y4,TIJ,CEN,Airbus,Narrow,A320,A320neo,32N,22,4092,2271060,2112
2026-06,Y4,Y4,TIJ,CJS,Airbus,Narrow,A320,A321neo,32Q,44,10516,6530436,4708
2026-06,Y4,Y4,TIJ,CLQ,Airbus,Narrow,A320,A320,320,31,5549,6836368,5549
2026-06,Y4,Y4,TIJ,CLQ,Airbus,Narrow,A320,A320neo,32N,21,3906,4812192,3759
2026-06,Y4,Y4,TIJ,CUL,Airbus,Narrow,A320,A320,320,31,5549,4361514,3782
2026-06,Y4,Y4,TIJ,CUL,Airbus,Narrow,A320,A320neo,32N,40,7440,5847840,4880
2026-06,Y4,Y4,TIJ,CUL,Airbus,Narrow,A320,A321neo,32Q,62,14818,11646948,7564
2026-06,Y4,Y4,TIJ,CUN,Airbus,Narrow,A320,A320,320,13,2327,4684251,3419
2026-06,Y4,Y4,TIJ,CUN,Airbus,Narrow,A320,A320neo,32N,13,2418,4867434,3419
2026-06,Y4,Y4,TIJ,CUN,Airbus,Narrow,A320,A321neo,32Q,31,7409,14914317,8153
2026-06,Y4,Y4,TIJ,CUU,Airbus,Narrow,A320,A320,320,31,5549,3889849,3534
2026-06,Y4,Y4,TIJ,CUU,Airbus,Narrow,A320,A320neo,32N,40,7440,5215440,4560
2026-06,Y4,Y4,TIJ,DGO,Airbus,Narrow,A320,A320,320,18,3222,3070566,2538
2026-06,Y4,Y4,TIJ,DGO,Airbus,Narrow,A320,A320neo,32N,13,2418,2304354,1833
2026-06,Y4,Y4,TIJ,DGO,Airbus,Narrow,A320,A321neo,32Q,31,7409,7060777,4371
2026-06,Y4,Y4,TIJ,GDL,Airbus,Narrow,A320,A320,320,32,5728,6764768,5536
2026-06,Y4,Y4,TIJ,GDL,Airbus,Narrow,A320,A320neo,32N,2,372,439332,346
2026-06,Y4,Y4,TIJ,GDL,Airbus,Narrow,A320,A321,321,93,20460,24163260,16089
2026-06,Y4,Y4,TIJ,GDL,Airbus,Narrow,A320,A321neo,32Q,151,36089,42621109,26123
2026-06,Y4,Y4,TIJ,HMO,Airbus,Narrow,A320,A320neo,32N,31,5766,2450550,2573
2026-06,Y4,Y4,TIJ,HMO,Airbus,Narrow,A320,A321neo,32Q,62,14818,6297650,5146
2026-06,Y4,Y4,TIJ,LAP,Airbus,Narrow,A320,A320,320,62,11098,7846286,7192
2026-06,Y4,Y4,TIJ,LAP,Airbus,Narrow,A320,A321neo,32Q,31,7409,5238163,3596
2026-06,Y4,Y4,TIJ,LMM,Airbus,Narrow,A320,A320,320,31,5549,3723379,3410
2026-06,Y4,Y4,TIJ,LMM,Airbus,Narrow,A320,A320neo,32N,40,7440,4992240,4400
2026-06,Y4,Y4,TIJ,LTO,Airbus,Narrow,A320,A320,320,13,2327,1314755,1313
2026-06,Y4,Y4,TIJ,LTO,Airbus,Narrow,A320,A320neo,32N,18,3348,1891620,1818
2026-06,Y4,Y4,TIJ,MEX,Airbus,Narrow,A320,A320neo,32N,46,8556,12226524,9338
2026-06,Y4,Y4,TIJ,MEX,Airbus,Narrow,A320,A321,321,77,17560,25093240,15631
2026-06,Y4,Y4,TIJ,MEX,Airbus,Narrow,A320,A321neo,32Q,33,7887,11270523,6699
2026-06,Y4,Y4,TIJ,MID,Airbus,Narrow,A320,A320neo,32N,18,3348,6230628,4644
2026-06,Y4,Y4,TIJ,MLM,Airbus,Narrow,A320,A320,320,61,10914,14373738,11346
2026-06,Y4,Y4,TIJ,MLM,Airbus,Narrow,A320,A320neo,32N,17,3162,4164354,3162
2026-06,Y4,Y4,TIJ,MLM,Airbus,Narrow,A320,A321neo,32Q,13,3107,4091919,2418
2026-06,Y4,Y4,TIJ,MTY,Airbus,Narrow,A320,A320,320,29,5191,5808729,4756
2026-06,Y4,Y4,TIJ,MTY,Airbus,Narrow,A320,A320neo,32N,33,6138,6868422,5412
2026-06,Y4,Y4,TIJ,MZT,Airbus,Narrow,A320,A320,320,12,2148,1971864,1680
2026-06,Y4,Y4,TIJ,MZT,Airbus,Narrow,A320,A320neo,32N,29,5394,4951692,4060
2026-06,Y4,Y4,TIJ,MZT,Airbus,Narrow,A320,A321neo,32Q,48,11472,10531296,6720
2026-06,Y4,Y4,TIJ,NLU,Airbus,Narrow,A320,A321neo,32Q,27,6453,9208431,5400
2026-06,Y4,Y4,TIJ,OAX,Airbus,Narrow,A320,A320,320,44,7876,13050532,10032
2026-06,Y4,Y4,TIJ,OAX,Airbus,Narrow,A320,A320neo,32N,27,5022,8321454,6156
2026-06,Y4,Y4,TIJ,PBC,Airbus,Narrow,A320,A320neo,32N,67,12462,18406374,14070
2026-06,Y4,Y4,TIJ,PVR,Airbus,Narrow,A320,A320,320,48,8592,9365280,7824
2026-06,Y4,Y4,TIJ,PVR,Airbus,Narrow,A320,A320neo,32N,14,2604,2838360,2282
2026-06,Y4,Y4,TIJ,PVR,Airbus,Narrow,A320,A321neo,32Q,31,7409,8075810,5053
2026-06,Y4,Y4,TIJ,PXM,Airbus,Narrow,A320,A320neo,32N,13,2418,4096092,3068
2026-06,Y4,Y4,TIJ,QRO,Airbus,Narrow,A320,A320,320,44,7876,10333312,8184
2026-06,Y4,Y4,TIJ,QRO,Airbus,Narrow,A320,A320neo,32N,18,3348,4392576,3348
2026-06,Y4,Y4,TIJ,SJD,Airbus,Narrow,A320,A321neo,32Q,93,22227,17403741,11811
2026-06,Y4,Y4,TIJ,SLP,Airbus,Narrow,A320,A320,320,26,4654,5640648,4420
2026-06,Y4,Y4,TIJ,SLP,Airbus,Narrow,A320,A320neo,32N,4,744,901728,680
2026-06,Y4,Y4,TIJ,TAP,Airbus,Narrow,A320,A320,320,11,1969,3882868,2860
2026-06,Y4,Y4,TIJ,TAP,Airbus,Narrow,A320,A320neo,32N,15,2790,5501880,3900
2026-06,Y4,Y4,TIJ,TGZ,Airbus,Narrow,A320,A320neo,32N,22,4092,7602936,5544
2026-06,Y4,Y4,TIJ,TLC,Airbus,Narrow,A320,A320,320,31,5549,7779698,5952
2026-06,Y4,Y4,TIJ,TPQ,Airbus,Narrow,A320,A320,320,23,4117,4372254,3680
2026-06,Y4,Y4,TIJ,TPQ,Airbus,Narrow,A320,A320neo,32N,4,744,790128,640
2026-06,Y4,Y4,TIJ,TPQ,Airbus,Narrow,A320,A321neo,32Q,17,4063,4314906,2720
2026-06,Y4,Y4,TIJ,TRC,Airbus,Narrow,A320,A320,320,17,3043,2890850,2363
2026-06,Y4,Y4,TIJ,UPN,Airbus,Narrow,A320,A320,320,31,5549,7174857,5797
2026-06,Y4,Y4,TIJ,UPN,Airbus,Narrow,A320,A320neo,32N,22,4092,5290956,4114
2026-06,Y4,Y4,TIJ,VER,Airbus,Narrow,A320,A320neo,32N,4,744,1178496,864
2026-06,Y4,Y4,TIJ,VER,Airbus,Narrow,A320,A321neo,32Q,18,4302,6814368,3888
2026-06,Y4,Y4,TIJ,ZCL,Airbus,Narrow,A320,A320,320,44,7876,8639972,6952
2026-06,Y4,Y4,TIJ,ZCL,Airbus,Narrow,A320,A320neo,32N,1,186,204042,158
2026-06,Y4,Y4,TIJ,ZIH,Airbus,Narrow,A320,A320neo,32N,17,3162,4458420,3332
2026-06,Y4,Y4,TLC,CUN,Airbus,Narrow,A320,A320,320,62,11098,9322320,8866
2026-06,Y4,Y4,TLC,GDL,Airbus,Narrow,A320,A320,320,1,179,44392,69
2026-06,Y4,Y4,TLC,GDL,Airbus,Narrow,A320,A320neo,32N,70,13020,3228960,4830
2026-06,Y4,Y4,TLC,MTY,Airbus,Narrow,A320,A320,320,49,8771,3868011,4802
2026-06,Y4,Y4,TLC,PVR,Airbus,Narrow,A320,A320,320,31,5549,2064228,2542
2026-06,Y4,Y4,TLC,SJD,Airbus,Narrow,A320,A320,320,26,4654,3243838,3120
2026-06,Y4,Y4,TLC,SJD,Airbus,Narrow,A320,A320neo,32N,5,930,648210,600
2026-06,Y4,Y4,TLC,TIJ,Airbus,Narrow,A320,A320,320,31,5549,7779698,6169
2026-06,Y4,Y4,TPQ,LAX,Airbus,Narrow,A320,A320,320,12,2148,2553972,2136
2026-06,Y4,Y4,TPQ,LAX,Airbus,Narrow,A320,A320neo,32N,2,372,442308,356
2026-06,Y4,Y4,TPQ,TIJ,Airbus,Narrow,A320,A320,320,23,4117,4372254,3588
2026-06,Y4,Y4,TPQ,TIJ,Airbus,Narrow,A320,A320neo,32N,4,744,790128,624
2026-06,Y4,Y4,TPQ,TIJ,Airbus,Narrow,A320,A321neo,32Q,17,4063,4314906,2652
2026-06,Y4,Y4,TQO,GDL,Airbus,Narrow,A320,A320neo,32N,18,3348,3398220,2916
2026-06,Y4,Y4,TRC,GDL,Airbus,Narrow,A320,A320,320,6,1074,372678,468
2026-06,Y4,Y4,TRC,GDL,Airbus,Narrow,A320,A320neo,32N,20,3720,1290840,1560
2026-06,Y4,Y4,TRC,GDL,Airbus,Narrow,A320,A321neo,32Q,5,1195,414665,390
2026-06,Y4,Y4,TRC,TIJ,Airbus,Narrow,A320,A320,320,17,3043,2890850,2516
2026-06,Y4,Y4,UPN,LAX,Airbus,Narrow,A320,A320,320,9,1611,2286009,1890
2026-06,Y4,Y4,UPN,TIJ,Airbus,Narrow,A320,A320,320,31,5549,7174857,5673
2026-06,Y4,Y4,UPN,TIJ,Airbus,Narrow,A320,A320neo,32N,22,4092,5290956,4026
2026-06,Y4,Y4,VER,GDL,Airbus,Narrow,A320,A320,320,4,716,339384,372
2026-06,Y4,Y4,VER,GDL,Airbus,Narrow,A320,A320neo,32N,4,744,352656,372
2026-06,Y4,Y4,VER,GDL,Airbus,Narrow,A320,A321,321,14,3220,1526280,1302
2026-06,Y4,Y4,VER,GDL,Airbus,Narrow,A320,A321neo,32Q,31,7409,3511866,2883
2026-06,Y4,Y4,VER,QRO,Airbus,Narrow,A320,A320neo,32N,13,2418,703638,819
2026-06,Y4,Y4,VER,TIJ,Airbus,Narrow,A320,A320neo,32N,4,744,1178496,872
2026-06,Y4,Y4,VER,TIJ,Airbus,Narrow,A320,A321neo,32Q,18,4302,6814368,3924
2026-06,Y4,Y4,VSA,GDL,Airbus,Narrow,A320,A320,320,28,5012,3508400,3388
2026-06,Y4,Y4,VSA,GDL,Airbus,Narrow,A320,A320neo,32N,3,558,390600,363
2026-06,Y4,Y4,VSA,MEX,Airbus,Narrow,A320,A321neo,32Q,31,7409,3074735,2883
2026-06,Y4,Y4,VSA,PBC,Airbus,Narrow,A320,A320neo,32N,18,3348,1222020,1422
2026-06,Y4,Y4,ZCL,GDL,Airbus,Narrow,A320,A320neo,32N,13,2418,406224,884
2026-06,Y4,Y4,ZCL,LAX,Airbus,Narrow,A320,A320neo,32N,27,5022,6126840,5022
2026-06,Y4,Y4,ZCL,MDW,Airbus,Narrow,A320,A320neo,32N,17,3162,4939044,3825
2026-06,Y4,Y4,ZCL,SJC,Airbus,Narrow,A320,A320neo,32N,9,1674,2539458,1935
2026-06,Y4,Y4,ZCL,TIJ,Airbus,Narrow,A320,A320,320,44,7876,8639972,7084
2026-06,Y4,Y4,ZCL,TIJ,Airbus,Narrow,A320,A320neo,32N,1,186,204042,161
2026-06,Y4,Y4,ZIH,GDL,Airbus,Narrow,A320,A320,320,16,2864,667312,912
2026-06,Y4,Y4,ZIH,GDL,Airbus,Narrow,A320,A320neo,32N,2,372,86676,114
2026-06,Y4,Y4,ZIH,MEX,Airbus,Narrow,A320,A321,321,15,3370,680740,1005
2026-06,Y4,Y4,ZIH,MEX,Airbus,Narrow,A320,A321neo,32Q,16,3824,772448,1072
2026-06,Y4,Y4,ZIH,MLM,Airbus,Narrow,A320,A320,320,4,716,112412,200
2026-06,Y4,Y4,ZIH,MLM,Airbus,Narrow,A320,A320neo,32N,5,930,146010,250
2026-06,Y4,Y4,ZIH,PBC,Airbus,Narrow,A320,A320neo,32N,13,2418,556140,780
2026-06,Y4,Y4,ZIH,QRO,Airbus,Narrow,A320,A320neo,32N,13,2418,527124,780
2026-06,Y4,Y4,ZIH,TIJ,Airbus,Narrow,A320,A320neo,32N,17,3162,4458420,3332